n,instance,origin,destruction,fragments,method,baseline_cost,cost,improvement_pct
50,0,raw,longest,4,original_order,5.743530750274658,5.7435302417725325,8.853476160386788e-06
50,0,raw,longest,4,exact_fixed_orientation,5.743530750274658,5.7435302417725325,8.853476160386788e-06
50,0,raw,longest,4,exact_reversible,5.743530750274658,5.7435302417725325,8.853476160386788e-06
50,0,raw,longest,4,greedy_pair,5.743530750274658,5.7435302417725325,8.853476160386788e-06
50,0,raw,longest,4,random_mean,5.743530750274658,7.155526014044881,-24.584098617434936
50,0,raw,longest,4,random_best,5.743530750274658,6.720064340159297,-17.00232195741166
50,0,raw,longest,4,model_route,5.743530750274658,6.9793841522186995,-21.51731148797179
50,0,raw,longest,4,model_learned,5.743530750274658,5.7435302417725325,8.853476160386788e-06
50,0,raw,longest,8,original_order,5.743530750274658,5.7435302417725325,8.853476160386788e-06
50,0,raw,longest,8,exact_fixed_orientation,5.743530750274658,5.7435302417725325,8.853476160386788e-06
50,0,raw,longest,8,exact_reversible,5.743530750274658,5.7435302417725325,8.853476160386788e-06
50,0,raw,longest,8,greedy_pair,5.743530750274658,5.7435302417725325,8.853476160386788e-06
50,0,raw,longest,8,random_mean,5.743530750274658,8.86167510971427,-54.28967816165171
50,0,raw,longest,8,random_best,5.743530750274658,7.777919230982661,-35.42052039350042
50,0,raw,longest,8,model_route,5.743530750274658,7.123603222891688,-24.0282943127106
50,0,raw,longest,8,model_learned,5.743530750274658,5.7435302417725325,8.853476160386788e-06
50,0,raw,longest,12,original_order,5.743530750274658,5.7435302417725325,8.853476160386788e-06
50,0,raw,longest,12,exact_fixed_orientation,5.743530750274658,5.7435302417725325,8.853476160386788e-06
50,0,raw,longest,12,exact_reversible,5.743530750274658,5.7435302417725325,8.853476160386788e-06
50,0,raw,longest,12,greedy_pair,5.743530750274658,7.081554612144828,-23.29619044533164
50,0,raw,longest,12,random_mean,5.743530750274658,10.261428612284362,-78.66063678328275
50,0,raw,longest,12,random_best,5.743530750274658,9.391337065026164,-63.511565853061136
50,0,raw,longest,12,model_route,5.743530750274658,6.252507774159312,-8.86174456122333
50,0,raw,longest,12,model_learned,5.743530750274658,5.87767974846065,-2.3356538689999558
50,0,two_opt,longest,4,original_order,5.741904258728027,5.741903962567449,5.1578808245982315e-06
50,0,two_opt,longest,4,exact_fixed_orientation,5.741904258728027,5.741903962567449,5.1578808245982315e-06
50,0,two_opt,longest,4,exact_reversible,5.741904258728027,5.741903962567449,5.1578808245982315e-06
50,0,two_opt,longest,4,greedy_pair,5.741904258728027,5.741903962567449,5.1578808245982315e-06
50,0,two_opt,longest,4,random_mean,5.741904258728027,7.153899734839797,-24.59106617748728
50,0,two_opt,longest,4,random_best,5.741904258728027,6.718438060954213,-17.007141850925116
50,0,two_opt,longest,4,model_route,5.741904258728027,6.977757873013616,-21.52341032867309
50,0,two_opt,longest,4,model_learned,5.741904258728027,5.741903962567449,5.1578808245982315e-06
50,0,two_opt,longest,8,original_order,5.741904258728027,5.741903962567449,5.1578808245982315e-06
50,0,two_opt,longest,8,exact_fixed_orientation,5.741904258728027,5.741903962567449,5.1578808245982315e-06
50,0,two_opt,longest,8,exact_reversible,5.741904258728027,5.741903962567449,5.1578808245982315e-06
50,0,two_opt,longest,8,greedy_pair,5.741904258728027,5.741903962567449,5.1578808245982315e-06
50,0,two_opt,longest,8,random_mean,5.741904258728027,8.860048830509186,-54.30506032979212
50,0,two_opt,longest,8,random_best,5.741904258728027,7.776292951777577,-35.430557553396355
50,0,two_opt,longest,8,model_route,5.741904258728027,7.1219769436866045,-24.03510443178823
50,0,two_opt,longest,8,model_learned,5.741904258728027,5.741903962567449,5.1578808245982315e-06
50,0,two_opt,longest,12,original_order,5.741904258728027,5.741903962567449,5.1578808245982315e-06
50,0,two_opt,longest,12,exact_fixed_orientation,5.741904258728027,5.741903962567449,5.1578808245982315e-06
50,0,two_opt,longest,12,exact_reversible,5.741904258728027,5.741903962567449,5.1578808245982315e-06
50,0,two_opt,longest,12,greedy_pair,5.741904258728027,7.079928332939744,-23.302793183600066
50,0,two_opt,longest,12,random_mean,5.741904258728027,9.91559663694352,-72.688296254178
50,0,two_opt,longest,12,random_best,5.741904258728027,8.871359007433057,-54.50203639233582
50,0,two_opt,longest,12,model_route,5.741904258728027,6.1538023967295885,-7.1735459081445345
50,0,two_opt,longest,12,model_learned,5.741904258728027,6.6499946136027575,-15.815142746317655
50,1,raw,longest,4,original_order,5.46506929397583,5.465068988036364,5.5980894166963834e-06
50,1,raw,longest,4,exact_fixed_orientation,5.46506929397583,5.465068988036364,5.5980894166963834e-06
50,1,raw,longest,4,exact_reversible,5.46506929397583,5.465068988036364,5.5980894166963834e-06
50,1,raw,longest,4,greedy_pair,5.46506929397583,5.465068988036364,5.5980894166963834e-06
50,1,raw,longest,4,random_mean,5.46506929397583,6.757094934117049,-23.641523476480426
50,1,raw,longest,4,random_best,5.46506929397583,5.993264667224139,-9.66493460257752
50,1,raw,longest,4,model_route,5.46506929397583,5.465068988036364,5.5980894166963834e-06
50,1,raw,longest,4,model_learned,5.46506929397583,5.465068988036364,5.5980894166963834e-06
50,1,raw,longest,8,original_order,5.46506929397583,5.465068988036364,5.5980894166963834e-06
50,1,raw,longest,8,exact_fixed_orientation,5.46506929397583,5.465068988036364,5.5980894166963834e-06
50,1,raw,longest,8,exact_reversible,5.46506929397583,5.465068988036364,5.5980894166963834e-06
50,1,raw,longest,8,greedy_pair,5.46506929397583,6.667341671418399,-21.99921561411561
50,1,raw,longest,8,random_mean,5.46506929397583,8.373434775974602,-53.21735783304112
50,1,raw,longest,8,random_best,5.46506929397583,7.166003919672221,-31.12375221978134
50,1,raw,longest,8,model_route,5.46506929397583,6.336146465968341,-15.938995923669307
50,1,raw,longest,8,model_learned,5.46506929397583,6.88787718815729,-26.034581039069852
50,1,raw,longest,12,original_order,5.46506929397583,5.465068988036364,5.5980894166963834e-06
50,1,raw,longest,12,exact_fixed_orientation,5.46506929397583,5.465068988036364,5.5980894166963834e-06
50,1,raw,longest,12,exact_reversible,5.46506929397583,5.465068988036364,5.5980894166963834e-06
50,1,raw,longest,12,greedy_pair,5.46506929397583,6.944683365058154,-27.07402214850796
50,1,raw,longest,12,random_mean,5.46506929397583,9.408247233834118,-72.15238687284112
50,1,raw,longest,12,random_best,5.46506929397583,8.807733751367778,-61.16417336330175
50,1,raw,longest,12,model_route,5.46506929397583,6.336146465968341,-15.938995923669307
50,1,raw,longest,12,model_learned,5.46506929397583,6.877926758956164,-25.85250779048187
50,1,two_opt,longest,4,original_order,5.46506929397583,5.465068988036364,5.5980894166963834e-06
50,1,two_opt,longest,4,exact_fixed_orientation,5.46506929397583,5.465068988036364,5.5980894166963834e-06
50,1,two_opt,longest,4,exact_reversible,5.46506929397583,5.465068988036364,5.5980894166963834e-06
50,1,two_opt,longest,4,greedy_pair,5.46506929397583,5.465068988036364,5.5980894166963834e-06
50,1,two_opt,longest,4,random_mean,5.46506929397583,6.757094934117049,-23.641523476480426
50,1,two_opt,longest,4,random_best,5.46506929397583,5.993264667224139,-9.66493460257752
50,1,two_opt,longest,4,model_route,5.46506929397583,5.465068988036364,5.5980894166963834e-06
50,1,two_opt,longest,4,model_learned,5.46506929397583,5.465068988036364,5.5980894166963834e-06
50,1,two_opt,longest,8,original_order,5.46506929397583,5.465068988036364,5.5980894166963834e-06
50,1,two_opt,longest,8,exact_fixed_orientation,5.46506929397583,5.465068988036364,5.5980894166963834e-06
50,1,two_opt,longest,8,exact_reversible,5.46506929397583,5.465068988036364,5.5980894166963834e-06
50,1,two_opt,longest,8,greedy_pair,5.46506929397583,6.667341671418399,-21.99921561411561
50,1,two_opt,longest,8,random_mean,5.46506929397583,8.373434775974602,-53.21735783304112
50,1,two_opt,longest,8,random_best,5.46506929397583,7.166003919672221,-31.12375221978134
50,1,two_opt,longest,8,model_route,5.46506929397583,6.336146465968341,-15.938995923669307
50,1,two_opt,longest,8,model_learned,5.46506929397583,6.88787718815729,-26.034581039069852
50,1,two_opt,longest,12,original_order,5.46506929397583,5.465068988036364,5.5980894166963834e-06
50,1,two_opt,longest,12,exact_fixed_orientation,5.46506929397583,5.465068988036364,5.5980894166963834e-06
50,1,two_opt,longest,12,exact_reversible,5.46506929397583,5.465068988036364,5.5980894166963834e-06
50,1,two_opt,longest,12,greedy_pair,5.46506929397583,6.944683365058154,-27.07402214850796
50,1,two_opt,longest,12,random_mean,5.46506929397583,9.408247233834118,-72.15238687284112
50,1,two_opt,longest,12,random_best,5.46506929397583,8.807733751367778,-61.16417336330175
50,1,two_opt,longest,12,model_route,5.46506929397583,6.336146465968341,-15.938995923669307
50,1,two_opt,longest,12,model_learned,5.46506929397583,6.877926758956164,-25.85250779048187
50,2,raw,longest,4,original_order,5.552214622497559,5.552214992232621,-6.659235769168207e-06
50,2,raw,longest,4,exact_fixed_orientation,5.552214622497559,5.552214992232621,-6.659235769168207e-06
50,2,raw,longest,4,exact_reversible,5.552214622497559,5.552214992232621,-6.659235769168207e-06
50,2,raw,longest,4,greedy_pair,5.552214622497559,5.552214992232621,-6.659235769168207e-06
50,2,raw,longest,4,random_mean,5.552214622497559,6.697860796935856,-20.634039790107224
50,2,raw,longest,4,random_best,5.552214622497559,6.545788270421326,-17.89508719453693
50,2,raw,longest,4,model_route,5.552214622497559,5.552214992232621,-6.659235769168207e-06
50,2,raw,longest,4,model_learned,5.552214622497559,5.552214992232621,-6.659235769168207e-06
50,2,raw,longest,8,original_order,5.552214622497559,5.552214992232621,-6.659235769168207e-06
50,2,raw,longest,8,exact_fixed_orientation,5.552214622497559,5.552214992232621,-6.659235769168207e-06
50,2,raw,longest,8,exact_reversible,5.552214622497559,5.552214992232621,-6.659235769168207e-06
50,2,raw,longest,8,greedy_pair,5.552214622497559,5.975716953165829,-7.627628963625439
50,2,raw,longest,8,random_mean,5.552214622497559,8.515882313251495,-53.37811832318519
50,2,raw,longest,8,random_best,5.552214622497559,7.5819392474368215,-36.55702747359268
50,2,raw,longest,8,model_route,5.552214622497559,5.975716953165829,-7.627628963625439
50,2,raw,longest,8,model_learned,5.552214622497559,6.232159470207989,-12.246371834318074
50,2,raw,longest,12,original_order,5.552214622497559,5.552214992232621,-6.659235769168207e-06
50,2,raw,longest,12,exact_fixed_orientation,5.552214622497559,5.552214992232621,-6.659235769168207e-06
50,2,raw,longest,12,exact_reversible,5.552214622497559,5.5368080558255315,0.27748507072474726
50,2,raw,longest,12,greedy_pair,5.552214622497559,6.899020587094128,-24.25709480212302
50,2,raw,longest,12,random_mean,5.552214622497559,10.096634911373258,-81.84878643670798
50,2,raw,longest,12,random_best,5.552214622497559,8.89848901052028,-60.26918293942792
50,2,raw,longest,12,model_route,5.552214622497559,5.552214992232621,-6.659235769168207e-06
50,2,raw,longest,12,model_learned,5.552214622497559,5.552214992232621,-6.659235769168207e-06
50,2,two_opt,longest,4,original_order,5.536808013916016,5.5368080558255315,-7.569255743085664e-07
50,2,two_opt,longest,4,exact_fixed_orientation,5.536808013916016,5.5368080558255315,-7.569255743085664e-07
50,2,two_opt,longest,4,exact_reversible,5.536808013916016,5.5368080558255315,-7.569255743085664e-07
50,2,two_opt,longest,4,greedy_pair,5.536808013916016,5.5368080558255315,-7.569255743085664e-07
50,2,two_opt,longest,4,random_mean,5.536808013916016,6.682453860528767,-20.69144972578652
50,2,two_opt,longest,4,random_best,5.536808013916016,6.530381334014237,-17.944875776819597
50,2,two_opt,longest,4,model_route,5.536808013916016,5.5368080558255315,-7.569255743085664e-07
50,2,two_opt,longest,4,model_learned,5.536808013916016,5.5368080558255315,-7.569255743085664e-07
50,2,two_opt,longest,8,original_order,5.536808013916016,5.5368080558255315,-7.569255743085664e-07
50,2,two_opt,longest,8,exact_fixed_orientation,5.536808013916016,5.5368080558255315,-7.569255743085664e-07
50,2,two_opt,longest,8,exact_reversible,5.536808013916016,5.5368080558255315,-7.569255743085664e-07
50,2,two_opt,longest,8,greedy_pair,5.536808013916016,5.96031001675874,-7.648847526920014
50,2,two_opt,longest,8,random_mean,5.536808013916016,8.520763635635376,-53.89306644224602
50,2,two_opt,longest,8,random_best,5.536808013916016,7.566532311029732,-36.65874438868532
50,2,two_opt,longest,8,model_route,5.536808013916016,5.96031001675874,-7.648847526920014
50,2,two_opt,longest,8,model_learned,5.536808013916016,6.2167525338009,-12.280442416929322
50,2,two_opt,longest,12,original_order,5.536808013916016,5.5368080558255315,-7.569255743085664e-07
50,2,two_opt,longest,12,exact_fixed_orientation,5.536808013916016,5.5368080558255315,-7.569255743085664e-07
50,2,two_opt,longest,12,exact_reversible,5.536808013916016,5.5368080558255315,-7.569255743085664e-07
50,2,two_opt,longest,12,greedy_pair,5.536808013916016,6.883613650687039,-24.32458617647587
50,2,two_opt,longest,12,random_mean,5.536808013916016,10.100797904655337,-82.42998274941722
50,2,two_opt,longest,12,random_best,5.536808013916016,8.8970438959077,-60.689044545994506
50,2,two_opt,longest,12,model_route,5.536808013916016,5.5368080558255315,-7.569255743085664e-07
50,2,two_opt,longest,12,model_learned,5.536808013916016,5.760367137379944,-4.037689638182202
50,3,raw,longest,4,original_order,5.57831335067749,5.578312977217138,6.694861492057449e-06
50,3,raw,longest,4,exact_fixed_orientation,5.57831335067749,5.578312977217138,6.694861492057449e-06
50,3,raw,longest,4,exact_reversible,5.57831335067749,5.578312977217138,6.694861492057449e-06
50,3,raw,longest,4,greedy_pair,5.57831335067749,5.578312977217138,6.694861492057449e-06
50,3,raw,longest,4,random_mean,5.57831335067749,6.922417060472071,-24.095163274242
50,3,raw,longest,4,random_best,5.57831335067749,5.578312977217138,6.694861492057449e-06
50,3,raw,longest,4,model_route,5.57831335067749,5.578312977217138,6.694861492057449e-06
50,3,raw,longest,4,model_learned,5.57831335067749,5.578312977217138,6.694861492057449e-06
50,3,raw,longest,8,original_order,5.57831335067749,5.578312977217138,6.694861492057449e-06
50,3,raw,longest,8,exact_fixed_orientation,5.57831335067749,5.578312977217138,6.694861492057449e-06
50,3,raw,longest,8,exact_reversible,5.57831335067749,5.578312977217138,6.694861492057449e-06
50,3,raw,longest,8,greedy_pair,5.57831335067749,5.578312977217138,6.694861492057449e-06
50,3,raw,longest,8,random_mean,5.57831335067749,8.430983888916671,-51.13858542730881
50,3,raw,longest,8,random_best,5.57831335067749,7.877473919652402,-41.21605267469741
50,3,raw,longest,8,model_route,5.57831335067749,5.578312977217138,6.694861492057449e-06
50,3,raw,longest,8,model_learned,5.57831335067749,5.578312977217138,6.694861492057449e-06
50,3,raw,longest,12,original_order,5.57831335067749,5.578312977217138,6.694861492057449e-06
50,3,raw,longest,12,exact_fixed_orientation,5.57831335067749,5.578312977217138,6.694861492057449e-06
50,3,raw,longest,12,exact_reversible,5.57831335067749,5.578312977217138,6.694861492057449e-06
50,3,raw,longest,12,greedy_pair,5.57831335067749,6.672938077710569,-19.622861933708613
50,3,raw,longest,12,random_mean,5.57831335067749,10.26403443980962,-83.99888630428131
50,3,raw,longest,12,random_best,5.57831335067749,9.546492456458509,-71.13582289706046
50,3,raw,longest,12,model_route,5.57831335067749,5.578312977217138,6.694861492057449e-06
50,3,raw,longest,12,model_learned,5.57831335067749,6.33586314227432,-13.58026600468446
50,3,two_opt,longest,4,original_order,5.566641807556152,5.566641747020185,1.0874773237220807e-06
50,3,two_opt,longest,4,exact_fixed_orientation,5.566641807556152,5.566641747020185,1.0874773237220807e-06
50,3,two_opt,longest,4,exact_reversible,5.566641807556152,5.566641747020185,1.0874773237220807e-06
50,3,two_opt,longest,4,greedy_pair,5.566641807556152,5.566641747020185,1.0874773237220807e-06
50,3,two_opt,longest,4,random_mean,5.566641807556152,7.18554709572345,-29.082260798059576
50,3,two_opt,longest,4,random_best,5.566641807556152,5.566641747020185,1.0874773237220807e-06
50,3,two_opt,longest,4,model_route,5.566641807556152,5.566641747020185,1.0874773237220807e-06
50,3,two_opt,longest,4,model_learned,5.566641807556152,5.566641747020185,1.0874773237220807e-06
50,3,two_opt,longest,8,original_order,5.566641807556152,5.566641747020185,1.0874773237220807e-06
50,3,two_opt,longest,8,exact_fixed_orientation,5.566641807556152,5.566641747020185,1.0874773237220807e-06
50,3,two_opt,longest,8,exact_reversible,5.566641807556152,5.566641747020185,1.0874773237220807e-06
50,3,two_opt,longest,8,greedy_pair,5.566641807556152,5.566641747020185,1.0874773237220807e-06
50,3,two_opt,longest,8,random_mean,5.566641807556152,8.348052815534174,-49.96569034139287
50,3,two_opt,longest,8,random_best,5.566641807556152,7.7620004108175635,-39.4377558168272
50,3,two_opt,longest,8,model_route,5.566641807556152,5.566641747020185,1.0874773237220807e-06
50,3,two_opt,longest,8,model_learned,5.566641807556152,5.566641747020185,1.0874773237220807e-06
50,3,two_opt,longest,12,original_order,5.566641807556152,5.566641747020185,1.0874773237220807e-06
50,3,two_opt,longest,12,exact_fixed_orientation,5.566641807556152,5.566641747020185,1.0874773237220807e-06
50,3,two_opt,longest,12,exact_reversible,5.566641807556152,5.566641747020185,1.0874773237220807e-06
50,3,two_opt,longest,12,greedy_pair,5.566641807556152,6.661266847513616,-19.664010687226565
50,3,two_opt,longest,12,random_mean,5.566641807556152,10.322428082115948,-85.43366789119246
50,3,two_opt,longest,12,random_best,5.566641807556152,9.570491208694875,-71.9257595432834
50,3,two_opt,longest,12,model_route,5.566641807556152,5.566641747020185,1.0874773237220807e-06
50,3,two_opt,longest,12,model_learned,5.566641807556152,5.566641747020185,1.0874773237220807e-06
50,4,raw,longest,4,original_order,5.533407211303711,5.53340700827539,3.6691375406354627e-06
50,4,raw,longest,4,exact_fixed_orientation,5.533407211303711,5.53340700827539,3.6691375406354627e-06
50,4,raw,longest,4,exact_reversible,5.533407211303711,5.53340700827539,3.6691375406354627e-06
50,4,raw,longest,4,greedy_pair,5.533407211303711,5.53340700827539,3.6691375406354627e-06
50,4,raw,longest,4,random_mean,5.533407211303711,6.675295880064368,-20.6362666826326
50,4,raw,longest,4,random_best,5.533407211303711,5.53340700827539,3.6691375406354627e-06
50,4,raw,longest,4,model_route,5.533407211303711,5.53340700827539,3.6691375406354627e-06
50,4,raw,longest,4,model_learned,5.533407211303711,6.953129967674613,-25.657297613497075
50,4,raw,longest,8,original_order,5.533407211303711,5.53340700827539,3.6691375406354627e-06
50,4,raw,longest,8,exact_fixed_orientation,5.533407211303711,5.53340700827539,3.6691375406354627e-06
50,4,raw,longest,8,exact_reversible,5.533407211303711,5.53340700827539,3.6691375406354627e-06
50,4,raw,longest,8,greedy_pair,5.533407211303711,5.81915501318872,-5.164047954057669
50,4,raw,longest,8,random_mean,5.533407211303711,8.51004341430962,-53.79391194859474
50,4,raw,longest,8,random_best,5.533407211303711,7.682116037234664,-38.83156875824257
50,4,raw,longest,8,model_route,5.533407211303711,5.53340700827539,3.6691375406354627e-06
50,4,raw,longest,8,model_learned,5.533407211303711,5.53340700827539,3.6691375406354627e-06
50,4,raw,longest,12,original_order,5.533407211303711,5.53340700827539,3.6691375406354627e-06
50,4,raw,longest,12,exact_fixed_orientation,5.533407211303711,5.53340700827539,3.6691375406354627e-06
50,4,raw,longest,12,exact_reversible,5.533407211303711,5.53340700827539,3.6691375406354627e-06
50,4,raw,longest,12,greedy_pair,5.533407211303711,5.81915501318872,-5.164047954057669
50,4,raw,longest,12,random_mean,5.533407211303711,10.054567223414779,-81.70662016117642
50,4,raw,longest,12,random_best,5.533407211303711,9.451157039031386,-70.8017624245049
50,4,raw,longest,12,model_route,5.533407211303711,5.53340700827539,3.6691375406354627e-06
50,4,raw,longest,12,model_learned,5.533407211303711,5.53340700827539,3.6691375406354627e-06
50,4,two_opt,longest,4,original_order,5.533407211303711,5.53340700827539,3.6691375406354627e-06
50,4,two_opt,longest,4,exact_fixed_orientation,5.533407211303711,5.53340700827539,3.6691375406354627e-06
50,4,two_opt,longest,4,exact_reversible,5.533407211303711,5.53340700827539,3.6691375406354627e-06
50,4,two_opt,longest,4,greedy_pair,5.533407211303711,5.53340700827539,3.6691375406354627e-06
50,4,two_opt,longest,4,random_mean,5.533407211303711,6.675295880064368,-20.6362666826326
50,4,two_opt,longest,4,random_best,5.533407211303711,5.53340700827539,3.6691375406354627e-06
50,4,two_opt,longest,4,model_route,5.533407211303711,5.53340700827539,3.6691375406354627e-06
50,4,two_opt,longest,4,model_learned,5.533407211303711,6.953129967674613,-25.657297613497075
50,4,two_opt,longest,8,original_order,5.533407211303711,5.53340700827539,3.6691375406354627e-06
50,4,two_opt,longest,8,exact_fixed_orientation,5.533407211303711,5.53340700827539,3.6691375406354627e-06
50,4,two_opt,longest,8,exact_reversible,5.533407211303711,5.53340700827539,3.6691375406354627e-06
50,4,two_opt,longest,8,greedy_pair,5.533407211303711,5.81915501318872,-5.164047954057669
50,4,two_opt,longest,8,random_mean,5.533407211303711,8.51004341430962,-53.79391194859474
50,4,two_opt,longest,8,random_best,5.533407211303711,7.682116037234664,-38.83156875824257
50,4,two_opt,longest,8,model_route,5.533407211303711,5.53340700827539,3.6691375406354627e-06
50,4,two_opt,longest,8,model_learned,5.533407211303711,5.53340700827539,3.6691375406354627e-06
50,4,two_opt,longest,12,original_order,5.533407211303711,5.53340700827539,3.6691375406354627e-06
50,4,two_opt,longest,12,exact_fixed_orientation,5.533407211303711,5.53340700827539,3.6691375406354627e-06
50,4,two_opt,longest,12,exact_reversible,5.533407211303711,5.53340700827539,3.6691375406354627e-06
50,4,two_opt,longest,12,greedy_pair,5.533407211303711,5.81915501318872,-5.164047954057669
50,4,two_opt,longest,12,random_mean,5.533407211303711,10.054567223414779,-81.70662016117642
50,4,two_opt,longest,12,random_best,5.533407211303711,9.451157039031386,-70.8017624245049
50,4,two_opt,longest,12,model_route,5.533407211303711,5.53340700827539,3.6691375406354627e-06
50,4,two_opt,longest,12,model_learned,5.533407211303711,5.53340700827539,3.6691375406354627e-06
50,5,raw,longest,4,original_order,5.503448963165283,5.503449220210314,-4.670617140529161e-06
50,5,raw,longest,4,exact_fixed_orientation,5.503448963165283,5.503449220210314,-4.670617140529161e-06
50,5,raw,longest,4,exact_reversible,5.503448963165283,5.503449220210314,-4.670617140529161e-06
50,5,raw,longest,4,greedy_pair,5.503448963165283,5.503449220210314,-4.670617140529161e-06
50,5,raw,longest,4,random_mean,5.503448963165283,6.658174334093928,-20.98184935768915
50,5,raw,longest,4,random_best,5.503448963165283,5.503449220210314,-4.670617140529161e-06
50,5,raw,longest,4,model_route,5.503448963165283,5.503449220210314,-4.670617140529161e-06
50,5,raw,longest,4,model_learned,5.503448963165283,5.503449220210314,-4.670617140529161e-06
50,5,raw,longest,8,original_order,5.503448963165283,5.503449220210314,-4.670617140529161e-06
50,5,raw,longest,8,exact_fixed_orientation,5.503448963165283,5.503449220210314,-4.670617140529161e-06
50,5,raw,longest,8,exact_reversible,5.503448963165283,5.503449220210314,-4.670617140529161e-06
50,5,raw,longest,8,greedy_pair,5.503448963165283,5.503449220210314,-4.670617140529161e-06
50,5,raw,longest,8,random_mean,5.503448963165283,8.013283336535096,-45.60475422172887
50,5,raw,longest,8,random_best,5.503448963165283,7.50134913995862,-36.30269291430394
50,5,raw,longest,8,model_route,5.503448963165283,5.503449220210314,-4.670617140529161e-06
50,5,raw,longest,8,model_learned,5.503448963165283,5.503449220210314,-4.670617140529161e-06
50,5,raw,longest,12,original_order,5.503448963165283,5.503449220210314,-4.670617140529161e-06
50,5,raw,longest,12,exact_fixed_orientation,5.503448963165283,5.503449220210314,-4.670617140529161e-06
50,5,raw,longest,12,exact_reversible,5.503448963165283,5.503449220210314,-4.670617140529161e-06
50,5,raw,longest,12,greedy_pair,5.503448963165283,5.503449220210314,-4.670617140529161e-06
50,5,raw,longest,12,random_mean,5.503448963165283,9.448625037446618,-71.6855212192662
50,5,raw,longest,12,random_best,5.503448963165283,8.621478278189898,-56.65591406213921
50,5,raw,longest,12,model_route,5.503448963165283,5.503449220210314,-4.670617140529161e-06
50,5,raw,longest,12,model_learned,5.503448963165283,5.503449220210314,-4.670617140529161e-06
50,5,two_opt,longest,4,original_order,5.503448963165283,5.503449220210314,-4.670617140529161e-06
50,5,two_opt,longest,4,exact_fixed_orientation,5.503448963165283,5.503449220210314,-4.670617140529161e-06
50,5,two_opt,longest,4,exact_reversible,5.503448963165283,5.503449220210314,-4.670617140529161e-06
50,5,two_opt,longest,4,greedy_pair,5.503448963165283,5.503449220210314,-4.670617140529161e-06
50,5,two_opt,longest,4,random_mean,5.503448963165283,6.658174334093928,-20.98184935768915
50,5,two_opt,longest,4,random_best,5.503448963165283,5.503449220210314,-4.670617140529161e-06
50,5,two_opt,longest,4,model_route,5.503448963165283,5.503449220210314,-4.670617140529161e-06
50,5,two_opt,longest,4,model_learned,5.503448963165283,5.503449220210314,-4.670617140529161e-06
50,5,two_opt,longest,8,original_order,5.503448963165283,5.503449220210314,-4.670617140529161e-06
50,5,two_opt,longest,8,exact_fixed_orientation,5.503448963165283,5.503449220210314,-4.670617140529161e-06
50,5,two_opt,longest,8,exact_reversible,5.503448963165283,5.503449220210314,-4.670617140529161e-06
50,5,two_opt,longest,8,greedy_pair,5.503448963165283,5.503449220210314,-4.670617140529161e-06
50,5,two_opt,longest,8,random_mean,5.503448963165283,8.013283336535096,-45.60475422172887
50,5,two_opt,longest,8,random_best,5.503448963165283,7.50134913995862,-36.30269291430394
50,5,two_opt,longest,8,model_route,5.503448963165283,5.503449220210314,-4.670617140529161e-06
50,5,two_opt,longest,8,model_learned,5.503448963165283,5.503449220210314,-4.670617140529161e-06
50,5,two_opt,longest,12,original_order,5.503448963165283,5.503449220210314,-4.670617140529161e-06
50,5,two_opt,longest,12,exact_fixed_orientation,5.503448963165283,5.503449220210314,-4.670617140529161e-06
50,5,two_opt,longest,12,exact_reversible,5.503448963165283,5.503449220210314,-4.670617140529161e-06
50,5,two_opt,longest,12,greedy_pair,5.503448963165283,5.503449220210314,-4.670617140529161e-06
50,5,two_opt,longest,12,random_mean,5.503448963165283,9.448625037446618,-71.6855212192662
50,5,two_opt,longest,12,random_best,5.503448963165283,8.621478278189898,-56.65591406213921
50,5,two_opt,longest,12,model_route,5.503448963165283,5.503449220210314,-4.670617140529161e-06
50,5,two_opt,longest,12,model_learned,5.503448963165283,5.503449220210314,-4.670617140529161e-06
50,6,raw,longest,4,original_order,6.003438949584961,6.003438780084252,2.823393558316026e-06
50,6,raw,longest,4,exact_fixed_orientation,6.003438949584961,6.003438780084252,2.823393558316026e-06
50,6,raw,longest,4,exact_reversible,6.003438949584961,6.003438780084252,2.823393558316026e-06
50,6,raw,longest,4,greedy_pair,6.003438949584961,6.003438780084252,2.823393558316026e-06
50,6,raw,longest,4,random_mean,6.003438949584961,7.177640130743384,-19.558809392733146
50,6,raw,longest,4,random_best,6.003438949584961,6.003438780084252,2.823393558316026e-06
50,6,raw,longest,4,model_route,6.003438949584961,6.003438780084252,2.823393558316026e-06
50,6,raw,longest,4,model_learned,6.003438949584961,6.003438780084252,2.823393558316026e-06
50,6,raw,longest,8,original_order,6.003438949584961,6.003438780084252,2.823393558316026e-06
50,6,raw,longest,8,exact_fixed_orientation,6.003438949584961,6.003438780084252,2.823393558316026e-06
50,6,raw,longest,8,exact_reversible,6.003438949584961,6.003438780084252,2.823393558316026e-06
50,6,raw,longest,8,greedy_pair,6.003438949584961,7.428397158160806,-23.735699164132537
50,6,raw,longest,8,random_mean,6.003438949584961,8.979196792468429,-49.567553994851444
50,6,raw,longest,8,random_best,6.003438949584961,7.809457117691636,-30.08306044707145
50,6,raw,longest,8,model_route,6.003438949584961,6.003438780084252,2.823393558316026e-06
50,6,raw,longest,8,model_learned,6.003438949584961,6.003438780084252,2.823393558316026e-06
50,6,raw,longest,12,original_order,6.003438949584961,6.003438780084252,2.823393558316026e-06
50,6,raw,longest,12,exact_fixed_orientation,6.003438949584961,6.003438780084252,2.823393558316026e-06
50,6,raw,longest,12,exact_reversible,6.003438949584961,6.003438780084252,2.823393558316026e-06
50,6,raw,longest,12,greedy_pair,6.003438949584961,7.428397158160806,-23.735699164132537
50,6,raw,longest,12,random_mean,6.003438949584961,10.201581561937928,-69.92896317606761
50,6,raw,longest,12,random_best,6.003438949584961,9.256816172972322,-54.191893191689374
50,6,raw,longest,12,model_route,6.003438949584961,6.511377239599824,-8.460788795894702
50,6,raw,longest,12,model_learned,6.003438949584961,6.336440647020936,-5.546849068216088
50,6,two_opt,longest,4,original_order,6.003438949584961,6.003438780084252,2.823393558316026e-06
50,6,two_opt,longest,4,exact_fixed_orientation,6.003438949584961,6.003438780084252,2.823393558316026e-06
50,6,two_opt,longest,4,exact_reversible,6.003438949584961,6.003438780084252,2.823393558316026e-06
50,6,two_opt,longest,4,greedy_pair,6.003438949584961,6.003438780084252,2.823393558316026e-06
50,6,two_opt,longest,4,random_mean,6.003438949584961,7.177640130743384,-19.558809392733146
50,6,two_opt,longest,4,random_best,6.003438949584961,6.003438780084252,2.823393558316026e-06
50,6,two_opt,longest,4,model_route,6.003438949584961,6.003438780084252,2.823393558316026e-06
50,6,two_opt,longest,4,model_learned,6.003438949584961,6.003438780084252,2.823393558316026e-06
50,6,two_opt,longest,8,original_order,6.003438949584961,6.003438780084252,2.823393558316026e-06
50,6,two_opt,longest,8,exact_fixed_orientation,6.003438949584961,6.003438780084252,2.823393558316026e-06
50,6,two_opt,longest,8,exact_reversible,6.003438949584961,6.003438780084252,2.823393558316026e-06
50,6,two_opt,longest,8,greedy_pair,6.003438949584961,7.428397158160806,-23.735699164132537
50,6,two_opt,longest,8,random_mean,6.003438949584961,8.979196792468429,-49.567553994851444
50,6,two_opt,longest,8,random_best,6.003438949584961,7.809457117691636,-30.08306044707145
50,6,two_opt,longest,8,model_route,6.003438949584961,6.003438780084252,2.823393558316026e-06
50,6,two_opt,longest,8,model_learned,6.003438949584961,6.003438780084252,2.823393558316026e-06
50,6,two_opt,longest,12,original_order,6.003438949584961,6.003438780084252,2.823393558316026e-06
50,6,two_opt,longest,12,exact_fixed_orientation,6.003438949584961,6.003438780084252,2.823393558316026e-06
50,6,two_opt,longest,12,exact_reversible,6.003438949584961,6.003438780084252,2.823393558316026e-06
50,6,two_opt,longest,12,greedy_pair,6.003438949584961,7.428397158160806,-23.735699164132537
50,6,two_opt,longest,12,random_mean,6.003438949584961,10.201581561937928,-69.92896317606761
50,6,two_opt,longest,12,random_best,6.003438949584961,9.256816172972322,-54.191893191689374
50,6,two_opt,longest,12,model_route,6.003438949584961,6.511377239599824,-8.460788795894702
50,6,two_opt,longest,12,model_learned,6.003438949584961,6.336440647020936,-5.546849068216088
50,7,raw,longest,4,original_order,5.534050941467285,5.534051411785185,-8.498618916871005e-06
50,7,raw,longest,4,exact_fixed_orientation,5.534050941467285,5.534051411785185,-8.498618916871005e-06
50,7,raw,longest,4,exact_reversible,5.534050941467285,5.534051411785185,-8.498618916871005e-06
50,7,raw,longest,4,greedy_pair,5.534050941467285,5.534051411785185,-8.498618916871005e-06
50,7,raw,longest,4,random_mean,5.534050941467285,7.144168590195477,-29.094738479246615
50,7,raw,longest,4,random_best,5.534050941467285,6.390966870822012,-15.48442431083814
50,7,raw,longest,4,model_route,5.534050941467285,5.534051411785185,-8.498618916871005e-06
50,7,raw,longest,4,model_learned,5.534050941467285,5.534051411785185,-8.498618916871005e-06
50,7,raw,longest,8,original_order,5.534050941467285,5.534051411785185,-8.498618916871005e-06
50,7,raw,longest,8,exact_fixed_orientation,5.534050941467285,5.534051411785185,-8.498618916871005e-06
50,7,raw,longest,8,exact_reversible,5.534050941467285,5.534051411785185,-8.498618916871005e-06
50,7,raw,longest,8,greedy_pair,5.534050941467285,6.587113537825644,-19.028783932356653
50,7,raw,longest,8,random_mean,5.534050941467285,8.251765587367117,-49.10895607294977
50,7,raw,longest,8,random_best,5.534050941467285,7.8014310086146,-40.971434689145575
50,7,raw,longest,8,model_route,5.534050941467285,5.534051411785185,-8.498618916871005e-06
50,7,raw,longest,8,model_learned,5.534050941467285,5.534051411785185,-8.498618916871005e-06
50,7,raw,longest,12,original_order,5.534050941467285,5.534051411785185,-8.498618916871005e-06
50,7,raw,longest,12,exact_fixed_orientation,5.534050941467285,5.534051411785185,-8.498618916871005e-06
50,7,raw,longest,12,exact_reversible,5.534050941467285,5.534051411785185,-8.498618916871005e-06
50,7,raw,longest,12,greedy_pair,5.534050941467285,6.887635835446417,-24.45920553127843
50,7,raw,longest,12,random_mean,5.534050941467285,9.787898001261055,-76.86678537631812
50,7,raw,longest,12,random_best,5.534050941467285,8.789810770191252,-58.83140330943073
50,7,raw,longest,12,model_route,5.534050941467285,5.534051411785185,-8.498618916871005e-06
50,7,raw,longest,12,model_learned,5.534050941467285,5.534051411785185,-8.498618916871005e-06
50,7,two_opt,longest,4,original_order,5.531352996826172,5.531352804042399,3.4852914477890166e-06
50,7,two_opt,longest,4,exact_fixed_orientation,5.531352996826172,5.531352804042399,3.4852914477890166e-06
50,7,two_opt,longest,4,exact_reversible,5.531352996826172,5.531352804042399,3.4852914477890166e-06
50,7,two_opt,longest,4,greedy_pair,5.531352996826172,5.531352804042399,3.4852914477890166e-06
50,7,two_opt,longest,4,random_mean,5.531352996826172,6.7067535584792495,-21.249783955706846
50,7,two_opt,longest,4,random_best,5.531352996826172,5.870626301504672,-6.133640446978721
50,7,two_opt,longest,4,model_route,5.531352996826172,5.531352804042399,3.4852914477890166e-06
50,7,two_opt,longest,4,model_learned,5.531352996826172,5.531352804042399,3.4852914477890166e-06
50,7,two_opt,longest,8,original_order,5.531352996826172,5.531352804042399,3.4852914477890166e-06
50,7,two_opt,longest,8,exact_fixed_orientation,5.531352996826172,5.531352804042399,3.4852914477890166e-06
50,7,two_opt,longest,8,exact_reversible,5.531352996826172,5.531352804042399,3.4852914477890166e-06
50,7,two_opt,longest,8,greedy_pair,5.531352996826172,6.584414930082858,-19.0380533272948
50,7,two_opt,longest,8,random_mean,5.531352996826172,8.144438155926764,-47.241337889661914
50,7,two_opt,longest,8,random_best,5.531352996826172,7.695279718376696,-39.121110563584736
50,7,two_opt,longest,8,model_route,5.531352996826172,5.531352804042399,3.4852914477890166e-06
50,7,two_opt,longest,8,model_learned,5.531352996826172,5.531352804042399,3.4852914477890166e-06
50,7,two_opt,longest,12,original_order,5.531352996826172,5.531352804042399,3.4852914477890166e-06
50,7,two_opt,longest,12,exact_fixed_orientation,5.531352996826172,5.531352804042399,3.4852914477890166e-06
50,7,two_opt,longest,12,exact_reversible,5.531352996826172,5.531352804042399,3.4852914477890166e-06
50,7,two_opt,longest,12,greedy_pair,5.531352996826172,6.99450293276459,-26.451935661635712
50,7,two_opt,longest,12,random_mean,5.531352996826172,9.687163225375116,-75.13189324444673
50,7,two_opt,longest,12,random_best,5.531352996826172,8.673660979606211,-56.809029989282195
50,7,two_opt,longest,12,model_route,5.531352996826172,5.531352804042399,3.4852914477890166e-06
50,7,two_opt,longest,12,model_learned,5.531352996826172,5.531352804042399,3.4852914477890166e-06
50,8,raw,longest,4,original_order,5.643372058868408,5.643372589722276,-9.406678524705812e-06
50,8,raw,longest,4,exact_fixed_orientation,5.643372058868408,5.643372589722276,-9.406678524705812e-06
50,8,raw,longest,4,exact_reversible,5.643372058868408,5.643372589722276,-9.406678524705812e-06
50,8,raw,longest,4,greedy_pair,5.643372058868408,5.643372589722276,-9.406678524705812e-06
50,8,raw,longest,4,random_mean,5.643372058868408,7.595138652250171,-34.58511281946427
50,8,raw,longest,4,random_best,5.643372058868408,6.790364334359765,-20.324590750469646
50,8,raw,longest,4,model_route,5.643372058868408,5.643372589722276,-9.406678524705812e-06
50,8,raw,longest,4,model_learned,5.643372058868408,5.643372589722276,-9.406678524705812e-06
50,8,raw,longest,8,original_order,5.643372058868408,5.643372589722276,-9.406678524705812e-06
50,8,raw,longest,8,exact_fixed_orientation,5.643372058868408,5.643372589722276,-9.406678524705812e-06
50,8,raw,longest,8,exact_reversible,5.643372058868408,5.643372589722276,-9.406678524705812e-06
50,8,raw,longest,8,greedy_pair,5.643372058868408,5.643372589722276,-9.406678524705812e-06
50,8,raw,longest,8,random_mean,5.643372058868408,8.561772540211678,-51.71377061267972
50,8,raw,longest,8,random_best,5.643372058868408,7.82765550352633,-38.70528864432
50,8,raw,longest,8,model_route,5.643372058868408,5.643372589722276,-9.406678524705812e-06
50,8,raw,longest,8,model_learned,5.643372058868408,5.643372589722276,-9.406678524705812e-06
50,8,raw,longest,12,original_order,5.643372058868408,5.643372589722276,-9.406678524705812e-06
50,8,raw,longest,12,exact_fixed_orientation,5.643372058868408,5.643372589722276,-9.406678524705812e-06
50,8,raw,longest,12,exact_reversible,5.643372058868408,5.643372589722276,-9.406678524705812e-06
50,8,raw,longest,12,greedy_pair,5.643372058868408,6.431128026917577,-13.958958577101631
50,8,raw,longest,12,random_mean,5.643372058868408,9.835833156481385,-74.28999991281164
50,8,raw,longest,12,random_best,5.643372058868408,8.70515369810164,-54.25447068338731
50,8,raw,longest,12,model_route,5.643372058868408,5.643372589722276,-9.406678524705812e-06
50,8,raw,longest,12,model_learned,5.643372058868408,6.984166959300637,-23.758754277510477
50,8,two_opt,longest,4,original_order,5.643372058868408,5.643372589722276,-9.406678524705812e-06
50,8,two_opt,longest,4,exact_fixed_orientation,5.643372058868408,5.643372589722276,-9.406678524705812e-06
50,8,two_opt,longest,4,exact_reversible,5.643372058868408,5.643372589722276,-9.406678524705812e-06
50,8,two_opt,longest,4,greedy_pair,5.643372058868408,5.643372589722276,-9.406678524705812e-06
50,8,two_opt,longest,4,random_mean,5.643372058868408,7.595138652250171,-34.58511281946427
50,8,two_opt,longest,4,random_best,5.643372058868408,6.790364334359765,-20.324590750469646
50,8,two_opt,longest,4,model_route,5.643372058868408,5.643372589722276,-9.406678524705812e-06
50,8,two_opt,longest,4,model_learned,5.643372058868408,5.643372589722276,-9.406678524705812e-06
50,8,two_opt,longest,8,original_order,5.643372058868408,5.643372589722276,-9.406678524705812e-06
50,8,two_opt,longest,8,exact_fixed_orientation,5.643372058868408,5.643372589722276,-9.406678524705812e-06
50,8,two_opt,longest,8,exact_reversible,5.643372058868408,5.643372589722276,-9.406678524705812e-06
50,8,two_opt,longest,8,greedy_pair,5.643372058868408,5.643372589722276,-9.406678524705812e-06
50,8,two_opt,longest,8,random_mean,5.643372058868408,8.561772540211678,-51.71377061267972
50,8,two_opt,longest,8,random_best,5.643372058868408,7.82765550352633,-38.70528864432
50,8,two_opt,longest,8,model_route,5.643372058868408,5.643372589722276,-9.406678524705812e-06
50,8,two_opt,longest,8,model_learned,5.643372058868408,5.643372589722276,-9.406678524705812e-06
50,8,two_opt,longest,12,original_order,5.643372058868408,5.643372589722276,-9.406678524705812e-06
50,8,two_opt,longest,12,exact_fixed_orientation,5.643372058868408,5.643372589722276,-9.406678524705812e-06
50,8,two_opt,longest,12,exact_reversible,5.643372058868408,5.643372589722276,-9.406678524705812e-06
50,8,two_opt,longest,12,greedy_pair,5.643372058868408,6.431128026917577,-13.958958577101631
50,8,two_opt,longest,12,random_mean,5.643372058868408,9.835833156481385,-74.28999991281164
50,8,two_opt,longest,12,random_best,5.643372058868408,8.70515369810164,-54.25447068338731
50,8,two_opt,longest,12,model_route,5.643372058868408,5.643372589722276,-9.406678524705812e-06
50,8,two_opt,longest,12,model_learned,5.643372058868408,6.984166959300637,-23.758754277510477
50,9,raw,longest,4,original_order,6.254759311676025,6.254759838571772,-8.423917217807698e-06
50,9,raw,longest,4,exact_fixed_orientation,6.254759311676025,6.254759838571772,-8.423917217807698e-06
50,9,raw,longest,4,exact_reversible,6.254759311676025,6.254759838571772,-8.423917217807698e-06
50,9,raw,longest,4,greedy_pair,6.254759311676025,6.254759838571772,-8.423917217807698e-06
50,9,raw,longest,4,random_mean,6.254759311676025,8.287737471750006,-32.50289993219937
50,9,raw,longest,4,random_best,6.254759311676025,7.8223495536949486,-25.062359139745567
50,9,raw,longest,4,model_route,6.254759311676025,6.254759838571772,-8.423917217807698e-06
50,9,raw,longest,4,model_learned,6.254759311676025,6.254759838571772,-8.423917217807698e-06
50,9,raw,longest,8,original_order,6.254759311676025,6.254759838571772,-8.423917217807698e-06
50,9,raw,longest,8,exact_fixed_orientation,6.254759311676025,6.254759838571772,-8.423917217807698e-06
50,9,raw,longest,8,exact_reversible,6.254759311676025,6.254759838571772,-8.423917217807698e-06
50,9,raw,longest,8,greedy_pair,6.254759311676025,6.254759838571772,-8.423917217807698e-06
50,9,raw,longest,8,random_mean,6.254759311676025,9.53664258099161,-52.470176801034604
50,9,raw,longest,8,random_best,6.254759311676025,8.841278603067622,-41.35281890964582
50,9,raw,longest,8,model_route,6.254759311676025,6.254759838571772,-8.423917217807698e-06
50,9,raw,longest,8,model_learned,6.254759311676025,6.254759838571772,-8.423917217807698e-06
50,9,raw,longest,12,original_order,6.254759311676025,6.254759838571772,-8.423917217807698e-06
50,9,raw,longest,12,exact_fixed_orientation,6.254759311676025,6.254759838571772,-8.423917217807698e-06
50,9,raw,longest,12,exact_reversible,6.254759311676025,6.254759838571772,-8.423917217807698e-06
50,9,raw,longest,12,greedy_pair,6.254759311676025,7.579263983061537,-21.175949471197118
50,9,raw,longest,12,random_mean,6.254759311676025,10.808036347618327,-72.79699839836371
50,9,raw,longest,12,random_best,6.254759311676025,9.95673387288116,-59.18652304165406
50,9,raw,longest,12,model_route,6.254759311676025,6.254759838571772,-8.423917217807698e-06
50,9,raw,longest,12,model_learned,6.254759311676025,6.254759838571772,-8.423917217807698e-06
50,9,two_opt,longest,4,original_order,6.24640417098999,6.246404034784064,2.1805493658270035e-06
50,9,two_opt,longest,4,exact_fixed_orientation,6.24640417098999,6.246404034784064,2.1805493658270035e-06
50,9,two_opt,longest,4,exact_reversible,6.24640417098999,6.246404034784064,2.1805493658270035e-06
50,9,two_opt,longest,4,greedy_pair,6.24640417098999,6.246404034784064,2.1805493658270035e-06
50,9,two_opt,longest,4,random_mean,6.24640417098999,8.279381667962298,-32.546364937671036
50,9,two_opt,longest,4,random_best,6.24640417098999,7.81399374990724,-25.09587173685566
50,9,two_opt,longest,4,model_route,6.24640417098999,6.246404034784064,2.1805493658270035e-06
50,9,two_opt,longest,4,model_learned,6.24640417098999,6.246404034784064,2.1805493658270035e-06
50,9,two_opt,longest,8,original_order,6.24640417098999,6.246404034784064,2.1805493658270035e-06
50,9,two_opt,longest,8,exact_fixed_orientation,6.24640417098999,6.246404034784064,2.1805493658270035e-06
50,9,two_opt,longest,8,exact_reversible,6.24640417098999,6.246404034784064,2.1805493658270035e-06
50,9,two_opt,longest,8,greedy_pair,6.24640417098999,6.379758504917845,-2.1348976191324427
50,9,two_opt,longest,8,random_mean,6.24640417098999,9.510003084084019,-52.24764238361448
50,9,two_opt,longest,8,random_best,6.24640417098999,8.243131531169638,-31.966028862701453
50,9,two_opt,longest,8,model_route,6.24640417098999,6.246404034784064,2.1805493658270035e-06
50,9,two_opt,longest,8,model_learned,6.24640417098999,6.246404034784064,2.1805493658270035e-06
50,9,two_opt,longest,12,original_order,6.24640417098999,6.246404034784064,2.1805493658270035e-06
50,9,two_opt,longest,12,exact_fixed_orientation,6.24640417098999,6.246404034784064,2.1805493658270035e-06
50,9,two_opt,longest,12,exact_reversible,6.24640417098999,6.246404034784064,2.1805493658270035e-06
50,9,two_opt,longest,12,greedy_pair,6.24640417098999,7.570908179273829,-21.20426363755323
50,9,two_opt,longest,12,random_mean,6.24640417098999,11.00023528165184,-76.10508350932432
50,9,two_opt,longest,12,random_best,6.24640417098999,9.778038901975378,-56.538684246326326
50,9,two_opt,longest,12,model_route,6.24640417098999,6.246404034784064,2.1805493658270035e-06
50,9,two_opt,longest,12,model_learned,6.24640417098999,6.379758504917845,-2.1348976191324427
50,10,raw,longest,4,original_order,5.672022819519043,5.672022696584463,2.1673851421434754e-06
50,10,raw,longest,4,exact_fixed_orientation,5.672022819519043,5.672022696584463,2.1673851421434754e-06
50,10,raw,longest,4,exact_reversible,5.672022819519043,5.672022696584463,2.1673851421434754e-06
50,10,raw,longest,4,greedy_pair,5.672022819519043,5.672022696584463,2.1673851421434754e-06
50,10,raw,longest,4,random_mean,5.672022819519043,6.550500608980656,-15.487909999912569
50,10,raw,longest,4,random_best,5.672022819519043,5.672022696584463,2.1673851421434754e-06
50,10,raw,longest,4,model_route,5.672022819519043,5.672022696584463,2.1673851421434754e-06
50,10,raw,longest,4,model_learned,5.672022819519043,5.672022696584463,2.1673851421434754e-06
50,10,raw,longest,8,original_order,5.672022819519043,5.672022696584463,2.1673851421434754e-06
50,10,raw,longest,8,exact_fixed_orientation,5.672022819519043,5.672022696584463,2.1673851421434754e-06
50,10,raw,longest,8,exact_reversible,5.672022819519043,5.672022696584463,2.1673851421434754e-06
50,10,raw,longest,8,greedy_pair,5.672022819519043,5.672022696584463,2.1673851421434754e-06
50,10,raw,longest,8,random_mean,5.672022819519043,8.376531129702926,-47.68154847467998
50,10,raw,longest,8,random_best,5.672022819519043,7.5149483643472195,-32.4915044150765
50,10,raw,longest,8,model_route,5.672022819519043,6.513827349990606,-14.841345975807338
50,10,raw,longest,8,model_learned,5.672022819519043,6.21895283088088,-9.64259187180446
50,10,raw,longest,12,original_order,5.672022819519043,5.672022696584463,2.1673851421434754e-06
50,10,raw,longest,12,exact_fixed_orientation,5.672022819519043,5.672022696584463,2.1673851421434754e-06
50,10,raw,longest,12,exact_reversible,5.672022819519043,5.672022696584463,2.1673851421434754e-06
50,10,raw,longest,12,greedy_pair,5.672022819519043,5.672022696584463,2.1673851421434754e-06
50,10,raw,longest,12,random_mean,5.672022819519043,9.734735818579793,-71.62723297021654
50,10,raw,longest,12,random_best,5.672022819519043,8.580596815794706,-51.27930702722904
50,10,raw,longest,12,model_route,5.672022819519043,5.672022696584463,2.1673851421434754e-06
50,10,raw,longest,12,model_learned,5.672022819519043,6.381372790783644,-12.506119841823024
50,10,two_opt,longest,4,original_order,5.626871585845947,5.626871544867754,7.2825890297833e-07
50,10,two_opt,longest,4,exact_fixed_orientation,5.626871585845947,5.626871544867754,7.2825890297833e-07
50,10,two_opt,longest,4,exact_reversible,5.626871585845947,5.626871544867754,7.2825890297833e-07
50,10,two_opt,longest,4,greedy_pair,5.626871585845947,5.626871544867754,7.2825890297833e-07
50,10,two_opt,longest,4,random_mean,5.626871585845947,6.5053494572639465,-15.612189793485902
50,10,two_opt,longest,4,random_best,5.626871585845947,5.626871544867754,7.2825890297833e-07
50,10,two_opt,longest,4,model_route,5.626871585845947,5.626871544867754,7.2825890297833e-07
50,10,two_opt,longest,4,model_learned,5.626871585845947,5.626871544867754,7.2825890297833e-07
50,10,two_opt,longest,8,original_order,5.626871585845947,5.626871544867754,7.2825890297833e-07
50,10,two_opt,longest,8,exact_fixed_orientation,5.626871585845947,5.626871544867754,7.2825890297833e-07
50,10,two_opt,longest,8,exact_reversible,5.626871585845947,5.626871544867754,7.2825890297833e-07
50,10,two_opt,longest,8,greedy_pair,5.626871585845947,5.626871544867754,7.2825890297833e-07
50,10,two_opt,longest,8,random_mean,5.626871585845947,8.336949972435832,-48.16314616823533
50,10,two_opt,longest,8,random_best,5.626871585845947,7.515876237303019,-33.57113491284833
50,10,two_opt,longest,8,model_route,5.626871585845947,6.332061488181353,-12.532539468454685
50,10,two_opt,longest,8,model_learned,5.626871585845947,5.626871544867754,7.2825890297833e-07
50,10,two_opt,longest,12,original_order,5.626871585845947,5.626871544867754,7.2825890297833e-07
50,10,two_opt,longest,12,exact_fixed_orientation,5.626871585845947,5.626871544867754,7.2825890297833e-07
50,10,two_opt,longest,12,exact_reversible,5.626871585845947,5.626871544867754,7.2825890297833e-07
50,10,two_opt,longest,12,greedy_pair,5.626871585845947,5.626871544867754,7.2825890297833e-07
50,10,two_opt,longest,12,random_mean,5.626871585845947,9.72203210555017,-72.7786383113016
50,10,two_opt,longest,12,random_best,5.626871585845947,8.532936085015535,-51.64618482638944
50,10,two_opt,longest,12,model_route,5.626871585845947,6.671569366008043,-18.566227507127934
50,10,two_opt,longest,12,model_learned,5.626871585845947,6.336221639066935,-12.606473106749302
50,11,raw,longest,4,original_order,5.948694705963135,5.948694618418813,1.471655990785645e-06
50,11,raw,longest,4,exact_fixed_orientation,5.948694705963135,5.948694618418813,1.471655990785645e-06
50,11,raw,longest,4,exact_reversible,5.948694705963135,5.948694618418813,1.471655990785645e-06
50,11,raw,longest,4,greedy_pair,5.948694705963135,5.948694618418813,1.471655990785645e-06
50,11,raw,longest,4,random_mean,5.948694705963135,6.978968910872936,-17.31933232137508
50,11,raw,longest,4,random_best,5.948694705963135,5.948694618418813,1.471655990785645e-06
50,11,raw,longest,4,model_route,5.948694705963135,5.948694618418813,1.471655990785645e-06
50,11,raw,longest,4,model_learned,5.948694705963135,5.948694618418813,1.471655990785645e-06
50,11,raw,longest,8,original_order,5.948694705963135,5.948694618418813,1.471655990785645e-06
50,11,raw,longest,8,exact_fixed_orientation,5.948694705963135,5.948694618418813,1.471655990785645e-06
50,11,raw,longest,8,exact_reversible,5.948694705963135,5.948694618418813,1.471655990785645e-06
50,11,raw,longest,8,greedy_pair,5.948694705963135,7.228160383179784,-21.508343266197162
50,11,raw,longest,8,random_mean,5.948694705963135,8.833621326833963,-48.496800785202495
50,11,raw,longest,8,random_best,5.948694705963135,7.255664946511388,-21.970706266672423
50,11,raw,longest,8,model_route,5.948694705963135,5.948694618418813,1.471655990785645e-06
50,11,raw,longest,8,model_learned,5.948694705963135,5.948694618418813,1.471655990785645e-06
50,11,raw,longest,12,original_order,5.948694705963135,5.948694618418813,1.471655990785645e-06
50,11,raw,longest,12,exact_fixed_orientation,5.948694705963135,5.948694618418813,1.471655990785645e-06
50,11,raw,longest,12,exact_reversible,5.948694705963135,5.948694618418813,1.471655990785645e-06
50,11,raw,longest,12,greedy_pair,5.948694705963135,7.228160383179784,-21.508343266197162
50,11,raw,longest,12,random_mean,5.948694705963135,9.950601649470627,-67.27369853920847
50,11,raw,longest,12,random_best,5.948694705963135,9.129041055217385,-53.462927691787314
50,11,raw,longest,12,model_route,5.948694705963135,6.686722310259938,-12.406546995208618
50,11,raw,longest,12,model_learned,5.948694705963135,7.569694409146905,-27.2496704454985
50,11,two_opt,longest,4,original_order,5.948694705963135,5.948694618418813,1.471655990785645e-06
50,11,two_opt,longest,4,exact_fixed_orientation,5.948694705963135,5.948694618418813,1.471655990785645e-06
50,11,two_opt,longest,4,exact_reversible,5.948694705963135,5.948694618418813,1.471655990785645e-06
50,11,two_opt,longest,4,greedy_pair,5.948694705963135,5.948694618418813,1.471655990785645e-06
50,11,two_opt,longest,4,random_mean,5.948694705963135,6.978968910872936,-17.31933232137508
50,11,two_opt,longest,4,random_best,5.948694705963135,5.948694618418813,1.471655990785645e-06
50,11,two_opt,longest,4,model_route,5.948694705963135,5.948694618418813,1.471655990785645e-06
50,11,two_opt,longest,4,model_learned,5.948694705963135,5.948694618418813,1.471655990785645e-06
50,11,two_opt,longest,8,original_order,5.948694705963135,5.948694618418813,1.471655990785645e-06
50,11,two_opt,longest,8,exact_fixed_orientation,5.948694705963135,5.948694618418813,1.471655990785645e-06
50,11,two_opt,longest,8,exact_reversible,5.948694705963135,5.948694618418813,1.471655990785645e-06
50,11,two_opt,longest,8,greedy_pair,5.948694705963135,7.228160383179784,-21.508343266197162
50,11,two_opt,longest,8,random_mean,5.948694705963135,8.833621326833963,-48.496800785202495
50,11,two_opt,longest,8,random_best,5.948694705963135,7.255664946511388,-21.970706266672423
50,11,two_opt,longest,8,model_route,5.948694705963135,5.948694618418813,1.471655990785645e-06
50,11,two_opt,longest,8,model_learned,5.948694705963135,5.948694618418813,1.471655990785645e-06
50,11,two_opt,longest,12,original_order,5.948694705963135,5.948694618418813,1.471655990785645e-06
50,11,two_opt,longest,12,exact_fixed_orientation,5.948694705963135,5.948694618418813,1.471655990785645e-06
50,11,two_opt,longest,12,exact_reversible,5.948694705963135,5.948694618418813,1.471655990785645e-06
50,11,two_opt,longest,12,greedy_pair,5.948694705963135,7.228160383179784,-21.508343266197162
50,11,two_opt,longest,12,random_mean,5.948694705963135,9.950601649470627,-67.27369853920847
50,11,two_opt,longest,12,random_best,5.948694705963135,9.129041055217385,-53.462927691787314
50,11,two_opt,longest,12,model_route,5.948694705963135,6.686722310259938,-12.406546995208618
50,11,two_opt,longest,12,model_learned,5.948694705963135,7.569694409146905,-27.2496704454985
50,12,raw,longest,4,original_order,5.4853081703186035,5.485308165661991,8.489245687734847e-08
50,12,raw,longest,4,exact_fixed_orientation,5.4853081703186035,5.485308165661991,8.489245687734847e-08
50,12,raw,longest,4,exact_reversible,5.4853081703186035,5.485308165661991,8.489245687734847e-08
50,12,raw,longest,4,greedy_pair,5.4853081703186035,5.856054897420108,-6.758904250952425
50,12,raw,longest,4,random_mean,5.4853081703186035,6.049590057693422,-10.287150144602416
50,12,raw,longest,4,random_best,5.4853081703186035,5.485308165661991,8.489245687734847e-08
50,12,raw,longest,4,model_route,5.4853081703186035,5.856054897420108,-6.758904250952425
50,12,raw,longest,4,model_learned,5.4853081703186035,5.856054897420108,-6.758904250952425
50,12,raw,longest,8,original_order,5.4853081703186035,5.485308165661991,8.489245687734847e-08
50,12,raw,longest,8,exact_fixed_orientation,5.4853081703186035,5.485308165661991,8.489245687734847e-08
50,12,raw,longest,8,exact_reversible,5.4853081703186035,5.485308165661991,8.489245687734847e-08
50,12,raw,longest,8,greedy_pair,5.4853081703186035,6.433132643811405,-17.279329511905047
50,12,raw,longest,8,random_mean,5.4853081703186035,7.751488623209298,-41.31363968123358
50,12,raw,longest,8,random_best,5.4853081703186035,6.898451189510524,-25.762326843157858
50,12,raw,longest,8,model_route,5.4853081703186035,6.265186036936939,-14.217576158041775
50,12,raw,longest,8,model_learned,5.4853081703186035,6.889783780090511,-25.60431549446257
50,12,raw,longest,12,original_order,5.4853081703186035,5.485308165661991,8.489245687734847e-08
50,12,raw,longest,12,exact_fixed_orientation,5.4853081703186035,5.485308165661991,8.489245687734847e-08
50,12,raw,longest,12,exact_reversible,5.4853081703186035,5.485308165661991,8.489245687734847e-08
50,12,raw,longest,12,greedy_pair,5.4853081703186035,6.426361377350986,-17.155885828338487
50,12,raw,longest,12,random_mean,5.4853081703186035,9.480803948827088,-72.83995090974831
50,12,raw,longest,12,random_best,5.4853081703186035,8.707700143568218,-58.74586938772572
50,12,raw,longest,12,model_route,5.4853081703186035,7.284337128512561,-32.79722674340582
50,12,raw,longest,12,model_learned,5.4853081703186035,7.5203369660303,-37.09962562766087
50,12,two_opt,longest,4,original_order,5.484707832336426,5.4847082598134875,-7.793980551310498e-06
50,12,two_opt,longest,4,exact_fixed_orientation,5.484707832336426,5.4847082598134875,-7.793980551310498e-06
50,12,two_opt,longest,4,exact_reversible,5.484707832336426,5.4847082598134875,-7.793980551310498e-06
50,12,two_opt,longest,4,greedy_pair,5.484707832336426,5.855454991571605,-6.759651937143299
50,12,two_opt,longest,4,random_mean,5.484707832336426,6.075627765618265,-10.773954627043706
50,12,two_opt,longest,4,random_best,5.484707832336426,5.4847082598134875,-7.793980551310498e-06
50,12,two_opt,longest,4,model_route,5.484707832336426,6.0981488628312945,-11.184570796609773
50,12,two_opt,longest,4,model_learned,5.484707832336426,5.855454991571605,-6.759651937143299
50,12,two_opt,longest,8,original_order,5.484707832336426,5.4847082598134875,-7.793980551310498e-06
50,12,two_opt,longest,8,exact_fixed_orientation,5.484707832336426,5.4847082598134875,-7.793980551310498e-06
50,12,two_opt,longest,8,exact_reversible,5.484707832336426,5.4847082598134875,-7.793980551310498e-06
50,12,two_opt,longest,8,greedy_pair,5.484707832336426,6.654252211563289,-21.32373163674336
50,12,two_opt,longest,8,random_mean,5.484707832336426,8.023327519185841,-46.28541327000806
50,12,two_opt,longest,8,random_best,5.484707832336426,7.309254820458591,-33.266074399899765
50,12,two_opt,longest,8,model_route,5.484707832336426,7.985216642729938,-45.590556267211824
50,12,two_opt,longest,8,model_learned,5.484707832336426,6.623947883956134,-20.771207627561168
50,12,two_opt,longest,12,original_order,5.484707832336426,5.4847082598134875,-7.793980551310498e-06
50,12,two_opt,longest,12,exact_fixed_orientation,5.484707832336426,5.4847082598134875,-7.793980551310498e-06
50,12,two_opt,longest,12,exact_reversible,5.484707832336426,5.4847082598134875,-7.793980551310498e-06
50,12,two_opt,longest,12,greedy_pair,5.484707832336426,6.652624229900539,-21.294049441948005
50,12,two_opt,longest,12,random_mean,5.484707832336426,9.699955842457712,-76.85455887493713
50,12,two_opt,longest,12,random_best,5.484707832336426,8.870031173340976,-61.7229475934079
50,12,two_opt,longest,12,model_route,5.484707832336426,7.331913034431636,-33.67919055240398
50,12,two_opt,longest,12,model_learned,5.484707832336426,7.893879304639995,-43.92524717724642
50,13,raw,longest,4,original_order,5.807859897613525,5.807859668508172,3.944746557153489e-06
50,13,raw,longest,4,exact_fixed_orientation,5.807859897613525,5.807859668508172,3.944746557153489e-06
50,13,raw,longest,4,exact_reversible,5.807859897613525,5.807859668508172,3.944746557153489e-06
50,13,raw,longest,4,greedy_pair,5.807859897613525,5.807859668508172,3.944746557153489e-06
50,13,raw,longest,4,random_mean,5.807859897613525,7.017411531880498,-20.826115911714442
50,13,raw,longest,4,random_best,5.807859897613525,5.807859668508172,3.944746557153489e-06
50,13,raw,longest,4,model_route,5.807859897613525,5.807859668508172,3.944746557153489e-06
50,13,raw,longest,4,model_learned,5.807859897613525,5.807859668508172,3.944746557153489e-06
50,13,raw,longest,8,original_order,5.807859897613525,5.807859668508172,3.944746557153489e-06
50,13,raw,longest,8,exact_fixed_orientation,5.807859897613525,5.807859668508172,3.944746557153489e-06
50,13,raw,longest,8,exact_reversible,5.807859897613525,5.807859668508172,3.944746557153489e-06
50,13,raw,longest,8,greedy_pair,5.807859897613525,6.614732766523957,-13.892774328836332
50,13,raw,longest,8,random_mean,5.807859897613525,9.084453642368317,-56.41654245311871
50,13,raw,longest,8,random_best,5.807859897613525,8.353222841396928,-43.82617674419631
50,13,raw,longest,8,model_route,5.807859897613525,5.807859668508172,3.944746557153489e-06
50,13,raw,longest,8,model_learned,5.807859897613525,7.341770211234689,-26.410938635958725
50,13,raw,longest,12,original_order,5.807859897613525,5.807859668508172,3.944746557153489e-06
50,13,raw,longest,12,exact_fixed_orientation,5.807859897613525,5.807859668508172,3.944746557153489e-06
50,13,raw,longest,12,exact_reversible,5.807859897613525,5.807859668508172,3.944746557153489e-06
50,13,raw,longest,12,greedy_pair,5.807859897613525,6.614732766523957,-13.892774328836332
50,13,raw,longest,12,random_mean,5.807859897613525,9.972954812459648,-71.71479664234975
50,13,raw,longest,12,random_best,5.807859897613525,8.1869896966964,-40.96396677992301
50,13,raw,longest,12,model_route,5.807859897613525,5.807859668508172,3.944746557153489e-06
50,13,raw,longest,12,model_learned,5.807859897613525,7.1665969509631395,-23.39479734881217
50,13,two_opt,longest,4,original_order,5.807621479034424,5.807621339336038,2.405432011997243e-06
50,13,two_opt,longest,4,exact_fixed_orientation,5.807621479034424,5.807621339336038,2.405432011997243e-06
50,13,two_opt,longest,4,exact_reversible,5.807621479034424,5.807621339336038,2.405432011997243e-06
50,13,two_opt,longest,4,greedy_pair,5.807621479034424,5.807621339336038,2.405432011997243e-06
50,13,two_opt,longest,4,random_mean,5.807621479034424,7.0171732027083635,-20.826972419611618
50,13,two_opt,longest,4,random_best,5.807621479034424,5.807621339336038,2.405432011997243e-06
50,13,two_opt,longest,4,model_route,5.807621479034424,5.807621339336038,2.405432011997243e-06
50,13,two_opt,longest,4,model_learned,5.807621479034424,5.807621339336038,2.405432011997243e-06
50,13,two_opt,longest,8,original_order,5.807621479034424,5.807621339336038,2.405432011997243e-06
50,13,two_opt,longest,8,exact_fixed_orientation,5.807621479034424,5.807621339336038,2.405432011997243e-06
50,13,two_opt,longest,8,exact_reversible,5.807621479034424,5.807621339336038,2.405432011997243e-06
50,13,two_opt,longest,8,greedy_pair,5.807621479034424,6.614494437351823,-13.893346204297561
50,13,two_opt,longest,8,random_mean,5.807621479034424,9.084215313196182,-56.41886004434513
50,13,two_opt,longest,8,random_best,5.807621479034424,8.352984512224793,-43.8279774668366
50,13,two_opt,longest,8,model_route,5.807621479034424,5.807621339336038,2.405432011997243e-06
50,13,two_opt,longest,8,model_learned,5.807621479034424,7.341531882062554,-26.412024415943147
50,13,two_opt,longest,12,original_order,5.807621479034424,5.807621339336038,2.405432011997243e-06
50,13,two_opt,longest,12,exact_fixed_orientation,5.807621479034424,5.807621339336038,2.405432011997243e-06
50,13,two_opt,longest,12,exact_reversible,5.807621479034424,5.807621339336038,2.405432011997243e-06
50,13,two_opt,longest,12,greedy_pair,5.807621479034424,6.614494437351823,-13.893346204297561
50,13,two_opt,longest,12,random_mean,5.807621479034424,9.972716483287513,-71.71774226831289
50,13,two_opt,longest,12,random_best,5.807621479034424,8.186751367524266,-40.96565000109816
50,13,two_opt,longest,12,model_route,5.807621479034424,5.807621339336038,2.405432011997243e-06
50,13,two_opt,longest,12,model_learned,5.807621479034424,7.166358621791005,-23.395759308034055
50,14,raw,longest,4,original_order,5.636694431304932,5.636694550514221,-2.1148794032317895e-06
50,14,raw,longest,4,exact_fixed_orientation,5.636694431304932,5.636694550514221,-2.1148794032317895e-06
50,14,raw,longest,4,exact_reversible,5.636694431304932,5.636694550514221,-2.1148794032317895e-06
50,14,raw,longest,4,greedy_pair,5.636694431304932,6.535443291068077,-15.94460850621415
50,14,raw,longest,4,random_mean,5.636694431304932,6.195977495983243,-9.92218172360345
50,14,raw,longest,4,random_best,5.636694431304932,5.636694550514221,-2.1148794032317895e-06
50,14,raw,longest,4,model_route,5.636694431304932,5.912123546004295,-4.886358805786817
50,14,raw,longest,4,model_learned,5.636694431304932,6.535443291068077,-15.94460850621415
50,14,raw,longest,8,original_order,5.636694431304932,5.636694550514221,-2.1148794032317895e-06
50,14,raw,longest,8,exact_fixed_orientation,5.636694431304932,5.636694550514221,-2.1148794032317895e-06
50,14,raw,longest,8,exact_reversible,5.636694431304932,5.636694550514221,-2.1148794032317895e-06
50,14,raw,longest,8,greedy_pair,5.636694431304932,6.535443291068077,-15.94460850621415
50,14,raw,longest,8,random_mean,5.636694431304932,8.945249229669571,-58.696720900634084
50,14,raw,longest,8,random_best,5.636694431304932,7.577646777033806,-34.43423037000661
50,14,raw,longest,8,model_route,5.636694431304932,6.110158830881119,-8.399681858691372
50,14,raw,longest,8,model_learned,5.636694431304932,5.636694550514221,-2.1148794032317895e-06
50,14,raw,longest,12,original_order,5.636694431304932,5.636694550514221,-2.1148794032317895e-06
50,14,raw,longest,12,exact_fixed_orientation,5.636694431304932,5.636694550514221,-2.1148794032317895e-06
50,14,raw,longest,12,exact_reversible,5.636694431304932,5.636694550514221,-2.1148794032317895e-06
50,14,raw,longest,12,greedy_pair,5.636694431304932,6.535443291068077,-15.94460850621415
50,14,raw,longest,12,random_mean,5.636694431304932,11.087487488985062,-96.70194338383243
50,14,raw,longest,12,random_best,5.636694431304932,9.947541058063507,-76.47827426686648
50,14,raw,longest,12,model_route,5.636694431304932,6.110158830881119,-8.399681858691372
50,14,raw,longest,12,model_learned,5.636694431304932,9.038212180137634,-60.34596677693648
50,14,two_opt,longest,4,original_order,5.636694431304932,5.636694550514221,-2.1148794032317895e-06
50,14,two_opt,longest,4,exact_fixed_orientation,5.636694431304932,5.636694550514221,-2.1148794032317895e-06
50,14,two_opt,longest,4,exact_reversible,5.636694431304932,5.636694550514221,-2.1148794032317895e-06
50,14,two_opt,longest,4,greedy_pair,5.636694431304932,6.535443291068077,-15.94460850621415
50,14,two_opt,longest,4,random_mean,5.636694431304932,6.195977495983243,-9.92218172360345
50,14,two_opt,longest,4,random_best,5.636694431304932,5.636694550514221,-2.1148794032317895e-06
50,14,two_opt,longest,4,model_route,5.636694431304932,5.912123546004295,-4.886358805786817
50,14,two_opt,longest,4,model_learned,5.636694431304932,6.535443291068077,-15.94460850621415
50,14,two_opt,longest,8,original_order,5.636694431304932,5.636694550514221,-2.1148794032317895e-06
50,14,two_opt,longest,8,exact_fixed_orientation,5.636694431304932,5.636694550514221,-2.1148794032317895e-06
50,14,two_opt,longest,8,exact_reversible,5.636694431304932,5.636694550514221,-2.1148794032317895e-06
50,14,two_opt,longest,8,greedy_pair,5.636694431304932,6.535443291068077,-15.94460850621415
50,14,two_opt,longest,8,random_mean,5.636694431304932,8.945249229669571,-58.696720900634084
50,14,two_opt,longest,8,random_best,5.636694431304932,7.577646777033806,-34.43423037000661
50,14,two_opt,longest,8,model_route,5.636694431304932,6.110158830881119,-8.399681858691372
50,14,two_opt,longest,8,model_learned,5.636694431304932,5.636694550514221,-2.1148794032317895e-06
50,14,two_opt,longest,12,original_order,5.636694431304932,5.636694550514221,-2.1148794032317895e-06
50,14,two_opt,longest,12,exact_fixed_orientation,5.636694431304932,5.636694550514221,-2.1148794032317895e-06
50,14,two_opt,longest,12,exact_reversible,5.636694431304932,5.636694550514221,-2.1148794032317895e-06
50,14,two_opt,longest,12,greedy_pair,5.636694431304932,6.535443291068077,-15.94460850621415
50,14,two_opt,longest,12,random_mean,5.636694431304932,11.087487488985062,-96.70194338383243
50,14,two_opt,longest,12,random_best,5.636694431304932,9.947541058063507,-76.47827426686648
50,14,two_opt,longest,12,model_route,5.636694431304932,6.110158830881119,-8.399681858691372
50,14,two_opt,longest,12,model_learned,5.636694431304932,9.038212180137634,-60.34596677693648
50,15,raw,longest,4,original_order,5.516885280609131,5.516885459423065,-3.241211756834441e-06
50,15,raw,longest,4,exact_fixed_orientation,5.516885280609131,5.516885459423065,-3.241211756834441e-06
50,15,raw,longest,4,exact_reversible,5.516885280609131,5.516885459423065,-3.241211756834441e-06
50,15,raw,longest,4,greedy_pair,5.516885280609131,5.516885459423065,-3.241211756834441e-06
50,15,raw,longest,4,random_mean,5.516885280609131,6.635518755763769,-20.276540443689044
50,15,raw,longest,4,random_best,5.516885280609131,5.516885459423065,-3.241211756834441e-06
50,15,raw,longest,4,model_route,5.516885280609131,6.618368372321129,-19.965669679293764
50,15,raw,longest,4,model_learned,5.516885280609131,6.150142341852188,-11.478525092208153
50,15,raw,longest,8,original_order,5.516885280609131,5.516885459423065,-3.241211756834441e-06
50,15,raw,longest,8,exact_fixed_orientation,5.516885280609131,5.516885459423065,-3.241211756834441e-06
50,15,raw,longest,8,exact_reversible,5.516885280609131,5.516885459423065,-3.241211756834441e-06
50,15,raw,longest,8,greedy_pair,5.516885280609131,6.352757066488266,-15.151154018320366
50,15,raw,longest,8,random_mean,5.516885280609131,8.473606742918491,-53.59403561828102
50,15,raw,longest,8,random_best,5.516885280609131,7.69322170317173,-39.44864378840782
50,15,raw,longest,8,model_route,5.516885280609131,5.516885459423065,-3.241211756834441e-06
50,15,raw,longest,8,model_learned,5.516885280609131,5.516885459423065,-3.241211756834441e-06
50,15,raw,longest,12,original_order,5.516885280609131,5.516885459423065,-3.241211756834441e-06
50,15,raw,longest,12,exact_fixed_orientation,5.516885280609131,5.516885459423065,-3.241211756834441e-06
50,15,raw,longest,12,exact_reversible,5.516885280609131,5.516885459423065,-3.241211756834441e-06
50,15,raw,longest,12,greedy_pair,5.516885280609131,6.28751577436924,-13.968579271871718
50,15,raw,longest,12,random_mean,5.516885280609131,9.31234759092331,-68.79719474418931
50,15,raw,longest,12,random_best,5.516885280609131,8.225387811660767,-49.09477709408858
50,15,raw,longest,12,model_route,5.516885280609131,5.516885459423065,-3.241211756834441e-06
50,15,raw,longest,12,model_learned,5.516885280609131,7.656285598874092,-38.779133685896504
50,15,two_opt,longest,4,original_order,5.511390209197998,5.5113902278244495,-3.379628512099135e-07
50,15,two_opt,longest,4,exact_fixed_orientation,5.511390209197998,5.5113902278244495,-3.379628512099135e-07
50,15,two_opt,longest,4,exact_reversible,5.511390209197998,5.5113902278244495,-3.379628512099135e-07
50,15,two_opt,longest,4,greedy_pair,5.511390209197998,5.5113902278244495,-3.379628512099135e-07
50,15,two_opt,longest,4,random_mean,5.511390209197998,6.6300235241651535,-20.29675404039185
50,15,two_opt,longest,4,random_best,5.511390209197998,5.5113902278244495,-3.379628512099135e-07
50,15,two_opt,longest,4,model_route,5.511390209197998,6.612873140722513,-19.985573325696347
50,15,two_opt,longest,4,model_learned,5.511390209197998,6.1446471102535725,-11.489966723799151
50,15,two_opt,longest,8,original_order,5.511390209197998,5.5113902278244495,-3.379628512099135e-07
50,15,two_opt,longest,8,exact_fixed_orientation,5.511390209197998,5.5113902278244495,-3.379628512099135e-07
50,15,two_opt,longest,8,exact_reversible,5.511390209197998,5.5113902278244495,-3.379628512099135e-07
50,15,two_opt,longest,8,greedy_pair,5.511390209197998,6.34726183488965,-15.166257404468663
50,15,two_opt,longest,8,random_mean,5.511390209197998,8.468111511319876,-53.64746805964464
50,15,two_opt,longest,8,random_best,5.511390209197998,7.687726471573114,-39.48797272134739
50,15,two_opt,longest,8,model_route,5.511390209197998,5.5113902278244495,-3.379628512099135e-07
50,15,two_opt,longest,8,model_learned,5.511390209197998,5.5113902278244495,-3.379628512099135e-07
50,15,two_opt,longest,12,original_order,5.511390209197998,5.5113902278244495,-3.379628512099135e-07
50,15,two_opt,longest,12,exact_fixed_orientation,5.511390209197998,5.5113902278244495,-3.379628512099135e-07
50,15,two_opt,longest,12,exact_reversible,5.511390209197998,5.5113902278244495,-3.379628512099135e-07
50,15,two_opt,longest,12,greedy_pair,5.511390209197998,6.282020542770624,-13.982503584785482
50,15,two_opt,longest,12,random_mean,5.511390209197998,9.306852359324694,-68.86578532930625
50,15,two_opt,longest,12,random_best,5.511390209197998,8.219892580062151,-49.1437235988828
50,15,two_opt,longest,12,model_route,5.511390209197998,5.5113902278244495,-3.379628512099135e-07
50,15,two_opt,longest,12,model_learned,5.511390209197998,7.6507903672754765,-38.81779509110094
50,16,raw,longest,4,original_order,5.732720375061035,5.732720237225294,2.4043688166392263e-06
50,16,raw,longest,4,exact_fixed_orientation,5.732720375061035,5.732720237225294,2.4043688166392263e-06
50,16,raw,longest,4,exact_reversible,5.732720375061035,5.732720237225294,2.4043688166392263e-06
50,16,raw,longest,4,greedy_pair,5.732720375061035,5.732720237225294,2.4043688166392263e-06
50,16,raw,longest,4,random_mean,5.732720375061035,6.810727911069989,-18.80446743397068
50,16,raw,longest,4,random_best,5.732720375061035,5.732720237225294,2.4043688166392263e-06
50,16,raw,longest,4,model_route,5.732720375061035,5.732720237225294,2.4043688166392263e-06
50,16,raw,longest,4,model_learned,5.732720375061035,5.732720237225294,2.4043688166392263e-06
50,16,raw,longest,8,original_order,5.732720375061035,5.732720237225294,2.4043688166392263e-06
50,16,raw,longest,8,exact_fixed_orientation,5.732720375061035,5.732720237225294,2.4043688166392263e-06
50,16,raw,longest,8,exact_reversible,5.732720375061035,5.732720237225294,2.4043688166392263e-06
50,16,raw,longest,8,greedy_pair,5.732720375061035,5.732720237225294,2.4043688166392263e-06
50,16,raw,longest,8,random_mean,5.732720375061035,8.761066837236285,-52.82564409297581
50,16,raw,longest,8,random_best,5.732720375061035,7.7209555469453335,-34.68222836288487
50,16,raw,longest,8,model_route,5.732720375061035,5.732720237225294,2.4043688166392263e-06
50,16,raw,longest,8,model_learned,5.732720375061035,5.732720237225294,2.4043688166392263e-06
50,16,raw,longest,12,original_order,5.732720375061035,5.732720237225294,2.4043688166392263e-06
50,16,raw,longest,12,exact_fixed_orientation,5.732720375061035,5.732720237225294,2.4043688166392263e-06
50,16,raw,longest,12,exact_reversible,5.732720375061035,5.732720237225294,2.4043688166392263e-06
50,16,raw,longest,12,greedy_pair,5.732720375061035,5.732720237225294,2.4043688166392263e-06
50,16,raw,longest,12,random_mean,5.732720375061035,9.731299985200167,-69.75012469706512
50,16,raw,longest,12,random_best,5.732720375061035,8.948636468499899,-56.09755723354333
50,16,raw,longest,12,model_route,5.732720375061035,5.732720237225294,2.4043688166392263e-06
50,16,raw,longest,12,model_learned,5.732720375061035,5.732720237225294,2.4043688166392263e-06
50,16,two_opt,longest,4,original_order,5.732720375061035,5.732720237225294,2.4043688166392263e-06
50,16,two_opt,longest,4,exact_fixed_orientation,5.732720375061035,5.732720237225294,2.4043688166392263e-06
50,16,two_opt,longest,4,exact_reversible,5.732720375061035,5.732720237225294,2.4043688166392263e-06
50,16,two_opt,longest,4,greedy_pair,5.732720375061035,5.732720237225294,2.4043688166392263e-06
50,16,two_opt,longest,4,random_mean,5.732720375061035,6.810727911069989,-18.80446743397068
50,16,two_opt,longest,4,random_best,5.732720375061035,5.732720237225294,2.4043688166392263e-06
50,16,two_opt,longest,4,model_route,5.732720375061035,5.732720237225294,2.4043688166392263e-06
50,16,two_opt,longest,4,model_learned,5.732720375061035,5.732720237225294,2.4043688166392263e-06
50,16,two_opt,longest,8,original_order,5.732720375061035,5.732720237225294,2.4043688166392263e-06
50,16,two_opt,longest,8,exact_fixed_orientation,5.732720375061035,5.732720237225294,2.4043688166392263e-06
50,16,two_opt,longest,8,exact_reversible,5.732720375061035,5.732720237225294,2.4043688166392263e-06
50,16,two_opt,longest,8,greedy_pair,5.732720375061035,5.732720237225294,2.4043688166392263e-06
50,16,two_opt,longest,8,random_mean,5.732720375061035,8.761066837236285,-52.82564409297581
50,16,two_opt,longest,8,random_best,5.732720375061035,7.7209555469453335,-34.68222836288487
50,16,two_opt,longest,8,model_route,5.732720375061035,5.732720237225294,2.4043688166392263e-06
50,16,two_opt,longest,8,model_learned,5.732720375061035,5.732720237225294,2.4043688166392263e-06
50,16,two_opt,longest,12,original_order,5.732720375061035,5.732720237225294,2.4043688166392263e-06
50,16,two_opt,longest,12,exact_fixed_orientation,5.732720375061035,5.732720237225294,2.4043688166392263e-06
50,16,two_opt,longest,12,exact_reversible,5.732720375061035,5.732720237225294,2.4043688166392263e-06
50,16,two_opt,longest,12,greedy_pair,5.732720375061035,5.732720237225294,2.4043688166392263e-06
50,16,two_opt,longest,12,random_mean,5.732720375061035,9.731299985200167,-69.75012469706512
50,16,two_opt,longest,12,random_best,5.732720375061035,8.948636468499899,-56.09755723354333
50,16,two_opt,longest,12,model_route,5.732720375061035,5.732720237225294,2.4043688166392263e-06
50,16,two_opt,longest,12,model_learned,5.732720375061035,5.732720237225294,2.4043688166392263e-06
50,17,raw,longest,4,original_order,5.838487148284912,5.838486493565142,1.1213859914841278e-05
50,17,raw,longest,4,exact_fixed_orientation,5.838487148284912,5.838486493565142,1.1213859914841278e-05
50,17,raw,longest,4,exact_reversible,5.838487148284912,5.838486493565142,1.1213859914841278e-05
50,17,raw,longest,4,greedy_pair,5.838487148284912,5.838486493565142,1.1213859914841278e-05
50,17,raw,longest,4,random_mean,5.838487148284912,6.290532478131354,-7.742507919696844
50,17,raw,longest,4,random_best,5.838487148284912,5.838486493565142,1.1213859914841278e-05
50,17,raw,longest,4,model_route,5.838487148284912,6.417699844576418,-9.920595551223457
50,17,raw,longest,4,model_learned,5.838487148284912,5.838486493565142,1.1213859914841278e-05
50,17,raw,longest,8,original_order,5.838487148284912,5.838486493565142,1.1213859914841278e-05
50,17,raw,longest,8,exact_fixed_orientation,5.838487148284912,5.838486493565142,1.1213859914841278e-05
50,17,raw,longest,8,exact_reversible,5.838487148284912,5.838486493565142,1.1213859914841278e-05
50,17,raw,longest,8,greedy_pair,5.838487148284912,6.923609466291964,-18.58567622822999
50,17,raw,longest,8,random_mean,5.838487148284912,8.429021476767957,-44.369958564420735
50,17,raw,longest,8,random_best,5.838487148284912,7.70864197704941,-32.031496880383926
50,17,raw,longest,8,model_route,5.838487148284912,6.505333439446986,-11.421559630527977
50,17,raw,longest,8,model_learned,5.838487148284912,5.838486493565142,1.1213859914841278e-05
50,17,raw,longest,12,original_order,5.838487148284912,5.838486493565142,1.1213859914841278e-05
50,17,raw,longest,12,exact_fixed_orientation,5.838487148284912,5.838486493565142,1.1213859914841278e-05
50,17,raw,longest,12,exact_reversible,5.838487148284912,5.838486493565142,1.1213859914841278e-05
50,17,raw,longest,12,greedy_pair,5.838487148284912,6.923609466291964,-18.58567622822999
50,17,raw,longest,12,random_mean,5.838487148284912,10.543124970979989,-80.57974100494663
50,17,raw,longest,12,random_best,5.838487148284912,9.469385967589915,-62.18903505459628
50,17,raw,longest,12,model_route,5.838487148284912,6.903923899866641,-18.24850726775525
50,17,raw,longest,12,model_learned,5.838487148284912,5.838486493565142,1.1213859914841278e-05
50,17,two_opt,longest,4,original_order,5.838487148284912,5.838486493565142,1.1213859914841278e-05
50,17,two_opt,longest,4,exact_fixed_orientation,5.838487148284912,5.838486493565142,1.1213859914841278e-05
50,17,two_opt,longest,4,exact_reversible,5.838487148284912,5.838486493565142,1.1213859914841278e-05
50,17,two_opt,longest,4,greedy_pair,5.838487148284912,5.838486493565142,1.1213859914841278e-05
50,17,two_opt,longest,4,random_mean,5.838487148284912,6.290532478131354,-7.742507919696844
50,17,two_opt,longest,4,random_best,5.838487148284912,5.838486493565142,1.1213859914841278e-05
50,17,two_opt,longest,4,model_route,5.838487148284912,6.417699844576418,-9.920595551223457
50,17,two_opt,longest,4,model_learned,5.838487148284912,5.838486493565142,1.1213859914841278e-05
50,17,two_opt,longest,8,original_order,5.838487148284912,5.838486493565142,1.1213859914841278e-05
50,17,two_opt,longest,8,exact_fixed_orientation,5.838487148284912,5.838486493565142,1.1213859914841278e-05
50,17,two_opt,longest,8,exact_reversible,5.838487148284912,5.838486493565142,1.1213859914841278e-05
50,17,two_opt,longest,8,greedy_pair,5.838487148284912,6.923609466291964,-18.58567622822999
50,17,two_opt,longest,8,random_mean,5.838487148284912,8.429021476767957,-44.369958564420735
50,17,two_opt,longest,8,random_best,5.838487148284912,7.70864197704941,-32.031496880383926
50,17,two_opt,longest,8,model_route,5.838487148284912,6.505333439446986,-11.421559630527977
50,17,two_opt,longest,8,model_learned,5.838487148284912,5.838486493565142,1.1213859914841278e-05
50,17,two_opt,longest,12,original_order,5.838487148284912,5.838486493565142,1.1213859914841278e-05
50,17,two_opt,longest,12,exact_fixed_orientation,5.838487148284912,5.838486493565142,1.1213859914841278e-05
50,17,two_opt,longest,12,exact_reversible,5.838487148284912,5.838486493565142,1.1213859914841278e-05
50,17,two_opt,longest,12,greedy_pair,5.838487148284912,6.923609466291964,-18.58567622822999
50,17,two_opt,longest,12,random_mean,5.838487148284912,10.543124970979989,-80.57974100494663
50,17,two_opt,longest,12,random_best,5.838487148284912,9.469385967589915,-62.18903505459628
50,17,two_opt,longest,12,model_route,5.838487148284912,6.903923899866641,-18.24850726775525
50,17,two_opt,longest,12,model_learned,5.838487148284912,5.838486493565142,1.1213859914841278e-05
50,18,raw,longest,4,original_order,5.982608795166016,5.982609549537301,-1.2609403543953505e-05
50,18,raw,longest,4,exact_fixed_orientation,5.982608795166016,5.982609549537301,-1.2609403543953505e-05
50,18,raw,longest,4,exact_reversible,5.982608795166016,5.982609549537301,-1.2609403543953505e-05
50,18,raw,longest,4,greedy_pair,5.982608795166016,5.982609549537301,-1.2609403543953505e-05
50,18,raw,longest,4,random_mean,5.982608795166016,6.3768772799521685,-6.590243458752044
50,18,raw,longest,4,random_best,5.982608795166016,5.982609549537301,-1.2609403543953505e-05
50,18,raw,longest,4,model_route,5.982608795166016,5.982609549537301,-1.2609403543953505e-05
50,18,raw,longest,4,model_learned,5.982608795166016,5.982609549537301,-1.2609403543953505e-05
50,18,raw,longest,8,original_order,5.982608795166016,5.982609549537301,-1.2609403543953505e-05
50,18,raw,longest,8,exact_fixed_orientation,5.982608795166016,5.982609549537301,-1.2609403543953505e-05
50,18,raw,longest,8,exact_reversible,5.982608795166016,5.982609549537301,-1.2609403543953505e-05
50,18,raw,longest,8,greedy_pair,5.982608795166016,5.982609549537301,-1.2609403543953505e-05
50,18,raw,longest,8,random_mean,5.982608795166016,8.765302244573832,-46.513043802166194
50,18,raw,longest,8,random_best,5.982608795166016,8.023363837972283,-34.11145727019976
50,18,raw,longest,8,model_route,5.982608795166016,5.982609549537301,-1.2609403543953505e-05
50,18,raw,longest,8,model_learned,5.982608795166016,6.547875979915261,-9.448506564660972
50,18,raw,longest,12,original_order,5.982608795166016,5.982609549537301,-1.2609403543953505e-05
50,18,raw,longest,12,exact_fixed_orientation,5.982608795166016,5.982609549537301,-1.2609403543953505e-05
50,18,raw,longest,12,exact_reversible,5.982608795166016,5.982609549537301,-1.2609403543953505e-05
50,18,raw,longest,12,greedy_pair,5.982608795166016,5.982609549537301,-1.2609403543953505e-05
50,18,raw,longest,12,random_mean,5.982608795166016,10.618817223235965,-77.49476168015589
50,18,raw,longest,12,random_best,5.982608795166016,9.892868945375085,-65.36045200496118
50,18,raw,longest,12,model_route,5.982608795166016,6.983430156484246,-16.728845150745947
50,18,raw,longest,12,model_learned,5.982608795166016,6.725622350350022,-12.419557765240578
50,18,two_opt,longest,4,original_order,5.982198715209961,5.982199100777507,-6.445248047519525e-06
50,18,two_opt,longest,4,exact_fixed_orientation,5.982198715209961,5.982199100777507,-6.445248047519525e-06
50,18,two_opt,longest,4,exact_reversible,5.982198715209961,5.982199100777507,-6.445248047519525e-06
50,18,two_opt,longest,4,greedy_pair,5.982198715209961,5.982199100777507,-6.445248047519525e-06
50,18,two_opt,longest,4,random_mean,5.982198715209961,6.376466831192374,-6.590689055179195
50,18,two_opt,longest,4,random_best,5.982198715209961,5.982199100777507,-6.445248047519525e-06
50,18,two_opt,longest,4,model_route,5.982198715209961,5.982199100777507,-6.445248047519525e-06
50,18,two_opt,longest,4,model_learned,5.982198715209961,5.982199100777507,-6.445248047519525e-06
50,18,two_opt,longest,8,original_order,5.982198715209961,5.982199100777507,-6.445248047519525e-06
50,18,two_opt,longest,8,exact_fixed_orientation,5.982198715209961,5.982199100777507,-6.445248047519525e-06
50,18,two_opt,longest,8,exact_reversible,5.982198715209961,5.982199100777507,-6.445248047519525e-06
50,18,two_opt,longest,8,greedy_pair,5.982198715209961,5.982199100777507,-6.445248047519525e-06
50,18,two_opt,longest,8,random_mean,5.982198715209961,8.764891795814037,-46.516226108119355
50,18,two_opt,longest,8,random_best,5.982198715209961,8.02295338921249,-34.113789446910786
50,18,two_opt,longest,8,model_route,5.982198715209961,5.982199100777507,-6.445248047519525e-06
50,18,two_opt,longest,8,model_learned,5.982198715209961,6.547465531155467,-9.449148095135897
50,18,two_opt,longest,12,original_order,5.982198715209961,5.982199100777507,-6.445248047519525e-06
50,18,two_opt,longest,12,exact_fixed_orientation,5.982198715209961,5.982199100777507,-6.445248047519525e-06
50,18,two_opt,longest,12,exact_reversible,5.982198715209961,5.982199100777507,-6.445248047519525e-06
50,18,two_opt,longest,12,greedy_pair,5.982198715209961,5.982199100777507,-6.445248047519525e-06
50,18,two_opt,longest,12,random_mean,5.982198715209961,10.61840677447617,-77.50006778408212
50,18,two_opt,longest,12,random_best,5.982198715209961,9.89245849661529,-65.36492630148427
50,18,two_opt,longest,12,model_route,5.982198715209961,6.983019707724452,-16.729985748715883
50,18,two_opt,longest,12,model_learned,5.982198715209961,6.725211901590228,-12.420402961391583
50,19,raw,longest,4,original_order,5.8092498779296875,5.809250297490507,-7.2222890851752625e-06
50,19,raw,longest,4,exact_fixed_orientation,5.8092498779296875,5.809250297490507,-7.2222890851752625e-06
50,19,raw,longest,4,exact_reversible,5.8092498779296875,5.809250297490507,-7.2222890851752625e-06
50,19,raw,longest,4,greedy_pair,5.8092498779296875,6.482195141259581,-11.584030252968201
50,19,raw,longest,4,random_mean,5.8092498779296875,6.906327525619417,-18.88501391303052
50,19,raw,longest,4,random_best,5.8092498779296875,5.809250297490507,-7.2222890851752625e-06
50,19,raw,longest,4,model_route,5.8092498779296875,5.809250297490507,-7.2222890851752625e-06
50,19,raw,longest,4,model_learned,5.8092498779296875,5.809250297490507,-7.2222890851752625e-06
50,19,raw,longest,8,original_order,5.8092498779296875,5.809250297490507,-7.2222890851752625e-06
50,19,raw,longest,8,exact_fixed_orientation,5.8092498779296875,5.809250297490507,-7.2222890851752625e-06
50,19,raw,longest,8,exact_reversible,5.8092498779296875,5.809250297490507,-7.2222890851752625e-06
50,19,raw,longest,8,greedy_pair,5.8092498779296875,6.482195141259581,-11.584030252968201
50,19,raw,longest,8,random_mean,5.8092498779296875,8.349829588551074,-43.73335222286571
50,19,raw,longest,8,random_best,5.8092498779296875,7.461444529239088,-28.440757172218824
50,19,raw,longest,8,model_route,5.8092498779296875,7.320754575077444,-26.0189306521349
50,19,raw,longest,8,model_learned,5.8092498779296875,6.668714108411223,-14.794754030925466
50,19,raw,longest,12,original_order,5.8092498779296875,5.809250297490507,-7.2222890851752625e-06
50,19,raw,longest,12,exact_fixed_orientation,5.8092498779296875,5.809250297490507,-7.2222890851752625e-06
50,19,raw,longest,12,exact_reversible,5.8092498779296875,5.80895775789395,0.005028532803306771
50,19,raw,longest,12,greedy_pair,5.8092498779296875,6.482195141259581,-11.584030252968201
50,19,raw,longest,12,random_mean,5.8092498779296875,10.555314247030765,-81.69840287180915
50,19,raw,longest,12,random_best,5.8092498779296875,9.710190969053656,-67.15051294220096
50,19,raw,longest,12,model_route,5.8092498779296875,6.1084952973760664,-5.151188634237656
50,19,raw,longest,12,model_learned,5.8092498779296875,5.809250297490507,-7.2222890851752625e-06
50,19,two_opt,longest,4,original_order,5.808957576751709,5.80895775789395,-3.118326108761202e-06
50,19,two_opt,longest,4,exact_fixed_orientation,5.808957576751709,5.80895775789395,-3.118326108761202e-06
50,19,two_opt,longest,4,exact_reversible,5.808957576751709,5.80895775789395,-3.118326108761202e-06
50,19,two_opt,longest,4,greedy_pair,5.808957576751709,6.488055201712996,-11.690524779852653
50,19,two_opt,longest,4,random_mean,5.808957576751709,6.909167739097029,-18.939889778994438
50,19,two_opt,longest,4,random_best,5.808957576751709,5.80895775789395,-3.118326108761202e-06
50,19,two_opt,longest,4,model_route,5.808957576751709,5.80895775789395,-3.118326108761202e-06
50,19,two_opt,longest,4,model_learned,5.808957576751709,5.80895775789395,-3.118326108761202e-06
50,19,two_opt,longest,8,original_order,5.808957576751709,5.80895775789395,-3.118326108761202e-06
50,19,two_opt,longest,8,exact_fixed_orientation,5.808957576751709,5.80895775789395,-3.118326108761202e-06
50,19,two_opt,longest,8,exact_reversible,5.808957576751709,5.80895775789395,-3.118326108761202e-06
50,19,two_opt,longest,8,greedy_pair,5.808957576751709,6.488055201712996,-11.690524779852653
50,19,two_opt,longest,8,random_mean,5.808957576751709,8.349356629420072,-43.73244285403991
50,19,two_opt,longest,8,random_best,5.808957576751709,7.452714803162962,-28.29693976402596
50,19,two_opt,longest,8,model_route,5.808957576751709,7.3218165510334074,-26.043553499794516
50,19,two_opt,longest,8,model_learned,5.808957576751709,6.668421568814665,-14.79549438444267
50,19,two_opt,longest,12,original_order,5.808957576751709,5.80895775789395,-3.118326108761202e-06
50,19,two_opt,longest,12,exact_fixed_orientation,5.808957576751709,5.80895775789395,-3.118326108761202e-06
50,19,two_opt,longest,12,exact_reversible,5.808957576751709,5.80895775789395,-3.118326108761202e-06
50,19,two_opt,longest,12,greedy_pair,5.808957576751709,6.488055201712996,-11.690524779852653
50,19,two_opt,longest,12,random_mean,5.808957576751709,10.55554396333173,-81.71150027978423
50,19,two_opt,longest,12,random_best,5.808957576751709,9.710455852095038,-67.1634837024407
50,19,two_opt,longest,12,model_route,5.808957576751709,6.108202757779509,-5.151443732786455
50,19,two_opt,longest,12,model_learned,5.808957576751709,5.80895775789395,-3.118326108761202e-06
50,20,raw,longest,4,original_order,5.6158576011657715,5.615857636556029,-6.301843876533065e-07
50,20,raw,longest,4,exact_fixed_orientation,5.6158576011657715,5.615857636556029,-6.301843876533065e-07
50,20,raw,longest,4,exact_reversible,5.6158576011657715,5.603796353563666,0.21477125060296043
50,20,raw,longest,4,greedy_pair,5.6158576011657715,5.697645029053092,-1.4563657716382021
50,20,raw,longest,4,random_mean,5.6158576011657715,5.953871661797166,-6.018921501165335
50,20,raw,longest,4,random_best,5.6158576011657715,5.703837206587195,-1.5666281389179206
50,20,raw,longest,4,model_route,5.6158576011657715,5.697645029053092,-1.4563657716382021
50,20,raw,longest,4,model_learned,5.6158576011657715,5.697645029053092,-1.4563657716382021
50,20,raw,longest,8,original_order,5.6158576011657715,5.615857636556029,-6.301843876533065e-07
50,20,raw,longest,8,exact_fixed_orientation,5.6158576011657715,5.615857636556029,-6.301843876533065e-07
50,20,raw,longest,8,exact_reversible,5.6158576011657715,5.603796353563666,0.21477125060296043
50,20,raw,longest,8,greedy_pair,5.6158576011657715,5.697645029053092,-1.4563657716382021
50,20,raw,longest,8,random_mean,5.6158576011657715,8.557697664946318,-52.38452027647322
50,20,raw,longest,8,random_best,5.6158576011657715,7.727448573336005,-37.60050774314323
50,20,raw,longest,8,model_route,5.6158576011657715,7.743414228782058,-37.88480368830285
50,20,raw,longest,8,model_learned,5.6158576011657715,6.680714359506965,-18.961605403244985
50,20,raw,longest,12,original_order,5.6158576011657715,5.615857636556029,-6.301843876533065e-07
50,20,raw,longest,12,exact_fixed_orientation,5.6158576011657715,5.615857636556029,-6.301843876533065e-07
50,20,raw,longest,12,exact_reversible,5.6158576011657715,5.603796353563666,0.21477125060296043
50,20,raw,longest,12,greedy_pair,5.6158576011657715,5.697645029053092,-1.4563657716382021
50,20,raw,longest,12,random_mean,5.6158576011657715,9.508045554161072,-69.30709838845162
50,20,raw,longest,12,random_best,5.6158576011657715,8.97096168063581,-59.743396605597106
50,20,raw,longest,12,model_route,5.6158576011657715,6.680714359506965,-18.961605403244985
50,20,raw,longest,12,model_learned,5.6158576011657715,6.680714359506965,-18.961605403244985
50,20,two_opt,longest,4,original_order,5.608240127563477,5.6082404386252165,-5.546512503855856e-06
50,20,two_opt,longest,4,exact_fixed_orientation,5.608240127563477,5.6082404386252165,-5.546512503855856e-06
50,20,two_opt,longest,4,exact_reversible,5.608240127563477,5.5961791556328535,0.21505805130107714
50,20,two_opt,longest,4,greedy_pair,5.608240127563477,5.690027831122279,-1.4583488170706345
50,20,two_opt,longest,4,random_mean,5.608240127563477,5.946254463866353,-6.02710170417985
50,20,two_opt,longest,4,random_best,5.608240127563477,5.696220008656383,-1.568760949812062
50,20,two_opt,longest,4,model_route,5.608240127563477,5.690027831122279,-1.4583488170706345
50,20,two_opt,longest,4,model_learned,5.608240127563477,5.690027831122279,-1.4583488170706345
50,20,two_opt,longest,8,original_order,5.608240127563477,5.6082404386252165,-5.546512503855856e-06
50,20,two_opt,longest,8,exact_fixed_orientation,5.608240127563477,5.6082404386252165,-5.546512503855856e-06
50,20,two_opt,longest,8,exact_reversible,5.608240127563477,5.5961791556328535,0.21505805130107714
50,20,two_opt,longest,8,greedy_pair,5.608240127563477,5.690027831122279,-1.4583488170706345
50,20,two_opt,longest,8,random_mean,5.608240127563477,8.550080467015505,-52.45567722739652
50,20,two_opt,longest,8,random_best,5.608240127563477,7.719831375405192,-37.65158409433345
50,20,two_opt,longest,8,model_route,5.608240127563477,7.735797030851245,-37.936266188589435
50,20,two_opt,longest,8,model_learned,5.608240127563477,6.673097161576152,-18.987365194637395
50,20,two_opt,longest,12,original_order,5.608240127563477,5.6082404386252165,-5.546512503855856e-06
50,20,two_opt,longest,12,exact_fixed_orientation,5.608240127563477,5.6082404386252165,-5.546512503855856e-06
50,20,two_opt,longest,12,exact_reversible,5.608240127563477,5.5961791556328535,0.21505805130107714
50,20,two_opt,longest,12,greedy_pair,5.608240127563477,5.690027831122279,-1.4583488170706345
50,20,two_opt,longest,12,random_mean,5.608240127563477,9.500428356230259,-69.40124067686381
50,20,two_opt,longest,12,random_best,5.608240127563477,8.963344482704997,-59.82454885716813
50,20,two_opt,longest,12,model_route,5.608240127563477,6.673097161576152,-18.987365194637395
50,20,two_opt,longest,12,model_learned,5.608240127563477,6.673097161576152,-18.987365194637395
50,21,raw,longest,4,original_order,5.497608661651611,5.497608724050224,-1.1350137185008554e-06
50,21,raw,longest,4,exact_fixed_orientation,5.497608661651611,5.497608724050224,-1.1350137185008554e-06
50,21,raw,longest,4,exact_reversible,5.497608661651611,5.497608724050224,-1.1350137185008554e-06
50,21,raw,longest,4,greedy_pair,5.497608661651611,5.497608724050224,-1.1350137185008554e-06
50,21,raw,longest,4,random_mean,5.497608661651611,5.906907211057842,-7.445028822463829
50,21,raw,longest,4,random_best,5.497608661651611,5.497608724050224,-1.1350137185008554e-06
50,21,raw,longest,4,model_route,5.497608661651611,5.497608724050224,-1.1350137185008554e-06
50,21,raw,longest,4,model_learned,5.497608661651611,5.497608724050224,-1.1350137185008554e-06
50,21,raw,longest,8,original_order,5.497608661651611,5.497608724050224,-1.1350137185008554e-06
50,21,raw,longest,8,exact_fixed_orientation,5.497608661651611,5.497608724050224,-1.1350137185008554e-06
50,21,raw,longest,8,exact_reversible,5.497608661651611,5.497608724050224,-1.1350137185008554e-06
50,21,raw,longest,8,greedy_pair,5.497608661651611,5.497608724050224,-1.1350137185008554e-06
50,21,raw,longest,8,random_mean,5.497608661651611,8.101464414037764,-47.36342494781891
50,21,raw,longest,8,random_best,5.497608661651611,7.36673918645829,-33.99897373279289
50,21,raw,longest,8,model_route,5.497608661651611,6.011462899856269,-9.346868244533871
50,21,raw,longest,8,model_learned,5.497608661651611,6.011462899856269,-9.346868244533871
50,21,raw,longest,12,original_order,5.497608661651611,5.497608724050224,-1.1350137185008554e-06
50,21,raw,longest,12,exact_fixed_orientation,5.497608661651611,5.497608724050224,-1.1350137185008554e-06
50,21,raw,longest,12,exact_reversible,5.497608661651611,5.497608724050224,-1.1350137185008554e-06
50,21,raw,longest,12,greedy_pair,5.497608661651611,5.497608724050224,-1.1350137185008554e-06
50,21,raw,longest,12,random_mean,5.497608661651611,9.34294965583831,-69.9457024107545
50,21,raw,longest,12,random_best,5.497608661651611,7.294912221841514,-32.69246086442883
50,21,raw,longest,12,model_route,5.497608661651611,5.887346270494163,-7.089220656267399
50,21,raw,longest,12,model_learned,5.497608661651611,6.011462899856269,-9.346868244533871
50,21,two_opt,longest,4,original_order,5.497608661651611,5.497608724050224,-1.1350137185008554e-06
50,21,two_opt,longest,4,exact_fixed_orientation,5.497608661651611,5.497608724050224,-1.1350137185008554e-06
50,21,two_opt,longest,4,exact_reversible,5.497608661651611,5.497608724050224,-1.1350137185008554e-06
50,21,two_opt,longest,4,greedy_pair,5.497608661651611,5.497608724050224,-1.1350137185008554e-06
50,21,two_opt,longest,4,random_mean,5.497608661651611,5.906907211057842,-7.445028822463829
50,21,two_opt,longest,4,random_best,5.497608661651611,5.497608724050224,-1.1350137185008554e-06
50,21,two_opt,longest,4,model_route,5.497608661651611,5.497608724050224,-1.1350137185008554e-06
50,21,two_opt,longest,4,model_learned,5.497608661651611,5.497608724050224,-1.1350137185008554e-06
50,21,two_opt,longest,8,original_order,5.497608661651611,5.497608724050224,-1.1350137185008554e-06
50,21,two_opt,longest,8,exact_fixed_orientation,5.497608661651611,5.497608724050224,-1.1350137185008554e-06
50,21,two_opt,longest,8,exact_reversible,5.497608661651611,5.497608724050224,-1.1350137185008554e-06
50,21,two_opt,longest,8,greedy_pair,5.497608661651611,5.497608724050224,-1.1350137185008554e-06
50,21,two_opt,longest,8,random_mean,5.497608661651611,8.101464414037764,-47.36342494781891
50,21,two_opt,longest,8,random_best,5.497608661651611,7.36673918645829,-33.99897373279289
50,21,two_opt,longest,8,model_route,5.497608661651611,6.011462899856269,-9.346868244533871
50,21,two_opt,longest,8,model_learned,5.497608661651611,6.011462899856269,-9.346868244533871
50,21,two_opt,longest,12,original_order,5.497608661651611,5.497608724050224,-1.1350137185008554e-06
50,21,two_opt,longest,12,exact_fixed_orientation,5.497608661651611,5.497608724050224,-1.1350137185008554e-06
50,21,two_opt,longest,12,exact_reversible,5.497608661651611,5.497608724050224,-1.1350137185008554e-06
50,21,two_opt,longest,12,greedy_pair,5.497608661651611,5.497608724050224,-1.1350137185008554e-06
50,21,two_opt,longest,12,random_mean,5.497608661651611,9.34294965583831,-69.9457024107545
50,21,two_opt,longest,12,random_best,5.497608661651611,7.294912221841514,-32.69246086442883
50,21,two_opt,longest,12,model_route,5.497608661651611,5.887346270494163,-7.089220656267399
50,21,two_opt,longest,12,model_learned,5.497608661651611,6.011462899856269,-9.346868244533871
50,22,raw,longest,4,original_order,6.134776592254639,6.134776680730283,-1.4421983141191144e-06
50,22,raw,longest,4,exact_fixed_orientation,6.134776592254639,6.134776680730283,-1.4421983141191144e-06
50,22,raw,longest,4,exact_reversible,6.134776592254639,6.134776680730283,-1.4421983141191144e-06
50,22,raw,longest,4,greedy_pair,6.134776592254639,6.134776680730283,-1.4421983141191144e-06
50,22,raw,longest,4,random_mean,6.134776592254639,7.889544972218573,-28.60362318946363
50,22,raw,longest,4,random_best,6.134776592254639,7.577297686599195,-23.51383253574038
50,22,raw,longest,4,model_route,6.134776592254639,6.134776680730283,-1.4421983141191144e-06
50,22,raw,longest,4,model_learned,6.134776592254639,7.459335877560079,-21.590994641561046
50,22,raw,longest,8,original_order,6.134776592254639,6.134776680730283,-1.4421983141191144e-06
50,22,raw,longest,8,exact_fixed_orientation,6.134776592254639,6.134776680730283,-1.4421983141191144e-06
50,22,raw,longest,8,exact_reversible,6.134776592254639,6.134776680730283,-1.4421983141191144e-06
50,22,raw,longest,8,greedy_pair,6.134776592254639,6.4362015863880515,-4.913381760535046
50,22,raw,longest,8,random_mean,6.134776592254639,8.940621932037175,-45.736715878537616
50,22,raw,longest,8,random_best,6.134776592254639,8.027570902369916,-30.853516532370456
50,22,raw,longest,8,model_route,6.134776592254639,6.134776680730283,-1.4421983141191144e-06
50,22,raw,longest,8,model_learned,6.134776592254639,6.134776680730283,-1.4421983141191144e-06
50,22,raw,longest,12,original_order,6.134776592254639,6.134776680730283,-1.4421983141191144e-06
50,22,raw,longest,12,exact_fixed_orientation,6.134776592254639,6.134776680730283,-1.4421983141191144e-06
50,22,raw,longest,12,exact_reversible,6.134776592254639,6.134776680730283,-1.4421983141191144e-06
50,22,raw,longest,12,greedy_pair,6.134776592254639,7.171691535972059,-16.902244574424437
50,22,raw,longest,12,random_mean,6.134776592254639,10.7456548018381,-75.1596759921926
50,22,raw,longest,12,random_best,6.134776592254639,9.927174120210111,-61.81802174741785
50,22,raw,longest,12,model_route,6.134776592254639,6.134776680730283,-1.4421983141191144e-06
50,22,raw,longest,12,model_learned,6.134776592254639,6.96671016421169,-13.560943246203877
50,22,two_opt,longest,4,original_order,6.134776592254639,6.134776680730283,-1.4421983141191144e-06
50,22,two_opt,longest,4,exact_fixed_orientation,6.134776592254639,6.134776680730283,-1.4421983141191144e-06
50,22,two_opt,longest,4,exact_reversible,6.134776592254639,6.134776680730283,-1.4421983141191144e-06
50,22,two_opt,longest,4,greedy_pair,6.134776592254639,6.134776680730283,-1.4421983141191144e-06
50,22,two_opt,longest,4,random_mean,6.134776592254639,7.889544972218573,-28.60362318946363
50,22,two_opt,longest,4,random_best,6.134776592254639,7.577297686599195,-23.51383253574038
50,22,two_opt,longest,4,model_route,6.134776592254639,6.134776680730283,-1.4421983141191144e-06
50,22,two_opt,longest,4,model_learned,6.134776592254639,7.459335877560079,-21.590994641561046
50,22,two_opt,longest,8,original_order,6.134776592254639,6.134776680730283,-1.4421983141191144e-06
50,22,two_opt,longest,8,exact_fixed_orientation,6.134776592254639,6.134776680730283,-1.4421983141191144e-06
50,22,two_opt,longest,8,exact_reversible,6.134776592254639,6.134776680730283,-1.4421983141191144e-06
50,22,two_opt,longest,8,greedy_pair,6.134776592254639,6.4362015863880515,-4.913381760535046
50,22,two_opt,longest,8,random_mean,6.134776592254639,8.940621932037175,-45.736715878537616
50,22,two_opt,longest,8,random_best,6.134776592254639,8.027570902369916,-30.853516532370456
50,22,two_opt,longest,8,model_route,6.134776592254639,6.134776680730283,-1.4421983141191144e-06
50,22,two_opt,longest,8,model_learned,6.134776592254639,6.134776680730283,-1.4421983141191144e-06
50,22,two_opt,longest,12,original_order,6.134776592254639,6.134776680730283,-1.4421983141191144e-06
50,22,two_opt,longest,12,exact_fixed_orientation,6.134776592254639,6.134776680730283,-1.4421983141191144e-06
50,22,two_opt,longest,12,exact_reversible,6.134776592254639,6.134776680730283,-1.4421983141191144e-06
50,22,two_opt,longest,12,greedy_pair,6.134776592254639,7.171691535972059,-16.902244574424437
50,22,two_opt,longest,12,random_mean,6.134776592254639,10.7456548018381,-75.1596759921926
50,22,two_opt,longest,12,random_best,6.134776592254639,9.927174120210111,-61.81802174741785
50,22,two_opt,longest,12,model_route,6.134776592254639,6.134776680730283,-1.4421983141191144e-06
50,22,two_opt,longest,12,model_learned,6.134776592254639,6.96671016421169,-13.560943246203877
50,23,raw,longest,4,original_order,5.543600559234619,5.543600630946457,-1.293596778467978e-06
50,23,raw,longest,4,exact_fixed_orientation,5.543600559234619,5.543600630946457,-1.293596778467978e-06
50,23,raw,longest,4,exact_reversible,5.543600559234619,5.543600630946457,-1.293596778467978e-06
50,23,raw,longest,4,greedy_pair,5.543600559234619,5.543600630946457,-1.293596778467978e-06
50,23,raw,longest,4,random_mean,5.543600559234619,6.815901557914913,-22.95080580004766
50,23,raw,longest,4,random_best,5.543600559234619,5.543600630946457,-1.293596778467978e-06
50,23,raw,longest,4,model_route,5.543600559234619,5.543600630946457,-1.293596778467978e-06
50,23,raw,longest,4,model_learned,5.543600559234619,5.543600630946457,-1.293596778467978e-06
50,23,raw,longest,8,original_order,5.543600559234619,5.543600630946457,-1.293596778467978e-06
50,23,raw,longest,8,exact_fixed_orientation,5.543600559234619,5.543600630946457,-1.293596778467978e-06
50,23,raw,longest,8,exact_reversible,5.543600559234619,5.543600630946457,-1.293596778467978e-06
50,23,raw,longest,8,greedy_pair,5.543600559234619,7.135546592064202,-28.716824306139685
50,23,raw,longest,8,random_mean,5.543600559234619,9.007703634910285,-62.488323945077674
50,23,raw,longest,8,random_best,5.543600559234619,7.828029793687165,-41.20840255431295
50,23,raw,longest,8,model_route,5.543600559234619,5.543600630946457,-1.293596778467978e-06
50,23,raw,longest,8,model_learned,5.543600559234619,6.168917131610215,-11.279971666319522
50,23,raw,longest,12,original_order,5.543600559234619,5.543600630946457,-1.293596778467978e-06
50,23,raw,longest,12,exact_fixed_orientation,5.543600559234619,5.543600630946457,-1.293596778467978e-06
50,23,raw,longest,12,exact_reversible,5.543600559234619,5.543600630946457,-1.293596778467978e-06
50,23,raw,longest,12,greedy_pair,5.543600559234619,7.135546592064202,-28.716824306139685
50,23,raw,longest,12,random_mean,5.543600559234619,10.160542659461498,-83.28417696935077
50,23,raw,longest,12,random_best,5.543600559234619,9.06373228598386,-63.49901456888609
50,23,raw,longest,12,model_route,5.543600559234619,6.786679488606751,-22.423674218399285
50,23,raw,longest,12,model_learned,5.543600559234619,6.298256983049214,-13.613109670347297
50,23,two_opt,longest,4,original_order,5.543600559234619,5.543600630946457,-1.293596778467978e-06
50,23,two_opt,longest,4,exact_fixed_orientation,5.543600559234619,5.543600630946457,-1.293596778467978e-06
50,23,two_opt,longest,4,exact_reversible,5.543600559234619,5.543600630946457,-1.293596778467978e-06
50,23,two_opt,longest,4,greedy_pair,5.543600559234619,5.543600630946457,-1.293596778467978e-06
50,23,two_opt,longest,4,random_mean,5.543600559234619,6.815901557914913,-22.95080580004766
50,23,two_opt,longest,4,random_best,5.543600559234619,5.543600630946457,-1.293596778467978e-06
50,23,two_opt,longest,4,model_route,5.543600559234619,5.543600630946457,-1.293596778467978e-06
50,23,two_opt,longest,4,model_learned,5.543600559234619,5.543600630946457,-1.293596778467978e-06
50,23,two_opt,longest,8,original_order,5.543600559234619,5.543600630946457,-1.293596778467978e-06
50,23,two_opt,longest,8,exact_fixed_orientation,5.543600559234619,5.543600630946457,-1.293596778467978e-06
50,23,two_opt,longest,8,exact_reversible,5.543600559234619,5.543600630946457,-1.293596778467978e-06
50,23,two_opt,longest,8,greedy_pair,5.543600559234619,7.135546592064202,-28.716824306139685
50,23,two_opt,longest,8,random_mean,5.543600559234619,9.007703634910285,-62.488323945077674
50,23,two_opt,longest,8,random_best,5.543600559234619,7.828029793687165,-41.20840255431295
50,23,two_opt,longest,8,model_route,5.543600559234619,5.543600630946457,-1.293596778467978e-06
50,23,two_opt,longest,8,model_learned,5.543600559234619,6.168917131610215,-11.279971666319522
50,23,two_opt,longest,12,original_order,5.543600559234619,5.543600630946457,-1.293596778467978e-06
50,23,two_opt,longest,12,exact_fixed_orientation,5.543600559234619,5.543600630946457,-1.293596778467978e-06
50,23,two_opt,longest,12,exact_reversible,5.543600559234619,5.543600630946457,-1.293596778467978e-06
50,23,two_opt,longest,12,greedy_pair,5.543600559234619,7.135546592064202,-28.716824306139685
50,23,two_opt,longest,12,random_mean,5.543600559234619,10.160542659461498,-83.28417696935077
50,23,two_opt,longest,12,random_best,5.543600559234619,9.06373228598386,-63.49901456888609
50,23,two_opt,longest,12,model_route,5.543600559234619,6.786679488606751,-22.423674218399285
50,23,two_opt,longest,12,model_learned,5.543600559234619,6.298256983049214,-13.613109670347297
50,24,raw,longest,4,original_order,5.810262203216553,5.810261653736234,9.457065788165994e-06
50,24,raw,longest,4,exact_fixed_orientation,5.810262203216553,5.810261653736234,9.457065788165994e-06
50,24,raw,longest,4,exact_reversible,5.810262203216553,5.810261653736234,9.457065788165994e-06
50,24,raw,longest,4,greedy_pair,5.810262203216553,5.810261653736234,9.457065788165994e-06
50,24,raw,longest,4,random_mean,5.810262203216553,7.160097720101476,-23.23192086129359
50,24,raw,longest,4,random_best,5.810262203216553,5.810261653736234,9.457065788165994e-06
50,24,raw,longest,4,model_route,5.810262203216553,5.810261653736234,9.457065788165994e-06
50,24,raw,longest,4,model_learned,5.810262203216553,5.810261653736234,9.457065788165994e-06
50,24,raw,longest,8,original_order,5.810262203216553,5.810261653736234,9.457065788165994e-06
50,24,raw,longest,8,exact_fixed_orientation,5.810262203216553,5.810261653736234,9.457065788165994e-06
50,24,raw,longest,8,exact_reversible,5.810262203216553,5.810261653736234,9.457065788165994e-06
50,24,raw,longest,8,greedy_pair,5.810262203216553,5.810261653736234,9.457065788165994e-06
50,24,raw,longest,8,random_mean,5.810262203216553,9.27791334502399,-59.68149148050066
50,24,raw,longest,8,random_best,5.810262203216553,8.179660918191075,-40.779548875829164
50,24,raw,longest,8,model_route,5.810262203216553,5.810261653736234,9.457065788165994e-06
50,24,raw,longest,8,model_learned,5.810262203216553,5.810261653736234,9.457065788165994e-06
50,24,raw,longest,12,original_order,5.810262203216553,5.810261653736234,9.457065788165994e-06
50,24,raw,longest,12,exact_fixed_orientation,5.810262203216553,5.810261653736234,9.457065788165994e-06
50,24,raw,longest,12,exact_reversible,5.810262203216553,5.810261653736234,9.457065788165994e-06
50,24,raw,longest,12,greedy_pair,5.810262203216553,5.948163541033864,-2.373409890881849
50,24,raw,longest,12,random_mean,5.810262203216553,10.743243478238583,-84.90118177956131
50,24,raw,longest,12,random_best,5.810262203216553,9.523964079096913,-63.916252760924635
50,24,raw,longest,12,model_route,5.810262203216553,5.810261653736234,9.457065788165994e-06
50,24,raw,longest,12,model_learned,5.810262203216553,5.810261653736234,9.457065788165994e-06
50,24,two_opt,longest,4,original_order,5.810262203216553,5.810261653736234,9.457065788165994e-06
50,24,two_opt,longest,4,exact_fixed_orientation,5.810262203216553,5.810261653736234,9.457065788165994e-06
50,24,two_opt,longest,4,exact_reversible,5.810262203216553,5.810261653736234,9.457065788165994e-06
50,24,two_opt,longest,4,greedy_pair,5.810262203216553,5.810261653736234,9.457065788165994e-06
50,24,two_opt,longest,4,random_mean,5.810262203216553,7.160097720101476,-23.23192086129359
50,24,two_opt,longest,4,random_best,5.810262203216553,5.810261653736234,9.457065788165994e-06
50,24,two_opt,longest,4,model_route,5.810262203216553,5.810261653736234,9.457065788165994e-06
50,24,two_opt,longest,4,model_learned,5.810262203216553,5.810261653736234,9.457065788165994e-06
50,24,two_opt,longest,8,original_order,5.810262203216553,5.810261653736234,9.457065788165994e-06
50,24,two_opt,longest,8,exact_fixed_orientation,5.810262203216553,5.810261653736234,9.457065788165994e-06
50,24,two_opt,longest,8,exact_reversible,5.810262203216553,5.810261653736234,9.457065788165994e-06
50,24,two_opt,longest,8,greedy_pair,5.810262203216553,5.810261653736234,9.457065788165994e-06
50,24,two_opt,longest,8,random_mean,5.810262203216553,9.27791334502399,-59.68149148050066
50,24,two_opt,longest,8,random_best,5.810262203216553,8.179660918191075,-40.779548875829164
50,24,two_opt,longest,8,model_route,5.810262203216553,5.810261653736234,9.457065788165994e-06
50,24,two_opt,longest,8,model_learned,5.810262203216553,5.810261653736234,9.457065788165994e-06
50,24,two_opt,longest,12,original_order,5.810262203216553,5.810261653736234,9.457065788165994e-06
50,24,two_opt,longest,12,exact_fixed_orientation,5.810262203216553,5.810261653736234,9.457065788165994e-06
50,24,two_opt,longest,12,exact_reversible,5.810262203216553,5.810261653736234,9.457065788165994e-06
50,24,two_opt,longest,12,greedy_pair,5.810262203216553,5.948163541033864,-2.373409890881849
50,24,two_opt,longest,12,random_mean,5.810262203216553,10.743243478238583,-84.90118177956131
50,24,two_opt,longest,12,random_best,5.810262203216553,9.523964079096913,-63.916252760924635
50,24,two_opt,longest,12,model_route,5.810262203216553,5.810261653736234,9.457065788165994e-06
50,24,two_opt,longest,12,model_learned,5.810262203216553,5.810261653736234,9.457065788165994e-06
50,25,raw,longest,4,original_order,5.653147220611572,5.653147192671895,4.94232259450016e-07
50,25,raw,longest,4,exact_fixed_orientation,5.653147220611572,5.653147192671895,4.94232259450016e-07
50,25,raw,longest,4,exact_reversible,5.653147220611572,5.653147192671895,4.94232259450016e-07
50,25,raw,longest,4,greedy_pair,5.653147220611572,5.653147192671895,4.94232259450016e-07
50,25,raw,longest,4,random_mean,5.653147220611572,6.916422300040722,-22.346403341897847
50,25,raw,longest,4,random_best,5.653147220611572,5.653147192671895,4.94232259450016e-07
50,25,raw,longest,4,model_route,5.653147220611572,5.653147192671895,4.94232259450016e-07
50,25,raw,longest,4,model_learned,5.653147220611572,5.653147192671895,4.94232259450016e-07
50,25,raw,longest,8,original_order,5.653147220611572,5.653147192671895,4.94232259450016e-07
50,25,raw,longest,8,exact_fixed_orientation,5.653147220611572,5.653147192671895,4.94232259450016e-07
50,25,raw,longest,8,exact_reversible,5.653147220611572,5.653147192671895,4.94232259450016e-07
50,25,raw,longest,8,greedy_pair,5.653147220611572,5.653147192671895,4.94232259450016e-07
50,25,raw,longest,8,random_mean,5.653147220611572,8.65070011280477,-53.02449724401331
50,25,raw,longest,8,random_best,5.653147220611572,7.687486069276929,-35.98595205955518
50,25,raw,longest,8,model_route,5.653147220611572,5.653147192671895,4.94232259450016e-07
50,25,raw,longest,8,model_learned,5.653147220611572,7.132125066593289,-26.162026005431315
50,25,raw,longest,12,original_order,5.653147220611572,5.653147192671895,4.94232259450016e-07
50,25,raw,longest,12,exact_fixed_orientation,5.653147220611572,5.653147192671895,4.94232259450016e-07
50,25,raw,longest,12,exact_reversible,5.653147220611572,5.653147192671895,4.94232259450016e-07
50,25,raw,longest,12,greedy_pair,5.653147220611572,6.9452554155141115,-22.8564398640012
50,25,raw,longest,12,random_mean,5.653147220611572,9.712442137300968,-71.80592965789154
50,25,raw,longest,12,random_best,5.653147220611572,8.89836403913796,-57.405489223670195
50,25,raw,longest,12,model_route,5.653147220611572,7.141688467934728,-26.331195513463403
50,25,raw,longest,12,model_learned,5.653147220611572,5.653147192671895,4.94232259450016e-07
50,25,two_opt,longest,4,original_order,5.6497650146484375,5.649764822795987,3.395759821397223e-06
50,25,two_opt,longest,4,exact_fixed_orientation,5.6497650146484375,5.649764822795987,3.395759821397223e-06
50,25,two_opt,longest,4,exact_reversible,5.6497650146484375,5.649764822795987,3.395759821397223e-06
50,25,two_opt,longest,4,greedy_pair,5.6497650146484375,5.649764822795987,3.395759821397223e-06
50,25,two_opt,longest,4,random_mean,5.6497650146484375,6.913039930164814,-22.35977801273183
50,25,two_opt,longest,4,random_best,5.6497650146484375,5.649764822795987,3.395759821397223e-06
50,25,two_opt,longest,4,model_route,5.6497650146484375,5.649764822795987,3.395759821397223e-06
50,25,two_opt,longest,4,model_learned,5.6497650146484375,5.649764822795987,3.395759821397223e-06
50,25,two_opt,longest,8,original_order,5.6497650146484375,5.649764822795987,3.395759821397223e-06
50,25,two_opt,longest,8,exact_fixed_orientation,5.6497650146484375,5.649764822795987,3.395759821397223e-06
50,25,two_opt,longest,8,exact_reversible,5.6497650146484375,5.649764822795987,3.395759821397223e-06
50,25,two_opt,longest,8,greedy_pair,5.6497650146484375,5.649764822795987,3.395759821397223e-06
50,25,two_opt,longest,8,random_mean,5.6497650146484375,8.647317742928863,-53.056237215326924
50,25,two_opt,longest,8,random_best,5.6497650146484375,7.684103699401021,-36.00749198379133
50,25,two_opt,longest,8,model_route,5.6497650146484375,5.649764822795987,3.395759821397223e-06
50,25,two_opt,longest,8,model_learned,5.6497650146484375,7.1287426967173815,-26.177684881306075
50,25,two_opt,longest,12,original_order,5.6497650146484375,5.649764822795987,3.395759821397223e-06
50,25,two_opt,longest,12,exact_fixed_orientation,5.6497650146484375,5.649764822795987,3.395759821397223e-06
50,25,two_opt,longest,12,exact_reversible,5.6497650146484375,5.649764822795987,3.395759821397223e-06
50,25,two_opt,longest,12,greedy_pair,5.6497650146484375,6.941873045638204,-22.87011986586435
50,25,two_opt,longest,12,random_mean,5.6497650146484375,9.70905976742506,-71.8489130477441
50,25,two_opt,longest,12,random_best,5.6497650146484375,8.894981669262052,-57.4398518557776
50,25,two_opt,longest,12,model_route,5.6497650146484375,7.13830609805882,-26.34695566188974
50,25,two_opt,longest,12,model_learned,5.6497650146484375,5.649764822795987,3.395759821397223e-06
50,26,raw,longest,4,original_order,5.5876030921936035,5.587602965533733,2.2668014899744863e-06
50,26,raw,longest,4,exact_fixed_orientation,5.5876030921936035,5.587602965533733,2.2668014899744863e-06
50,26,raw,longest,4,exact_reversible,5.5876030921936035,5.587602965533733,2.2668014899744863e-06
50,26,raw,longest,4,greedy_pair,5.5876030921936035,5.587602965533733,2.2668014899744863e-06
50,26,raw,longest,4,random_mean,5.5876030921936035,7.015415413305163,-25.55321660384835
50,26,raw,longest,4,random_best,5.5876030921936035,5.587602965533733,2.2668014899744863e-06
50,26,raw,longest,4,model_route,5.5876030921936035,5.587602965533733,2.2668014899744863e-06
50,26,raw,longest,4,model_learned,5.5876030921936035,5.587602965533733,2.2668014899744863e-06
50,26,raw,longest,8,original_order,5.5876030921936035,5.587602965533733,2.2668014899744863e-06
50,26,raw,longest,8,exact_fixed_orientation,5.5876030921936035,5.587602965533733,2.2668014899744863e-06
50,26,raw,longest,8,exact_reversible,5.5876030921936035,5.587602965533733,2.2668014899744863e-06
50,26,raw,longest,8,greedy_pair,5.5876030921936035,6.780660264194012,-21.351859685009106
50,26,raw,longest,8,random_mean,5.5876030921936035,8.246374808251858,-47.58340333394123
50,26,raw,longest,8,random_best,5.5876030921936035,7.668008960783482,-37.23252769146035
50,26,raw,longest,8,model_route,5.5876030921936035,5.587602965533733,2.2668014899744863e-06
50,26,raw,longest,8,model_learned,5.5876030921936035,7.187338508665562,-28.630083241004286
50,26,raw,longest,12,original_order,5.5876030921936035,5.587602965533733,2.2668014899744863e-06
50,26,raw,longest,12,exact_fixed_orientation,5.5876030921936035,5.546831846237183,0.7296732656867143
50,26,raw,longest,12,exact_reversible,5.5876030921936035,5.546831846237183,0.7296732656867143
50,26,raw,longest,12,greedy_pair,5.5876030921936035,6.640481859445572,-18.84312020520815
50,26,raw,longest,12,random_mean,5.5876030921936035,9.012689612805843,-61.29795663899967
50,26,raw,longest,12,random_best,5.5876030921936035,7.798748046159744,-39.57233392356222
50,26,raw,longest,12,model_route,5.5876030921936035,6.521935872733593,-16.721530952070278
50,26,raw,longest,12,model_learned,5.5876030921936035,7.030370116233826,-25.8208573557399
50,26,two_opt,longest,4,original_order,5.5876030921936035,5.587602965533733,2.2668014899744863e-06
50,26,two_opt,longest,4,exact_fixed_orientation,5.5876030921936035,5.587602965533733,2.2668014899744863e-06
50,26,two_opt,longest,4,exact_reversible,5.5876030921936035,5.587602965533733,2.2668014899744863e-06
50,26,two_opt,longest,4,greedy_pair,5.5876030921936035,5.587602965533733,2.2668014899744863e-06
50,26,two_opt,longest,4,random_mean,5.5876030921936035,7.015415413305163,-25.55321660384835
50,26,two_opt,longest,4,random_best,5.5876030921936035,5.587602965533733,2.2668014899744863e-06
50,26,two_opt,longest,4,model_route,5.5876030921936035,5.587602965533733,2.2668014899744863e-06
50,26,two_opt,longest,4,model_learned,5.5876030921936035,5.587602965533733,2.2668014899744863e-06
50,26,two_opt,longest,8,original_order,5.5876030921936035,5.587602965533733,2.2668014899744863e-06
50,26,two_opt,longest,8,exact_fixed_orientation,5.5876030921936035,5.587602965533733,2.2668014899744863e-06
50,26,two_opt,longest,8,exact_reversible,5.5876030921936035,5.587602965533733,2.2668014899744863e-06
50,26,two_opt,longest,8,greedy_pair,5.5876030921936035,6.780660264194012,-21.351859685009106
50,26,two_opt,longest,8,random_mean,5.5876030921936035,8.246374808251858,-47.58340333394123
50,26,two_opt,longest,8,random_best,5.5876030921936035,7.668008960783482,-37.23252769146035
50,26,two_opt,longest,8,model_route,5.5876030921936035,5.587602965533733,2.2668014899744863e-06
50,26,two_opt,longest,8,model_learned,5.5876030921936035,7.187338508665562,-28.630083241004286
50,26,two_opt,longest,12,original_order,5.5876030921936035,5.587602965533733,2.2668014899744863e-06
50,26,two_opt,longest,12,exact_fixed_orientation,5.5876030921936035,5.546831846237183,0.7296732656867143
50,26,two_opt,longest,12,exact_reversible,5.5876030921936035,5.546831846237183,0.7296732656867143
50,26,two_opt,longest,12,greedy_pair,5.5876030921936035,6.640481859445572,-18.84312020520815
50,26,two_opt,longest,12,random_mean,5.5876030921936035,9.012689612805843,-61.29795663899967
50,26,two_opt,longest,12,random_best,5.5876030921936035,7.798748046159744,-39.57233392356222
50,26,two_opt,longest,12,model_route,5.5876030921936035,6.521935872733593,-16.721530952070278
50,26,two_opt,longest,12,model_learned,5.5876030921936035,7.030370116233826,-25.8208573557399
50,27,raw,longest,4,original_order,4.994051456451416,4.99405122268945,4.680808122761865e-06
50,27,raw,longest,4,exact_fixed_orientation,4.994051456451416,4.99405122268945,4.680808122761865e-06
50,27,raw,longest,4,exact_reversible,4.994051456451416,4.99405122268945,4.680808122761865e-06
50,27,raw,longest,4,greedy_pair,4.994051456451416,4.99405122268945,4.680808122761865e-06
50,27,raw,longest,4,random_mean,4.994051456451416,5.678526640869677,-13.705809609431281
50,27,raw,longest,4,random_best,4.994051456451416,4.99405122268945,4.680808122761865e-06
50,27,raw,longest,4,model_route,4.994051456451416,4.99405122268945,4.680808122761865e-06
50,27,raw,longest,4,model_learned,4.994051456451416,4.99405122268945,4.680808122761865e-06
50,27,raw,longest,8,original_order,4.994051456451416,4.99405122268945,4.680808122761865e-06
50,27,raw,longest,8,exact_fixed_orientation,4.994051456451416,4.99405122268945,4.680808122761865e-06
50,27,raw,longest,8,exact_reversible,4.994051456451416,4.99405122268945,4.680808122761865e-06
50,27,raw,longest,8,greedy_pair,4.994051456451416,5.67963379342109,-13.727979035618958
50,27,raw,longest,8,random_mean,4.994051456451416,7.812411857768893,-56.43434846224227
50,27,raw,longest,8,random_best,4.994051456451416,6.895650555379689,-38.077282853618755
50,27,raw,longest,8,model_route,4.994051456451416,4.99405122268945,4.680808122761865e-06
50,27,raw,longest,8,model_learned,4.994051456451416,5.1414262326434255,-2.9510063618112654
50,27,raw,longest,12,original_order,4.994051456451416,4.99405122268945,4.680808122761865e-06
50,27,raw,longest,12,exact_fixed_orientation,4.994051456451416,4.99405122268945,4.680808122761865e-06
50,27,raw,longest,12,exact_reversible,4.994051456451416,4.99405122268945,4.680808122761865e-06
50,27,raw,longest,12,greedy_pair,4.994051456451416,5.67963379342109,-13.727979035618958
50,27,raw,longest,12,random_mean,4.994051456451416,8.694712935946882,-74.10138865739712
50,27,raw,longest,12,random_best,4.994051456451416,7.4734923811629415,-49.64788501545241
50,27,raw,longest,12,model_route,4.994051456451416,4.99405122268945,4.680808122761865e-06
50,27,raw,longest,12,model_learned,4.994051456451416,5.920807448215783,-18.5571974947748
50,27,two_opt,longest,4,original_order,4.994051456451416,4.99405122268945,4.680808122761865e-06
50,27,two_opt,longest,4,exact_fixed_orientation,4.994051456451416,4.99405122268945,4.680808122761865e-06
50,27,two_opt,longest,4,exact_reversible,4.994051456451416,4.99405122268945,4.680808122761865e-06
50,27,two_opt,longest,4,greedy_pair,4.994051456451416,4.99405122268945,4.680808122761865e-06
50,27,two_opt,longest,4,random_mean,4.994051456451416,5.678526640869677,-13.705809609431281
50,27,two_opt,longest,4,random_best,4.994051456451416,4.99405122268945,4.680808122761865e-06
50,27,two_opt,longest,4,model_route,4.994051456451416,4.99405122268945,4.680808122761865e-06
50,27,two_opt,longest,4,model_learned,4.994051456451416,4.99405122268945,4.680808122761865e-06
50,27,two_opt,longest,8,original_order,4.994051456451416,4.99405122268945,4.680808122761865e-06
50,27,two_opt,longest,8,exact_fixed_orientation,4.994051456451416,4.99405122268945,4.680808122761865e-06
50,27,two_opt,longest,8,exact_reversible,4.994051456451416,4.99405122268945,4.680808122761865e-06
50,27,two_opt,longest,8,greedy_pair,4.994051456451416,5.67963379342109,-13.727979035618958
50,27,two_opt,longest,8,random_mean,4.994051456451416,7.812411857768893,-56.43434846224227
50,27,two_opt,longest,8,random_best,4.994051456451416,6.895650555379689,-38.077282853618755
50,27,two_opt,longest,8,model_route,4.994051456451416,4.99405122268945,4.680808122761865e-06
50,27,two_opt,longest,8,model_learned,4.994051456451416,5.1414262326434255,-2.9510063618112654
50,27,two_opt,longest,12,original_order,4.994051456451416,4.99405122268945,4.680808122761865e-06
50,27,two_opt,longest,12,exact_fixed_orientation,4.994051456451416,4.99405122268945,4.680808122761865e-06
50,27,two_opt,longest,12,exact_reversible,4.994051456451416,4.99405122268945,4.680808122761865e-06
50,27,two_opt,longest,12,greedy_pair,4.994051456451416,5.67963379342109,-13.727979035618958
50,27,two_opt,longest,12,random_mean,4.994051456451416,8.694712935946882,-74.10138865739712
50,27,two_opt,longest,12,random_best,4.994051456451416,7.4734923811629415,-49.64788501545241
50,27,two_opt,longest,12,model_route,4.994051456451416,4.99405122268945,4.680808122761865e-06
50,27,two_opt,longest,12,model_learned,4.994051456451416,5.920807448215783,-18.5571974947748
50,28,raw,longest,4,original_order,5.587974548339844,5.5879738964140415,1.1666585031682339e-05
50,28,raw,longest,4,exact_fixed_orientation,5.587974548339844,5.5879738964140415,1.1666585031682339e-05
50,28,raw,longest,4,exact_reversible,5.587974548339844,5.5879738964140415,1.1666585031682339e-05
50,28,raw,longest,4,greedy_pair,5.587974548339844,5.5879738964140415,1.1666585031682339e-05
50,28,raw,longest,4,random_mean,5.587974548339844,6.776861431077123,-21.275810626061112
50,28,raw,longest,4,random_best,5.587974548339844,5.5879738964140415,1.1666585031682339e-05
50,28,raw,longest,4,model_route,5.587974548339844,5.5879738964140415,1.1666585031682339e-05
50,28,raw,longest,4,model_learned,5.587974548339844,5.5879738964140415,1.1666585031682339e-05
50,28,raw,longest,8,original_order,5.587974548339844,5.5879738964140415,1.1666585031682339e-05
50,28,raw,longest,8,exact_fixed_orientation,5.587974548339844,5.5879738964140415,1.1666585031682339e-05
50,28,raw,longest,8,exact_reversible,5.587974548339844,5.5879738964140415,1.1666585031682339e-05
50,28,raw,longest,8,greedy_pair,5.587974548339844,5.5879738964140415,1.1666585031682339e-05
50,28,raw,longest,8,random_mean,5.587974548339844,8.029683768749237,-43.69578277937597
50,28,raw,longest,8,random_best,5.587974548339844,7.695231605321169,-37.710570059904434
50,28,raw,longest,8,model_route,5.587974548339844,5.5879738964140415,1.1666585031682339e-05
50,28,raw,longest,8,model_learned,5.587974548339844,5.5879738964140415,1.1666585031682339e-05
50,28,raw,longest,12,original_order,5.587974548339844,5.5879738964140415,1.1666585031682339e-05
50,28,raw,longest,12,exact_fixed_orientation,5.587974548339844,5.5879738964140415,1.1666585031682339e-05
50,28,raw,longest,12,exact_reversible,5.587974548339844,5.5879738964140415,1.1666585031682339e-05
50,28,raw,longest,12,greedy_pair,5.587974548339844,5.721393655985594,-2.3876112264217118
50,28,raw,longest,12,random_mean,5.587974548339844,10.732041027396917,-92.05601125340392
50,28,raw,longest,12,random_best,5.587974548339844,9.863540057092905,-76.51368974154165
50,28,raw,longest,12,model_route,5.587974548339844,5.5879738964140415,1.1666585031682339e-05
50,28,raw,longest,12,model_learned,5.587974548339844,5.5879738964140415,1.1666585031682339e-05
50,28,two_opt,longest,4,original_order,5.587974548339844,5.5879738964140415,1.1666585031682339e-05
50,28,two_opt,longest,4,exact_fixed_orientation,5.587974548339844,5.5879738964140415,1.1666585031682339e-05
50,28,two_opt,longest,4,exact_reversible,5.587974548339844,5.5879738964140415,1.1666585031682339e-05
50,28,two_opt,longest,4,greedy_pair,5.587974548339844,5.5879738964140415,1.1666585031682339e-05
50,28,two_opt,longest,4,random_mean,5.587974548339844,6.776861431077123,-21.275810626061112
50,28,two_opt,longest,4,random_best,5.587974548339844,5.5879738964140415,1.1666585031682339e-05
50,28,two_opt,longest,4,model_route,5.587974548339844,5.5879738964140415,1.1666585031682339e-05
50,28,two_opt,longest,4,model_learned,5.587974548339844,5.5879738964140415,1.1666585031682339e-05
50,28,two_opt,longest,8,original_order,5.587974548339844,5.5879738964140415,1.1666585031682339e-05
50,28,two_opt,longest,8,exact_fixed_orientation,5.587974548339844,5.5879738964140415,1.1666585031682339e-05
50,28,two_opt,longest,8,exact_reversible,5.587974548339844,5.5879738964140415,1.1666585031682339e-05
50,28,two_opt,longest,8,greedy_pair,5.587974548339844,5.5879738964140415,1.1666585031682339e-05
50,28,two_opt,longest,8,random_mean,5.587974548339844,8.029683768749237,-43.69578277937597
50,28,two_opt,longest,8,random_best,5.587974548339844,7.695231605321169,-37.710570059904434
50,28,two_opt,longest,8,model_route,5.587974548339844,5.5879738964140415,1.1666585031682339e-05
50,28,two_opt,longest,8,model_learned,5.587974548339844,5.5879738964140415,1.1666585031682339e-05
50,28,two_opt,longest,12,original_order,5.587974548339844,5.5879738964140415,1.1666585031682339e-05
50,28,two_opt,longest,12,exact_fixed_orientation,5.587974548339844,5.5879738964140415,1.1666585031682339e-05
50,28,two_opt,longest,12,exact_reversible,5.587974548339844,5.5879738964140415,1.1666585031682339e-05
50,28,two_opt,longest,12,greedy_pair,5.587974548339844,5.721393655985594,-2.3876112264217118
50,28,two_opt,longest,12,random_mean,5.587974548339844,10.732041027396917,-92.05601125340392
50,28,two_opt,longest,12,random_best,5.587974548339844,9.863540057092905,-76.51368974154165
50,28,two_opt,longest,12,model_route,5.587974548339844,5.5879738964140415,1.1666585031682339e-05
50,28,two_opt,longest,12,model_learned,5.587974548339844,5.5879738964140415,1.1666585031682339e-05
50,29,raw,longest,4,original_order,6.279366970062256,6.279366945847869,3.8561828055993313e-07
50,29,raw,longest,4,exact_fixed_orientation,6.279366970062256,6.279366945847869,3.8561828055993313e-07
50,29,raw,longest,4,exact_reversible,6.279366970062256,6.279366945847869,3.8561828055993313e-07
50,29,raw,longest,4,greedy_pair,6.279366970062256,6.279366945847869,3.8561828055993313e-07
50,29,raw,longest,4,random_mean,6.279366970062256,7.326982082799077,-16.683451018732782
50,29,raw,longest,4,random_best,6.279366970062256,6.279366945847869,3.8561828055993313e-07
50,29,raw,longest,4,model_route,6.279366970062256,6.279366945847869,3.8561828055993313e-07
50,29,raw,longest,4,model_learned,6.279366970062256,6.279366945847869,3.8561828055993313e-07
50,29,raw,longest,8,original_order,6.279366970062256,6.279366945847869,3.8561828055993313e-07
50,29,raw,longest,8,exact_fixed_orientation,6.279366970062256,6.279366945847869,3.8561828055993313e-07
50,29,raw,longest,8,exact_reversible,6.279366970062256,6.279366945847869,3.8561828055993313e-07
50,29,raw,longest,8,greedy_pair,6.279366970062256,7.017024463042617,-11.747322564475756
50,29,raw,longest,8,random_mean,6.279366970062256,9.184622818604112,-46.26669953186463
50,29,raw,longest,8,random_best,6.279366970062256,8.166993832215667,-30.0607827373831
50,29,raw,longest,8,model_route,6.279366970062256,7.31242679618299,-16.45165557365876
50,29,raw,longest,8,model_learned,6.279366970062256,6.279366945847869,3.8561828055993313e-07
50,29,raw,longest,12,original_order,6.279366970062256,6.279366945847869,3.8561828055993313e-07
50,29,raw,longest,12,exact_fixed_orientation,6.279366970062256,6.279366945847869,3.8561828055993313e-07
50,29,raw,longest,12,exact_reversible,6.279366970062256,6.279366945847869,3.8561828055993313e-07
50,29,raw,longest,12,greedy_pair,6.279366970062256,7.017024463042617,-11.747322564475756
50,29,raw,longest,12,random_mean,6.279366970062256,10.496476218104362,-67.15819075629365
50,29,raw,longest,12,random_best,6.279366970062256,9.441954215988517,-50.36474633516929
50,29,raw,longest,12,model_route,6.279366970062256,6.9625307228416204,-10.879500370601711
50,29,raw,longest,12,model_learned,6.279366970062256,6.5357399340718985,-4.082783586815931
50,29,two_opt,longest,4,original_order,6.266478538513184,6.266478946432471,-6.5095457548373665e-06
50,29,two_opt,longest,4,exact_fixed_orientation,6.266478538513184,6.266478946432471,-6.5095457548373665e-06
50,29,two_opt,longest,4,exact_reversible,6.266478538513184,6.266478946432471,-6.5095457548373665e-06
50,29,two_opt,longest,4,greedy_pair,6.266478538513184,6.266478946432471,-6.5095457548373665e-06
50,29,two_opt,longest,4,random_mean,6.266478538513184,7.314094083383679,-16.717771208054888
50,29,two_opt,longest,4,random_best,6.266478538513184,6.266478946432471,-6.5095457548373665e-06
50,29,two_opt,longest,4,model_route,6.266478538513184,6.266478946432471,-6.5095457548373665e-06
50,29,two_opt,longest,4,model_learned,6.266478538513184,6.266478946432471,-6.5095457548373665e-06
50,29,two_opt,longest,8,original_order,6.266478538513184,6.266478946432471,-6.5095457548373665e-06
50,29,two_opt,longest,8,exact_fixed_orientation,6.266478538513184,6.266478946432471,-6.5095457548373665e-06
50,29,two_opt,longest,8,exact_reversible,6.266478538513184,6.266478946432471,-6.5095457548373665e-06
50,29,two_opt,longest,8,greedy_pair,6.266478538513184,7.004136463627219,-11.771490488325458
50,29,two_opt,longest,8,random_mean,6.266478538513184,9.171734819188714,-46.3618643680035
50,29,two_opt,longest,8,random_best,6.266478538513184,8.15410583280027,-30.122616437380373
50,29,two_opt,longest,8,model_route,6.266478538513184,7.299538796767592,-16.485499023180537
50,29,two_opt,longest,8,model_learned,6.266478538513184,6.266478946432471,-6.5095457548373665e-06
50,29,two_opt,longest,12,original_order,6.266478538513184,6.266478946432471,-6.5095457548373665e-06
50,29,two_opt,longest,12,exact_fixed_orientation,6.266478538513184,6.266478946432471,-6.5095457548373665e-06
50,29,two_opt,longest,12,exact_reversible,6.266478538513184,6.266478946432471,-6.5095457548373665e-06
50,29,two_opt,longest,12,greedy_pair,6.266478538513184,7.004136463627219,-11.771490488325458
50,29,two_opt,longest,12,random_mean,6.266478538513184,10.423602724447846,-66.3390796024493
50,29,two_opt,longest,12,random_best,6.266478538513184,9.408530404791236,-50.1406307700138
50,29,two_opt,longest,12,model_route,6.266478538513184,6.949642723426223,-10.901883421675775
50,29,two_opt,longest,12,model_learned,6.266478538513184,6.781962817534804,-8.226059913131484
50,30,raw,longest,4,original_order,5.65067720413208,5.65067704138346,2.8801613334954666e-06
50,30,raw,longest,4,exact_fixed_orientation,5.65067720413208,5.65067704138346,2.8801613334954666e-06
50,30,raw,longest,4,exact_reversible,5.65067720413208,5.65067704138346,2.8801613334954666e-06
50,30,raw,longest,4,greedy_pair,5.65067720413208,5.65067704138346,2.8801613334954666e-06
50,30,raw,longest,4,random_mean,5.65067720413208,6.387400803389028,-13.037793040420281
50,30,raw,longest,4,random_best,5.65067720413208,5.65067704138346,2.8801613334954666e-06
50,30,raw,longest,4,model_route,5.65067720413208,5.65067704138346,2.8801613334954666e-06
50,30,raw,longest,4,model_learned,5.65067720413208,5.65067704138346,2.8801613334954666e-06
50,30,raw,longest,8,original_order,5.65067720413208,5.65067704138346,2.8801613334954666e-06
50,30,raw,longest,8,exact_fixed_orientation,5.65067720413208,5.65067704138346,2.8801613334954666e-06
50,30,raw,longest,8,exact_reversible,5.65067720413208,5.65067704138346,2.8801613334954666e-06
50,30,raw,longest,8,greedy_pair,5.65067720413208,5.65067704138346,2.8801613334954666e-06
50,30,raw,longest,8,random_mean,5.65067720413208,8.235458006383851,-45.74285008461711
50,30,raw,longest,8,random_best,5.65067720413208,7.436673642368987,-31.606768068982777
50,30,raw,longest,8,model_route,5.65067720413208,5.65067704138346,2.8801613334954666e-06
50,30,raw,longest,8,model_learned,5.65067720413208,5.65067704138346,2.8801613334954666e-06
50,30,raw,longest,12,original_order,5.65067720413208,5.65067704138346,2.8801613334954666e-06
50,30,raw,longest,12,exact_fixed_orientation,5.65067720413208,5.65067704138346,2.8801613334954666e-06
50,30,raw,longest,12,exact_reversible,5.65067720413208,5.65067704138346,2.8801613334954666e-06
50,30,raw,longest,12,greedy_pair,5.65067720413208,5.65067704138346,2.8801613334954666e-06
50,30,raw,longest,12,random_mean,5.65067720413208,10.646334023447707,-88.40810824696433
50,30,raw,longest,12,random_best,5.65067720413208,9.428712056251243,-66.8598597236533
50,30,raw,longest,12,model_route,5.65067720413208,5.65067704138346,2.8801613334954666e-06
50,30,raw,longest,12,model_learned,5.65067720413208,5.65067704138346,2.8801613334954666e-06
50,30,two_opt,longest,4,original_order,5.65067720413208,5.65067704138346,2.8801613334954666e-06
50,30,two_opt,longest,4,exact_fixed_orientation,5.65067720413208,5.65067704138346,2.8801613334954666e-06
50,30,two_opt,longest,4,exact_reversible,5.65067720413208,5.65067704138346,2.8801613334954666e-06
50,30,two_opt,longest,4,greedy_pair,5.65067720413208,5.65067704138346,2.8801613334954666e-06
50,30,two_opt,longest,4,random_mean,5.65067720413208,6.387400803389028,-13.037793040420281
50,30,two_opt,longest,4,random_best,5.65067720413208,5.65067704138346,2.8801613334954666e-06
50,30,two_opt,longest,4,model_route,5.65067720413208,5.65067704138346,2.8801613334954666e-06
50,30,two_opt,longest,4,model_learned,5.65067720413208,5.65067704138346,2.8801613334954666e-06
50,30,two_opt,longest,8,original_order,5.65067720413208,5.65067704138346,2.8801613334954666e-06
50,30,two_opt,longest,8,exact_fixed_orientation,5.65067720413208,5.65067704138346,2.8801613334954666e-06
50,30,two_opt,longest,8,exact_reversible,5.65067720413208,5.65067704138346,2.8801613334954666e-06
50,30,two_opt,longest,8,greedy_pair,5.65067720413208,5.65067704138346,2.8801613334954666e-06
50,30,two_opt,longest,8,random_mean,5.65067720413208,8.235458006383851,-45.74285008461711
50,30,two_opt,longest,8,random_best,5.65067720413208,7.436673642368987,-31.606768068982777
50,30,two_opt,longest,8,model_route,5.65067720413208,5.65067704138346,2.8801613334954666e-06
50,30,two_opt,longest,8,model_learned,5.65067720413208,5.65067704138346,2.8801613334954666e-06
50,30,two_opt,longest,12,original_order,5.65067720413208,5.65067704138346,2.8801613334954666e-06
50,30,two_opt,longest,12,exact_fixed_orientation,5.65067720413208,5.65067704138346,2.8801613334954666e-06
50,30,two_opt,longest,12,exact_reversible,5.65067720413208,5.65067704138346,2.8801613334954666e-06
50,30,two_opt,longest,12,greedy_pair,5.65067720413208,5.65067704138346,2.8801613334954666e-06
50,30,two_opt,longest,12,random_mean,5.65067720413208,10.646334023447707,-88.40810824696433
50,30,two_opt,longest,12,random_best,5.65067720413208,9.428712056251243,-66.8598597236533
50,30,two_opt,longest,12,model_route,5.65067720413208,5.65067704138346,2.8801613334954666e-06
50,30,two_opt,longest,12,model_learned,5.65067720413208,5.65067704138346,2.8801613334954666e-06
50,31,raw,longest,4,original_order,5.9635329246521,5.963533205911517,-4.716322037415139e-06
50,31,raw,longest,4,exact_fixed_orientation,5.9635329246521,5.963533205911517,-4.716322037415139e-06
50,31,raw,longest,4,exact_reversible,5.9635329246521,5.963533205911517,-4.716322037415139e-06
50,31,raw,longest,4,greedy_pair,5.9635329246521,5.963533205911517,-4.716322037415139e-06
50,31,raw,longest,4,random_mean,5.9635329246521,7.186140403151512,-20.50139563152889
50,31,raw,longest,4,random_best,5.9635329246521,5.963533205911517,-4.716322037415139e-06
50,31,raw,longest,4,model_route,5.9635329246521,5.963533205911517,-4.716322037415139e-06
50,31,raw,longest,4,model_learned,5.9635329246521,5.963533205911517,-4.716322037415139e-06
50,31,raw,longest,8,original_order,5.9635329246521,5.963533205911517,-4.716322037415139e-06
50,31,raw,longest,8,exact_fixed_orientation,5.9635329246521,5.963533205911517,-4.716322037415139e-06
50,31,raw,longest,8,exact_reversible,5.9635329246521,5.945157123729587,0.3081361527585599
50,31,raw,longest,8,greedy_pair,5.9635329246521,6.9317190777510405,-16.235110383924354
50,31,raw,longest,8,random_mean,5.9635329246521,8.5923359002918,-44.081302289331454
50,31,raw,longest,8,random_best,5.9635329246521,5.963533205911517,-4.716322037415139e-06
50,31,raw,longest,8,model_route,5.9635329246521,6.4957873951643705,-8.925153549702612
50,31,raw,longest,8,model_learned,5.9635329246521,5.980112312361598,-0.2780128477359855
50,31,raw,longest,12,original_order,5.9635329246521,5.963533205911517,-4.716322037415139e-06
50,31,raw,longest,12,exact_fixed_orientation,5.9635329246521,5.963533205911517,-4.716322037415139e-06
50,31,raw,longest,12,exact_reversible,5.9635329246521,5.945157123729587,0.3081361527585599
50,31,raw,longest,12,greedy_pair,5.9635329246521,7.330447031185031,-22.92121337810295
50,31,raw,longest,12,random_mean,5.9635329246521,10.944589670747519,-83.52526613049602
50,31,raw,longest,12,random_best,5.9635329246521,10.257145611569285,-71.99780299976572
50,31,raw,longest,12,model_route,5.9635329246521,7.229429392144084,-21.22729065951848
50,31,raw,longest,12,model_learned,5.9635329246521,6.3870369624346495,-7.101562834202952
50,31,two_opt,longest,4,original_order,5.9635329246521,5.963533205911517,-4.716322037415139e-06
50,31,two_opt,longest,4,exact_fixed_orientation,5.9635329246521,5.963533205911517,-4.716322037415139e-06
50,31,two_opt,longest,4,exact_reversible,5.9635329246521,5.963533205911517,-4.716322037415139e-06
50,31,two_opt,longest,4,greedy_pair,5.9635329246521,5.963533205911517,-4.716322037415139e-06
50,31,two_opt,longest,4,random_mean,5.9635329246521,7.186140403151512,-20.50139563152889
50,31,two_opt,longest,4,random_best,5.9635329246521,5.963533205911517,-4.716322037415139e-06
50,31,two_opt,longest,4,model_route,5.9635329246521,5.963533205911517,-4.716322037415139e-06
50,31,two_opt,longest,4,model_learned,5.9635329246521,5.963533205911517,-4.716322037415139e-06
50,31,two_opt,longest,8,original_order,5.9635329246521,5.963533205911517,-4.716322037415139e-06
50,31,two_opt,longest,8,exact_fixed_orientation,5.9635329246521,5.963533205911517,-4.716322037415139e-06
50,31,two_opt,longest,8,exact_reversible,5.9635329246521,5.945157123729587,0.3081361527585599
50,31,two_opt,longest,8,greedy_pair,5.9635329246521,6.9317190777510405,-16.235110383924354
50,31,two_opt,longest,8,random_mean,5.9635329246521,8.5923359002918,-44.081302289331454
50,31,two_opt,longest,8,random_best,5.9635329246521,5.963533205911517,-4.716322037415139e-06
50,31,two_opt,longest,8,model_route,5.9635329246521,6.4957873951643705,-8.925153549702612
50,31,two_opt,longest,8,model_learned,5.9635329246521,5.980112312361598,-0.2780128477359855
50,31,two_opt,longest,12,original_order,5.9635329246521,5.963533205911517,-4.716322037415139e-06
50,31,two_opt,longest,12,exact_fixed_orientation,5.9635329246521,5.963533205911517,-4.716322037415139e-06
50,31,two_opt,longest,12,exact_reversible,5.9635329246521,5.945157123729587,0.3081361527585599
50,31,two_opt,longest,12,greedy_pair,5.9635329246521,7.330447031185031,-22.92121337810295
50,31,two_opt,longest,12,random_mean,5.9635329246521,10.944589670747519,-83.52526613049602
50,31,two_opt,longest,12,random_best,5.9635329246521,10.257145611569285,-71.99780299976572
50,31,two_opt,longest,12,model_route,5.9635329246521,7.229429392144084,-21.22729065951848
50,31,two_opt,longest,12,model_learned,5.9635329246521,6.3870369624346495,-7.101562834202952
50,32,raw,longest,4,original_order,5.3521318435668945,5.352131779305637,1.2006665666449934e-06
50,32,raw,longest,4,exact_fixed_orientation,5.3521318435668945,5.352131779305637,1.2006665666449934e-06
50,32,raw,longest,4,exact_reversible,5.3521318435668945,5.352131779305637,1.2006665666449934e-06
50,32,raw,longest,4,greedy_pair,5.3521318435668945,5.352131779305637,1.2006665666449934e-06
50,32,raw,longest,4,random_mean,5.3521318435668945,6.217369333840907,-16.166221527483522
50,32,raw,longest,4,random_best,5.3521318435668945,5.352131779305637,1.2006665666449934e-06
50,32,raw,longest,4,model_route,5.3521318435668945,5.352131779305637,1.2006665666449934e-06
50,32,raw,longest,4,model_learned,5.3521318435668945,5.352131779305637,1.2006665666449934e-06
50,32,raw,longest,8,original_order,5.3521318435668945,5.352131779305637,1.2006665666449934e-06
50,32,raw,longest,8,exact_fixed_orientation,5.3521318435668945,5.352131779305637,1.2006665666449934e-06
50,32,raw,longest,8,exact_reversible,5.3521318435668945,5.352131779305637,1.2006665666449934e-06
50,32,raw,longest,8,greedy_pair,5.3521318435668945,6.163721169345081,-15.163851517478832
50,32,raw,longest,8,random_mean,5.3521318435668945,7.885816383175552,-47.33972580765311
50,32,raw,longest,8,random_best,5.3521318435668945,6.327635447494686,-18.226449430619276
50,32,raw,longest,8,model_route,5.3521318435668945,6.278612713329494,-17.310501625183285
50,32,raw,longest,8,model_learned,5.3521318435668945,5.352131779305637,1.2006665666449934e-06
50,32,raw,longest,12,original_order,5.3521318435668945,5.352131779305637,1.2006665666449934e-06
50,32,raw,longest,12,exact_fixed_orientation,5.3521318435668945,5.352131779305637,1.2006665666449934e-06
50,32,raw,longest,12,exact_reversible,5.3521318435668945,5.335387255065143,0.3128582963044516
50,32,raw,longest,12,greedy_pair,5.3521318435668945,5.420243288390338,-1.2726040167585155
50,32,raw,longest,12,random_mean,5.3521318435668945,8.981954072602093,-67.82011981633335
50,32,raw,longest,12,random_best,5.3521318435668945,8.04691460262984,-50.34970807570811
50,32,raw,longest,12,model_route,5.3521318435668945,6.356114964000881,-18.758564807044962
50,32,raw,longest,12,model_learned,5.3521318435668945,5.420243288390338,-1.2726040167585155
50,32,two_opt,longest,4,original_order,5.3521318435668945,5.352131779305637,1.2006665666449934e-06
50,32,two_opt,longest,4,exact_fixed_orientation,5.3521318435668945,5.352131779305637,1.2006665666449934e-06
50,32,two_opt,longest,4,exact_reversible,5.3521318435668945,5.352131779305637,1.2006665666449934e-06
50,32,two_opt,longest,4,greedy_pair,5.3521318435668945,5.352131779305637,1.2006665666449934e-06
50,32,two_opt,longest,4,random_mean,5.3521318435668945,6.217369333840907,-16.166221527483522
50,32,two_opt,longest,4,random_best,5.3521318435668945,5.352131779305637,1.2006665666449934e-06
50,32,two_opt,longest,4,model_route,5.3521318435668945,5.352131779305637,1.2006665666449934e-06
50,32,two_opt,longest,4,model_learned,5.3521318435668945,5.352131779305637,1.2006665666449934e-06
50,32,two_opt,longest,8,original_order,5.3521318435668945,5.352131779305637,1.2006665666449934e-06
50,32,two_opt,longest,8,exact_fixed_orientation,5.3521318435668945,5.352131779305637,1.2006665666449934e-06
50,32,two_opt,longest,8,exact_reversible,5.3521318435668945,5.352131779305637,1.2006665666449934e-06
50,32,two_opt,longest,8,greedy_pair,5.3521318435668945,6.163721169345081,-15.163851517478832
50,32,two_opt,longest,8,random_mean,5.3521318435668945,7.885816383175552,-47.33972580765311
50,32,two_opt,longest,8,random_best,5.3521318435668945,6.327635447494686,-18.226449430619276
50,32,two_opt,longest,8,model_route,5.3521318435668945,6.278612713329494,-17.310501625183285
50,32,two_opt,longest,8,model_learned,5.3521318435668945,5.352131779305637,1.2006665666449934e-06
50,32,two_opt,longest,12,original_order,5.3521318435668945,5.352131779305637,1.2006665666449934e-06
50,32,two_opt,longest,12,exact_fixed_orientation,5.3521318435668945,5.352131779305637,1.2006665666449934e-06
50,32,two_opt,longest,12,exact_reversible,5.3521318435668945,5.335387255065143,0.3128582963044516
50,32,two_opt,longest,12,greedy_pair,5.3521318435668945,5.420243288390338,-1.2726040167585155
50,32,two_opt,longest,12,random_mean,5.3521318435668945,8.981954072602093,-67.82011981633335
50,32,two_opt,longest,12,random_best,5.3521318435668945,8.04691460262984,-50.34970807570811
50,32,two_opt,longest,12,model_route,5.3521318435668945,6.356114964000881,-18.758564807044962
50,32,two_opt,longest,12,model_learned,5.3521318435668945,5.420243288390338,-1.2726040167585155
50,33,raw,longest,4,original_order,5.566073417663574,5.566073385998607,5.688923799754337e-07
50,33,raw,longest,4,exact_fixed_orientation,5.566073417663574,5.566073385998607,5.688923799754337e-07
50,33,raw,longest,4,exact_reversible,5.566073417663574,5.566073385998607,5.688923799754337e-07
50,33,raw,longest,4,greedy_pair,5.566073417663574,6.4040021281689405,-15.054215919004118
50,33,raw,longest,4,random_mean,5.566073417663574,6.588356109336019,-18.36631705985581
50,33,raw,longest,4,random_best,5.566073417663574,5.566073385998607,5.688923799754337e-07
50,33,raw,longest,4,model_route,5.566073417663574,5.566073385998607,5.688923799754337e-07
50,33,raw,longest,4,model_learned,5.566073417663574,5.566073385998607,5.688923799754337e-07
50,33,raw,longest,8,original_order,5.566073417663574,5.566073385998607,5.688923799754337e-07
50,33,raw,longest,8,exact_fixed_orientation,5.566073417663574,5.566073385998607,5.688923799754337e-07
50,33,raw,longest,8,exact_reversible,5.566073417663574,5.566073385998607,5.688923799754337e-07
50,33,raw,longest,8,greedy_pair,5.566073417663574,6.4040021281689405,-15.054215919004118
50,33,raw,longest,8,random_mean,5.566073417663574,8.113909872248769,-45.774395402327976
50,33,raw,longest,8,random_best,5.566073417663574,6.959418786689639,-25.03282411986111
50,33,raw,longest,8,model_route,5.566073417663574,5.566073385998607,5.688923799754337e-07
50,33,raw,longest,8,model_learned,5.566073417663574,5.897091267630458,-5.947062230915243
50,33,raw,longest,12,original_order,5.566073417663574,5.566073385998607,5.688923799754337e-07
50,33,raw,longest,12,exact_fixed_orientation,5.566073417663574,5.566073385998607,5.688923799754337e-07
50,33,raw,longest,12,exact_reversible,5.566073417663574,5.566073385998607,5.688923799754337e-07
50,33,raw,longest,12,greedy_pair,5.566073417663574,6.4040021281689405,-15.054215919004118
50,33,raw,longest,12,random_mean,5.566073417663574,9.09719567000866,-63.440094791766434
50,33,raw,longest,12,random_best,5.566073417663574,8.474802685901523,-52.258190828156955
50,33,raw,longest,12,model_route,5.566073417663574,5.566073385998607,5.688923799754337e-07
50,33,raw,longest,12,model_learned,5.566073417663574,5.897091267630458,-5.947062230915243
50,33,two_opt,longest,4,original_order,5.566073417663574,5.566073385998607,5.688923799754337e-07
50,33,two_opt,longest,4,exact_fixed_orientation,5.566073417663574,5.566073385998607,5.688923799754337e-07
50,33,two_opt,longest,4,exact_reversible,5.566073417663574,5.566073385998607,5.688923799754337e-07
50,33,two_opt,longest,4,greedy_pair,5.566073417663574,6.4040021281689405,-15.054215919004118
50,33,two_opt,longest,4,random_mean,5.566073417663574,6.588356109336019,-18.36631705985581
50,33,two_opt,longest,4,random_best,5.566073417663574,5.566073385998607,5.688923799754337e-07
50,33,two_opt,longest,4,model_route,5.566073417663574,5.566073385998607,5.688923799754337e-07
50,33,two_opt,longest,4,model_learned,5.566073417663574,5.566073385998607,5.688923799754337e-07
50,33,two_opt,longest,8,original_order,5.566073417663574,5.566073385998607,5.688923799754337e-07
50,33,two_opt,longest,8,exact_fixed_orientation,5.566073417663574,5.566073385998607,5.688923799754337e-07
50,33,two_opt,longest,8,exact_reversible,5.566073417663574,5.566073385998607,5.688923799754337e-07
50,33,two_opt,longest,8,greedy_pair,5.566073417663574,6.4040021281689405,-15.054215919004118
50,33,two_opt,longest,8,random_mean,5.566073417663574,8.113909872248769,-45.774395402327976
50,33,two_opt,longest,8,random_best,5.566073417663574,6.959418786689639,-25.03282411986111
50,33,two_opt,longest,8,model_route,5.566073417663574,5.566073385998607,5.688923799754337e-07
50,33,two_opt,longest,8,model_learned,5.566073417663574,5.897091267630458,-5.947062230915243
50,33,two_opt,longest,12,original_order,5.566073417663574,5.566073385998607,5.688923799754337e-07
50,33,two_opt,longest,12,exact_fixed_orientation,5.566073417663574,5.566073385998607,5.688923799754337e-07
50,33,two_opt,longest,12,exact_reversible,5.566073417663574,5.566073385998607,5.688923799754337e-07
50,33,two_opt,longest,12,greedy_pair,5.566073417663574,6.4040021281689405,-15.054215919004118
50,33,two_opt,longest,12,random_mean,5.566073417663574,9.09719567000866,-63.440094791766434
50,33,two_opt,longest,12,random_best,5.566073417663574,8.474802685901523,-52.258190828156955
50,33,two_opt,longest,12,model_route,5.566073417663574,5.566073385998607,5.688923799754337e-07
50,33,two_opt,longest,12,model_learned,5.566073417663574,5.897091267630458,-5.947062230915243
50,34,raw,longest,4,original_order,5.4973835945129395,5.497383611276746,-3.0494154273336394e-07
50,34,raw,longest,4,exact_fixed_orientation,5.4973835945129395,5.497383611276746,-3.0494154273336394e-07
50,34,raw,longest,4,exact_reversible,5.4973835945129395,5.497383611276746,-3.0494154273336394e-07
50,34,raw,longest,4,greedy_pair,5.4973835945129395,5.497383611276746,-3.0494154273336394e-07
50,34,raw,longest,4,random_mean,5.4973835945129395,6.354007670655847,-15.582395905534455
50,34,raw,longest,4,random_best,5.4973835945129395,5.497383611276746,-3.0494154273336394e-07
50,34,raw,longest,4,model_route,5.4973835945129395,5.497383611276746,-3.0494154273336394e-07
50,34,raw,longest,4,model_learned,5.4973835945129395,5.497383611276746,-3.0494154273336394e-07
50,34,raw,longest,8,original_order,5.4973835945129395,5.497383611276746,-3.0494154273336394e-07
50,34,raw,longest,8,exact_fixed_orientation,5.4973835945129395,5.497383611276746,-3.0494154273336394e-07
50,34,raw,longest,8,exact_reversible,5.4973835945129395,5.497383611276746,-3.0494154273336394e-07
50,34,raw,longest,8,greedy_pair,5.4973835945129395,5.497383611276746,-3.0494154273336394e-07
50,34,raw,longest,8,random_mean,5.4973835945129395,8.252920269966125,-50.12451156225569
50,34,raw,longest,8,random_best,5.4973835945129395,7.205636831000447,-31.073931937231983
50,34,raw,longest,8,model_route,5.4973835945129395,7.525146933272481,-36.88597136978939
50,34,raw,longest,8,model_learned,5.4973835945129395,6.523066522553563,-18.657656145086555
50,34,raw,longest,12,original_order,5.4973835945129395,5.497383611276746,-3.0494154273336394e-07
50,34,raw,longest,12,exact_fixed_orientation,5.4973835945129395,5.497383611276746,-3.0494154273336394e-07
50,34,raw,longest,12,exact_reversible,5.4973835945129395,5.497383611276746,-3.0494154273336394e-07
50,34,raw,longest,12,greedy_pair,5.4973835945129395,6.031417550519109,-9.714329495565863
50,34,raw,longest,12,random_mean,5.4973835945129395,9.759591104462743,-77.53156454652368
50,34,raw,longest,12,random_best,5.4973835945129395,8.746834369376302,-59.10904194691292
50,34,raw,longest,12,model_route,5.4973835945129395,5.497383611276746,-3.0494154273336394e-07
50,34,raw,longest,12,model_learned,5.4973835945129395,7.578891830518842,-37.8636163953249
50,34,two_opt,longest,4,original_order,5.490141868591309,5.490141740068793,2.340968928912452e-06
50,34,two_opt,longest,4,exact_fixed_orientation,5.490141868591309,5.490141740068793,2.340968928912452e-06
50,34,two_opt,longest,4,exact_reversible,5.490141868591309,5.490141740068793,2.340968928912452e-06
50,34,two_opt,longest,4,greedy_pair,5.490141868591309,5.490141740068793,2.340968928912452e-06
50,34,two_opt,longest,4,random_mean,5.490141868591309,6.346765799447894,-15.602947088804154
50,34,two_opt,longest,4,random_best,5.490141868591309,5.490141740068793,2.340968928912452e-06
50,34,two_opt,longest,4,model_route,5.490141868591309,5.490141740068793,2.340968928912452e-06
50,34,two_opt,longest,4,model_learned,5.490141868591309,5.490141740068793,2.340968928912452e-06
50,34,two_opt,longest,8,original_order,5.490141868591309,5.490141740068793,2.340968928912452e-06
50,34,two_opt,longest,8,exact_fixed_orientation,5.490141868591309,5.490141740068793,2.340968928912452e-06
50,34,two_opt,longest,8,exact_reversible,5.490141868591309,5.490141740068793,2.340968928912452e-06
50,34,two_opt,longest,8,greedy_pair,5.490141868591309,5.490141740068793,2.340968928912452e-06
50,34,two_opt,longest,8,random_mean,5.490141868591309,8.388151869177818,-52.78570335615202
50,34,two_opt,longest,8,random_best,5.490141868591309,7.3590915109962225,-34.041918900074975
50,34,two_opt,longest,8,model_route,5.490141868591309,5.490141740068793,2.340968928912452e-06
50,34,two_opt,longest,8,model_learned,5.490141868591309,5.991294136270881,-9.1282207213374
50,34,two_opt,longest,12,original_order,5.490141868591309,5.490141740068793,2.340968928912452e-06
50,34,two_opt,longest,12,exact_fixed_orientation,5.490141868591309,5.490141740068793,2.340968928912452e-06
50,34,two_opt,longest,12,exact_reversible,5.490141868591309,5.490141740068793,2.340968928912452e-06
50,34,two_opt,longest,12,greedy_pair,5.490141868591309,6.024175679311156,-9.72714045469417
50,34,two_opt,longest,12,random_mean,5.490141868591309,9.760798210278153,-77.78772286594179
50,34,two_opt,longest,12,random_best,5.490141868591309,8.763892000541091,-59.62960903940684
50,34,two_opt,longest,12,model_route,5.490141868591309,5.490141740068793,2.340968928912452e-06
50,34,two_opt,longest,12,model_learned,5.490141868591309,7.571649959310889,-37.9135574369714
50,35,raw,longest,4,original_order,5.8514275550842285,5.851428089663386,-9.135875866134511e-06
50,35,raw,longest,4,exact_fixed_orientation,5.8514275550842285,5.851428089663386,-9.135875866134511e-06
50,35,raw,longest,4,exact_reversible,5.8514275550842285,5.851428089663386,-9.135875866134511e-06
50,35,raw,longest,4,greedy_pair,5.8514275550842285,6.075778601691127,-3.834124997616396
50,35,raw,longest,4,random_mean,5.8514275550842285,6.428362051025033,-9.85972210216486
50,35,raw,longest,4,random_best,5.8514275550842285,6.040275363251567,-3.2273800946787934
50,35,raw,longest,4,model_route,5.8514275550842285,6.075778601691127,-3.834124997616396
50,35,raw,longest,4,model_learned,5.8514275550842285,6.075778601691127,-3.834124997616396
50,35,raw,longest,8,original_order,5.8514275550842285,5.851428089663386,-9.135875866134511e-06
50,35,raw,longest,8,exact_fixed_orientation,5.8514275550842285,5.756549088284373,1.6214584544828994
50,35,raw,longest,8,exact_reversible,5.8514275550842285,5.756549088284373,1.6214584544828994
50,35,raw,longest,8,greedy_pair,5.8514275550842285,5.756549088284373,1.6214584544828994
50,35,raw,longest,8,random_mean,5.8514275550842285,8.386148266494274,-43.317988431859845
50,35,raw,longest,8,random_best,5.8514275550842285,6.991960925981402,-19.491540485811527
50,35,raw,longest,8,model_route,5.8514275550842285,6.306706739589572,-7.780651477258012
50,35,raw,longest,8,model_learned,5.8514275550842285,5.756549088284373,1.6214584544828994
50,35,raw,longest,12,original_order,5.8514275550842285,5.851428089663386,-9.135875866134511e-06
50,35,raw,longest,12,exact_fixed_orientation,5.8514275550842285,5.756549088284373,1.6214584544828994
50,35,raw,longest,12,exact_reversible,5.8514275550842285,5.756549088284373,1.6214584544828994
50,35,raw,longest,12,greedy_pair,5.8514275550842285,5.756549088284373,1.6214584544828994
50,35,raw,longest,12,random_mean,5.8514275550842285,10.19803654588759,-74.28288139749162
50,35,raw,longest,12,random_best,5.8514275550842285,9.306169671937823,-59.04101322850378
50,35,raw,longest,12,model_route,5.8514275550842285,6.306706739589572,-7.780651477258012
50,35,raw,longest,12,model_learned,5.8514275550842285,6.075778601691127,-3.834124997616396
50,35,two_opt,longest,4,original_order,5.850133419036865,5.850133014842868,6.909141526034837e-06
50,35,two_opt,longest,4,exact_fixed_orientation,5.850133419036865,5.850133014842868,6.909141526034837e-06
50,35,two_opt,longest,4,exact_reversible,5.850133419036865,5.850133014842868,6.909141526034837e-06
50,35,two_opt,longest,4,greedy_pair,5.850133419036865,6.074483526870608,-3.8349571157417963
50,35,two_opt,longest,4,random_mean,5.850133419036865,6.4270669762045145,-9.861887171500314
50,35,two_opt,longest,4,random_best,5.850133419036865,6.038980288431048,-3.2280779918567037
50,35,two_opt,longest,4,model_route,5.850133419036865,6.074483526870608,-3.8349571157417963
50,35,two_opt,longest,4,model_learned,5.850133419036865,6.074483526870608,-3.8349571157417963
50,35,two_opt,longest,8,original_order,5.850133419036865,5.850133014842868,6.909141526034837e-06
50,35,two_opt,longest,8,exact_fixed_orientation,5.850133419036865,5.755254013463855,1.6218331921159994
50,35,two_opt,longest,8,exact_reversible,5.850133419036865,5.755254013463855,1.6218331921159994
50,35,two_opt,longest,8,greedy_pair,5.850133419036865,5.755254013463855,1.6218331921159994
50,35,two_opt,longest,8,random_mean,5.850133419036865,8.377843871712685,-43.20774026196428
50,35,two_opt,longest,8,random_best,5.850133419036865,6.990665851160884,-19.495836255847134
50,35,two_opt,longest,8,model_route,5.850133419036865,5.850133014842868,6.909141526034837e-06
50,35,two_opt,longest,8,model_learned,5.850133419036865,5.755254013463855,1.6218331921159994
50,35,two_opt,longest,12,original_order,5.850133419036865,5.850133014842868,6.909141526034837e-06
50,35,two_opt,longest,12,exact_fixed_orientation,5.850133419036865,5.755254013463855,1.6218331921159994
50,35,two_opt,longest,12,exact_reversible,5.850133419036865,5.755254013463855,1.6218331921159994
50,35,two_opt,longest,12,greedy_pair,5.850133419036865,5.755254013463855,1.6218331921159994
50,35,two_opt,longest,12,random_mean,5.850133419036865,10.188670316711068,-74.16133251860906
50,35,two_opt,longest,12,random_best,5.850133419036865,9.291132329031825,-58.8191527187677
50,35,two_opt,longest,12,model_route,5.850133419036865,6.294126419350505,-7.589450846861819
50,35,two_opt,longest,12,model_learned,5.850133419036865,6.074483526870608,-3.8349571157417963
50,36,raw,longest,4,original_order,5.664543151855469,5.6645427090115845,7.817821708792223e-06
50,36,raw,longest,4,exact_fixed_orientation,5.664543151855469,5.6645427090115845,7.817821708792223e-06
50,36,raw,longest,4,exact_reversible,5.664543151855469,5.6645427090115845,7.817821708792223e-06
50,36,raw,longest,4,greedy_pair,5.664543151855469,5.6645427090115845,7.817821708792223e-06
50,36,raw,longest,4,random_mean,5.664543151855469,6.2890618913806975,-11.025050437133
50,36,raw,longest,4,random_best,5.664543151855469,5.6645427090115845,7.817821708792223e-06
50,36,raw,longest,4,model_route,5.664543151855469,5.6645427090115845,7.817821708792223e-06
50,36,raw,longest,4,model_learned,5.664543151855469,5.6645427090115845,7.817821708792223e-06
50,36,raw,longest,8,original_order,5.664543151855469,5.6645427090115845,7.817821708792223e-06
50,36,raw,longest,8,exact_fixed_orientation,5.664543151855469,5.6645427090115845,7.817821708792223e-06
50,36,raw,longest,8,exact_reversible,5.664543151855469,5.6645427090115845,7.817821708792223e-06
50,36,raw,longest,8,greedy_pair,5.664543151855469,5.6645427090115845,7.817821708792223e-06
50,36,raw,longest,8,random_mean,5.664543151855469,8.914854290429503,-57.37993429371912
50,36,raw,longest,8,random_best,5.664543151855469,7.741009165067226,-36.65725474315776
50,36,raw,longest,8,model_route,5.664543151855469,5.6645427090115845,7.817821708792223e-06
50,36,raw,longest,8,model_learned,5.664543151855469,5.6645427090115845,7.817821708792223e-06
50,36,raw,longest,12,original_order,5.664543151855469,5.6645427090115845,7.817821708792223e-06
50,36,raw,longest,12,exact_fixed_orientation,5.664543151855469,5.6645427090115845,7.817821708792223e-06
50,36,raw,longest,12,exact_reversible,5.664543151855469,5.6645427090115845,7.817821708792223e-06
50,36,raw,longest,12,greedy_pair,5.664543151855469,7.239636425394565,-27.806183681788372
50,36,raw,longest,12,random_mean,5.664543151855469,10.59885154524818,-87.10867339365996
50,36,raw,longest,12,random_best,5.664543151855469,9.326842222828418,-64.65303507791855
50,36,raw,longest,12,model_route,5.664543151855469,6.5881588202901185,-16.305210211561572
50,36,raw,longest,12,model_learned,5.664543151855469,5.8276102733798325,-2.878733856426705
50,36,two_opt,longest,4,original_order,5.664543151855469,5.6645427090115845,7.817821708792223e-06
50,36,two_opt,longest,4,exact_fixed_orientation,5.664543151855469,5.6645427090115845,7.817821708792223e-06
50,36,two_opt,longest,4,exact_reversible,5.664543151855469,5.6645427090115845,7.817821708792223e-06
50,36,two_opt,longest,4,greedy_pair,5.664543151855469,5.6645427090115845,7.817821708792223e-06
50,36,two_opt,longest,4,random_mean,5.664543151855469,6.2890618913806975,-11.025050437133
50,36,two_opt,longest,4,random_best,5.664543151855469,5.6645427090115845,7.817821708792223e-06
50,36,two_opt,longest,4,model_route,5.664543151855469,5.6645427090115845,7.817821708792223e-06
50,36,two_opt,longest,4,model_learned,5.664543151855469,5.6645427090115845,7.817821708792223e-06
50,36,two_opt,longest,8,original_order,5.664543151855469,5.6645427090115845,7.817821708792223e-06
50,36,two_opt,longest,8,exact_fixed_orientation,5.664543151855469,5.6645427090115845,7.817821708792223e-06
50,36,two_opt,longest,8,exact_reversible,5.664543151855469,5.6645427090115845,7.817821708792223e-06
50,36,two_opt,longest,8,greedy_pair,5.664543151855469,5.6645427090115845,7.817821708792223e-06
50,36,two_opt,longest,8,random_mean,5.664543151855469,8.914854290429503,-57.37993429371912
50,36,two_opt,longest,8,random_best,5.664543151855469,7.741009165067226,-36.65725474315776
50,36,two_opt,longest,8,model_route,5.664543151855469,5.6645427090115845,7.817821708792223e-06
50,36,two_opt,longest,8,model_learned,5.664543151855469,5.6645427090115845,7.817821708792223e-06
50,36,two_opt,longest,12,original_order,5.664543151855469,5.6645427090115845,7.817821708792223e-06
50,36,two_opt,longest,12,exact_fixed_orientation,5.664543151855469,5.6645427090115845,7.817821708792223e-06
50,36,two_opt,longest,12,exact_reversible,5.664543151855469,5.6645427090115845,7.817821708792223e-06
50,36,two_opt,longest,12,greedy_pair,5.664543151855469,7.239636425394565,-27.806183681788372
50,36,two_opt,longest,12,random_mean,5.664543151855469,10.59885154524818,-87.10867339365996
50,36,two_opt,longest,12,random_best,5.664543151855469,9.326842222828418,-64.65303507791855
50,36,two_opt,longest,12,model_route,5.664543151855469,6.5881588202901185,-16.305210211561572
50,36,two_opt,longest,12,model_learned,5.664543151855469,5.8276102733798325,-2.878733856426705
50,37,raw,longest,4,original_order,5.9767303466796875,5.976730251684785,1.5894125567092427e-06
50,37,raw,longest,4,exact_fixed_orientation,5.9767303466796875,5.976730251684785,1.5894125567092427e-06
50,37,raw,longest,4,exact_reversible,5.9767303466796875,5.976730251684785,1.5894125567092427e-06
50,37,raw,longest,4,greedy_pair,5.9767303466796875,5.976730251684785,1.5894125567092427e-06
50,37,raw,longest,4,random_mean,5.9767303466796875,7.739043656736612,-29.486244281306085
50,37,raw,longest,4,random_best,5.9767303466796875,7.152713501825929,-19.676028312027608
50,37,raw,longest,4,model_route,5.9767303466796875,5.976730251684785,1.5894125567092427e-06
50,37,raw,longest,4,model_learned,5.9767303466796875,5.976730251684785,1.5894125567092427e-06
50,37,raw,longest,8,original_order,5.9767303466796875,5.976730251684785,1.5894125567092427e-06
50,37,raw,longest,8,exact_fixed_orientation,5.9767303466796875,5.976730251684785,1.5894125567092427e-06
50,37,raw,longest,8,exact_reversible,5.9767303466796875,5.976730251684785,1.5894125567092427e-06
50,37,raw,longest,8,greedy_pair,5.9767303466796875,5.976730251684785,1.5894125567092427e-06
50,37,raw,longest,8,random_mean,5.9767303466796875,9.072144502773881,-51.791096076700526
50,37,raw,longest,8,random_best,5.9767303466796875,7.708563724532723,-28.97626758107196
50,37,raw,longest,8,model_route,5.9767303466796875,7.184385592117906,-20.20595167237416
50,37,raw,longest,8,model_learned,5.9767303466796875,7.184385592117906,-20.20595167237416
50,37,raw,longest,12,original_order,5.9767303466796875,5.976730251684785,1.5894125567092427e-06
50,37,raw,longest,12,exact_fixed_orientation,5.9767303466796875,5.976730251684785,1.5894125567092427e-06
50,37,raw,longest,12,exact_reversible,5.9767303466796875,5.976730251684785,1.5894125567092427e-06
50,37,raw,longest,12,greedy_pair,5.9767303466796875,5.976730251684785,1.5894125567092427e-06
50,37,raw,longest,12,random_mean,5.9767303466796875,10.209029855206609,-70.81295730328762
50,37,raw,longest,12,random_best,5.9767303466796875,8.735022911801934,-46.150527213505434
50,37,raw,longest,12,model_route,5.9767303466796875,7.295121276751161,-22.058732008946865
50,37,raw,longest,12,model_learned,5.9767303466796875,7.456757048144937,-24.763150010397624
50,37,two_opt,longest,4,original_order,5.9767303466796875,5.976730251684785,1.5894125567092427e-06
50,37,two_opt,longest,4,exact_fixed_orientation,5.9767303466796875,5.976730251684785,1.5894125567092427e-06
50,37,two_opt,longest,4,exact_reversible,5.9767303466796875,5.976730251684785,1.5894125567092427e-06
50,37,two_opt,longest,4,greedy_pair,5.9767303466796875,5.976730251684785,1.5894125567092427e-06
50,37,two_opt,longest,4,random_mean,5.9767303466796875,7.739043656736612,-29.486244281306085
50,37,two_opt,longest,4,random_best,5.9767303466796875,7.152713501825929,-19.676028312027608
50,37,two_opt,longest,4,model_route,5.9767303466796875,5.976730251684785,1.5894125567092427e-06
50,37,two_opt,longest,4,model_learned,5.9767303466796875,5.976730251684785,1.5894125567092427e-06
50,37,two_opt,longest,8,original_order,5.9767303466796875,5.976730251684785,1.5894125567092427e-06
50,37,two_opt,longest,8,exact_fixed_orientation,5.9767303466796875,5.976730251684785,1.5894125567092427e-06
50,37,two_opt,longest,8,exact_reversible,5.9767303466796875,5.976730251684785,1.5894125567092427e-06
50,37,two_opt,longest,8,greedy_pair,5.9767303466796875,5.976730251684785,1.5894125567092427e-06
50,37,two_opt,longest,8,random_mean,5.9767303466796875,9.072144502773881,-51.791096076700526
50,37,two_opt,longest,8,random_best,5.9767303466796875,7.708563724532723,-28.97626758107196
50,37,two_opt,longest,8,model_route,5.9767303466796875,7.184385592117906,-20.20595167237416
50,37,two_opt,longest,8,model_learned,5.9767303466796875,7.184385592117906,-20.20595167237416
50,37,two_opt,longest,12,original_order,5.9767303466796875,5.976730251684785,1.5894125567092427e-06
50,37,two_opt,longest,12,exact_fixed_orientation,5.9767303466796875,5.976730251684785,1.5894125567092427e-06
50,37,two_opt,longest,12,exact_reversible,5.9767303466796875,5.976730251684785,1.5894125567092427e-06
50,37,two_opt,longest,12,greedy_pair,5.9767303466796875,5.976730251684785,1.5894125567092427e-06
50,37,two_opt,longest,12,random_mean,5.9767303466796875,10.209029855206609,-70.81295730328762
50,37,two_opt,longest,12,random_best,5.9767303466796875,8.735022911801934,-46.150527213505434
50,37,two_opt,longest,12,model_route,5.9767303466796875,7.295121276751161,-22.058732008946865
50,37,two_opt,longest,12,model_learned,5.9767303466796875,7.456757048144937,-24.763150010397624
50,38,raw,longest,4,original_order,5.246823310852051,5.246823932044208,-1.1839395391564014e-05
50,38,raw,longest,4,exact_fixed_orientation,5.246823310852051,5.246823932044208,-1.1839395391564014e-05
50,38,raw,longest,4,exact_reversible,5.246823310852051,5.246823932044208,-1.1839395391564014e-05
50,38,raw,longest,4,greedy_pair,5.246823310852051,5.246823932044208,-1.1839395391564014e-05
50,38,raw,longest,4,random_mean,5.246823310852051,6.203614390455186,-18.23562607157356
50,38,raw,longest,4,random_best,5.246823310852051,5.246823932044208,-1.1839395391564014e-05
50,38,raw,longest,4,model_route,5.246823310852051,5.246823932044208,-1.1839395391564014e-05
50,38,raw,longest,4,model_learned,5.246823310852051,5.665788020007312,-7.98511183497857
50,38,raw,longest,8,original_order,5.246823310852051,5.246823932044208,-1.1839395391564014e-05
50,38,raw,longest,8,exact_fixed_orientation,5.246823310852051,5.246823932044208,-1.1839395391564014e-05
50,38,raw,longest,8,exact_reversible,5.246823310852051,5.246823932044208,-1.1839395391564014e-05
50,38,raw,longest,8,greedy_pair,5.246823310852051,6.26192035805434,-19.346888337229785
50,38,raw,longest,8,random_mean,5.246823310852051,8.136510229669511,-55.074980566635354
50,38,raw,longest,8,random_best,5.246823310852051,7.823939452879131,-49.11764679967035
50,38,raw,longest,8,model_route,5.246823310852051,5.246823932044208,-1.1839395391564014e-05
50,38,raw,longest,8,model_learned,5.246823310852051,5.665788020007312,-7.98511183497857
50,38,raw,longest,12,original_order,5.246823310852051,5.246823932044208,-1.1839395391564014e-05
50,38,raw,longest,12,exact_fixed_orientation,5.246823310852051,5.246823932044208,-1.1839395391564014e-05
50,38,raw,longest,12,exact_reversible,5.246823310852051,5.246823932044208,-1.1839395391564014e-05
50,38,raw,longest,12,greedy_pair,5.246823310852051,6.26192035805434,-19.346888337229785
50,38,raw,longest,12,random_mean,5.246823310852051,8.946721366606653,-70.51691731456003
50,38,raw,longest,12,random_best,5.246823310852051,8.07361742388457,-53.87629705741828
50,38,raw,longest,12,model_route,5.246823310852051,5.720107208006084,-9.020389464519148
50,38,raw,longest,12,model_learned,5.246823310852051,5.964424739591777,-13.67687429564295
50,38,two_opt,longest,4,original_order,5.235982894897461,5.235982998274267,-1.974353389944422e-06
50,38,two_opt,longest,4,exact_fixed_orientation,5.235982894897461,5.235982998274267,-1.974353389944422e-06
50,38,two_opt,longest,4,exact_reversible,5.235982894897461,5.235982998274267,-1.974353389944422e-06
50,38,two_opt,longest,4,greedy_pair,5.235982894897461,5.235982998274267,-1.974353389944422e-06
50,38,two_opt,longest,4,random_mean,5.235982894897461,6.56723699066788,-25.42510398702304
50,38,two_opt,longest,4,random_best,5.235982894897461,5.235982998274267,-1.974353389944422e-06
50,38,two_opt,longest,4,model_route,5.235982894897461,5.235982998274267,-1.974353389944422e-06
50,38,two_opt,longest,4,model_learned,5.235982894897461,5.235982998274267,-1.974353389944422e-06
50,38,two_opt,longest,8,original_order,5.235982894897461,5.235982998274267,-1.974353389944422e-06
50,38,two_opt,longest,8,exact_fixed_orientation,5.235982894897461,5.235982998274267,-1.974353389944422e-06
50,38,two_opt,longest,8,exact_reversible,5.235982894897461,5.235982998274267,-1.974353389944422e-06
50,38,two_opt,longest,8,greedy_pair,5.235982894897461,6.2510794242843986,-19.386933642891833
50,38,two_opt,longest,8,random_mean,5.235982894897461,8.128172381781042,-55.2368016653007
50,38,two_opt,longest,8,random_best,5.235982894897461,7.808510317467153,-49.13170027878923
50,38,two_opt,longest,8,model_route,5.235982894897461,5.235982998274267,-1.974353389944422e-06
50,38,two_opt,longest,8,model_learned,5.235982894897461,6.122039704583585,-16.922454245402506
50,38,two_opt,longest,12,original_order,5.235982894897461,5.235982998274267,-1.974353389944422e-06
50,38,two_opt,longest,12,exact_fixed_orientation,5.235982894897461,5.235982998274267,-1.974353389944422e-06
50,38,two_opt,longest,12,exact_reversible,5.235982894897461,5.235982998274267,-1.974353389944422e-06
50,38,two_opt,longest,12,greedy_pair,5.235982894897461,6.2510794242843986,-19.386933642891833
50,38,two_opt,longest,12,random_mean,5.235982894897461,8.939775676466525,-70.737297197408
50,38,two_opt,longest,12,random_best,5.235982894897461,8.06277649011463,-53.98783097576423
50,38,two_opt,longest,12,model_route,5.235982894897461,5.235982998274267,-1.974353389944422e-06
50,38,two_opt,longest,12,model_learned,5.235982894897461,5.980229600332677,-14.214078242319992
50,39,raw,longest,4,original_order,5.658394813537598,5.658394609577954,3.604549533249613e-06
50,39,raw,longest,4,exact_fixed_orientation,5.658394813537598,5.658394609577954,3.604549533249613e-06
50,39,raw,longest,4,exact_reversible,5.658394813537598,5.658394609577954,3.604549533249613e-06
50,39,raw,longest,4,greedy_pair,5.658394813537598,5.658394609577954,3.604549533249613e-06
50,39,raw,longest,4,random_mean,5.658394813537598,7.4629318388178945,-31.891324037039226
50,39,raw,longest,4,random_best,5.658394813537598,7.298303012736142,-28.981862405131153
50,39,raw,longest,4,model_route,5.658394813537598,5.658394609577954,3.604549533249613e-06
50,39,raw,longest,4,model_learned,5.658394813537598,5.658394609577954,3.604549533249613e-06
50,39,raw,longest,8,original_order,5.658394813537598,5.658394609577954,3.604549533249613e-06
50,39,raw,longest,8,exact_fixed_orientation,5.658394813537598,5.658394609577954,3.604549533249613e-06
50,39,raw,longest,8,exact_reversible,5.658394813537598,5.658394609577954,3.604549533249613e-06
50,39,raw,longest,8,greedy_pair,5.658394813537598,6.730898474343121,-18.95420337654028
50,39,raw,longest,8,random_mean,5.658394813537598,8.628073162399232,-52.48269954151552
50,39,raw,longest,8,random_best,5.658394813537598,8.120723714120686,-43.5163855072823
50,39,raw,longest,8,model_route,5.658394813537598,7.547216300852597,-33.38087124631231
50,39,raw,longest,8,model_learned,5.658394813537598,5.658394609577954,3.604549533249613e-06
50,39,raw,longest,12,original_order,5.658394813537598,5.658394609577954,3.604549533249613e-06
50,39,raw,longest,12,exact_fixed_orientation,5.658394813537598,5.658394609577954,3.604549533249613e-06
50,39,raw,longest,12,exact_reversible,5.658394813537598,5.658394609577954,3.604549533249613e-06
50,39,raw,longest,12,greedy_pair,5.658394813537598,6.495506023056805,-14.794146345469487
50,39,raw,longest,12,random_mean,5.658394813537598,10.77692484576255,-90.45904714847701
50,39,raw,longest,12,random_best,5.658394813537598,8.913366888649762,-57.5246546480763
50,39,raw,longest,12,model_route,5.658394813537598,5.658394609577954,3.604549533249613e-06
50,39,raw,longest,12,model_learned,5.658394813537598,7.479478542692959,-32.18375156145794
50,39,two_opt,longest,4,original_order,5.658394813537598,5.658394609577954,3.604549533249613e-06
50,39,two_opt,longest,4,exact_fixed_orientation,5.658394813537598,5.658394609577954,3.604549533249613e-06
50,39,two_opt,longest,4,exact_reversible,5.658394813537598,5.658394609577954,3.604549533249613e-06
50,39,two_opt,longest,4,greedy_pair,5.658394813537598,5.658394609577954,3.604549533249613e-06
50,39,two_opt,longest,4,random_mean,5.658394813537598,7.4629318388178945,-31.891324037039226
50,39,two_opt,longest,4,random_best,5.658394813537598,7.298303012736142,-28.981862405131153
50,39,two_opt,longest,4,model_route,5.658394813537598,5.658394609577954,3.604549533249613e-06
50,39,two_opt,longest,4,model_learned,5.658394813537598,5.658394609577954,3.604549533249613e-06
50,39,two_opt,longest,8,original_order,5.658394813537598,5.658394609577954,3.604549533249613e-06
50,39,two_opt,longest,8,exact_fixed_orientation,5.658394813537598,5.658394609577954,3.604549533249613e-06
50,39,two_opt,longest,8,exact_reversible,5.658394813537598,5.658394609577954,3.604549533249613e-06
50,39,two_opt,longest,8,greedy_pair,5.658394813537598,6.730898474343121,-18.95420337654028
50,39,two_opt,longest,8,random_mean,5.658394813537598,8.628073162399232,-52.48269954151552
50,39,two_opt,longest,8,random_best,5.658394813537598,8.120723714120686,-43.5163855072823
50,39,two_opt,longest,8,model_route,5.658394813537598,7.547216300852597,-33.38087124631231
50,39,two_opt,longest,8,model_learned,5.658394813537598,5.658394609577954,3.604549533249613e-06
50,39,two_opt,longest,12,original_order,5.658394813537598,5.658394609577954,3.604549533249613e-06
50,39,two_opt,longest,12,exact_fixed_orientation,5.658394813537598,5.658394609577954,3.604549533249613e-06
50,39,two_opt,longest,12,exact_reversible,5.658394813537598,5.658394609577954,3.604549533249613e-06
50,39,two_opt,longest,12,greedy_pair,5.658394813537598,6.495506023056805,-14.794146345469487
50,39,two_opt,longest,12,random_mean,5.658394813537598,10.77692484576255,-90.45904714847701
50,39,two_opt,longest,12,random_best,5.658394813537598,8.913366888649762,-57.5246546480763
50,39,two_opt,longest,12,model_route,5.658394813537598,5.658394609577954,3.604549533249613e-06
50,39,two_opt,longest,12,model_learned,5.658394813537598,7.479478542692959,-32.18375156145794
50,40,raw,longest,4,original_order,5.5701069831848145,5.570106960833073,4.0128029602030107e-07
50,40,raw,longest,4,exact_fixed_orientation,5.5701069831848145,5.570106960833073,4.0128029602030107e-07
50,40,raw,longest,4,exact_reversible,5.5701069831848145,5.570106960833073,4.0128029602030107e-07
50,40,raw,longest,4,greedy_pair,5.5701069831848145,5.570106960833073,4.0128029602030107e-07
50,40,raw,longest,4,random_mean,5.5701069831848145,7.434276793152094,-33.46739686679061
50,40,raw,longest,4,random_best,5.5701069831848145,5.570106960833073,4.0128029602030107e-07
50,40,raw,longest,4,model_route,5.5701069831848145,5.570106960833073,4.0128029602030107e-07
50,40,raw,longest,4,model_learned,5.5701069831848145,5.570106960833073,4.0128029602030107e-07
50,40,raw,longest,8,original_order,5.5701069831848145,5.570106960833073,4.0128029602030107e-07
50,40,raw,longest,8,exact_fixed_orientation,5.5701069831848145,5.570106960833073,4.0128029602030107e-07
50,40,raw,longest,8,exact_reversible,5.5701069831848145,5.570106960833073,4.0128029602030107e-07
50,40,raw,longest,8,greedy_pair,5.5701069831848145,6.6217497661709785,-18.88011821246685
50,40,raw,longest,8,random_mean,5.5701069831848145,8.130322122946382,-45.9634823440629
50,40,raw,longest,8,random_best,5.5701069831848145,7.272337652742863,-30.560107277953314
50,40,raw,longest,8,model_route,5.5701069831848145,5.570106960833073,4.0128029602030107e-07
50,40,raw,longest,8,model_learned,5.5701069831848145,5.88111025840044,-5.583434504121566
50,40,raw,longest,12,original_order,5.5701069831848145,5.570106960833073,4.0128029602030107e-07
50,40,raw,longest,12,exact_fixed_orientation,5.5701069831848145,5.570106960833073,4.0128029602030107e-07
50,40,raw,longest,12,exact_reversible,5.5701069831848145,5.570106960833073,4.0128029602030107e-07
50,40,raw,longest,12,greedy_pair,5.5701069831848145,6.6217497661709785,-18.88011821246685
50,40,raw,longest,12,random_mean,5.5701069831848145,10.169684628024697,-82.57610955633723
50,40,raw,longest,12,random_best,5.5701069831848145,9.495939627289772,-70.48038136352433
50,40,raw,longest,12,model_route,5.5701069831848145,5.570106960833073,4.0128029602030107e-07
50,40,raw,longest,12,model_learned,5.5701069831848145,6.123800553381443,-9.94044767664487
50,40,two_opt,longest,4,original_order,5.5701069831848145,5.570106960833073,4.0128029602030107e-07
50,40,two_opt,longest,4,exact_fixed_orientation,5.5701069831848145,5.570106960833073,4.0128029602030107e-07
50,40,two_opt,longest,4,exact_reversible,5.5701069831848145,5.570106960833073,4.0128029602030107e-07
50,40,two_opt,longest,4,greedy_pair,5.5701069831848145,5.570106960833073,4.0128029602030107e-07
50,40,two_opt,longest,4,random_mean,5.5701069831848145,7.434276793152094,-33.46739686679061
50,40,two_opt,longest,4,random_best,5.5701069831848145,5.570106960833073,4.0128029602030107e-07
50,40,two_opt,longest,4,model_route,5.5701069831848145,5.570106960833073,4.0128029602030107e-07
50,40,two_opt,longest,4,model_learned,5.5701069831848145,5.570106960833073,4.0128029602030107e-07
50,40,two_opt,longest,8,original_order,5.5701069831848145,5.570106960833073,4.0128029602030107e-07
50,40,two_opt,longest,8,exact_fixed_orientation,5.5701069831848145,5.570106960833073,4.0128029602030107e-07
50,40,two_opt,longest,8,exact_reversible,5.5701069831848145,5.570106960833073,4.0128029602030107e-07
50,40,two_opt,longest,8,greedy_pair,5.5701069831848145,6.6217497661709785,-18.88011821246685
50,40,two_opt,longest,8,random_mean,5.5701069831848145,8.130322122946382,-45.9634823440629
50,40,two_opt,longest,8,random_best,5.5701069831848145,7.272337652742863,-30.560107277953314
50,40,two_opt,longest,8,model_route,5.5701069831848145,5.570106960833073,4.0128029602030107e-07
50,40,two_opt,longest,8,model_learned,5.5701069831848145,5.88111025840044,-5.583434504121566
50,40,two_opt,longest,12,original_order,5.5701069831848145,5.570106960833073,4.0128029602030107e-07
50,40,two_opt,longest,12,exact_fixed_orientation,5.5701069831848145,5.570106960833073,4.0128029602030107e-07
50,40,two_opt,longest,12,exact_reversible,5.5701069831848145,5.570106960833073,4.0128029602030107e-07
50,40,two_opt,longest,12,greedy_pair,5.5701069831848145,6.6217497661709785,-18.88011821246685
50,40,two_opt,longest,12,random_mean,5.5701069831848145,10.169684628024697,-82.57610955633723
50,40,two_opt,longest,12,random_best,5.5701069831848145,9.495939627289772,-70.48038136352433
50,40,two_opt,longest,12,model_route,5.5701069831848145,5.570106960833073,4.0128029602030107e-07
50,40,two_opt,longest,12,model_learned,5.5701069831848145,6.123800553381443,-9.94044767664487
50,41,raw,longest,4,original_order,5.979342460632324,5.97934290394187,-7.4140183211731805e-06
50,41,raw,longest,4,exact_fixed_orientation,5.979342460632324,5.97934290394187,-7.4140183211731805e-06
50,41,raw,longest,4,exact_reversible,5.979342460632324,5.97934290394187,-7.4140183211731805e-06
50,41,raw,longest,4,greedy_pair,5.979342460632324,7.188236963003874,-20.217850212307578
50,41,raw,longest,4,random_mean,5.979342460632324,6.941164357587695,-16.085746941038344
50,41,raw,longest,4,random_best,5.979342460632324,5.97934290394187,-7.4140183211731805e-06
50,41,raw,longest,4,model_route,5.979342460632324,5.97934290394187,-7.4140183211731805e-06
50,41,raw,longest,4,model_learned,5.979342460632324,5.97934290394187,-7.4140183211731805e-06
50,41,raw,longest,8,original_order,5.979342460632324,5.97934290394187,-7.4140183211731805e-06
50,41,raw,longest,8,exact_fixed_orientation,5.979342460632324,5.97934290394187,-7.4140183211731805e-06
50,41,raw,longest,8,exact_reversible,5.979342460632324,5.97934290394187,-7.4140183211731805e-06
50,41,raw,longest,8,greedy_pair,5.979342460632324,7.655110996216536,-28.025966845307543
50,41,raw,longest,8,random_mean,5.979342460632324,8.154983513057232,-36.38595826797367
50,41,raw,longest,8,random_best,5.979342460632324,7.059097792953253,-18.05809483952426
50,41,raw,longest,8,model_route,5.979342460632324,5.97934290394187,-7.4140183211731805e-06
50,41,raw,longest,8,model_learned,5.979342460632324,5.97934290394187,-7.4140183211731805e-06
50,41,raw,longest,12,original_order,5.979342460632324,5.97934290394187,-7.4140183211731805e-06
50,41,raw,longest,12,exact_fixed_orientation,5.979342460632324,5.954799573868513,0.4104612994723113
50,41,raw,longest,12,exact_reversible,5.979342460632324,5.9498403035104275,0.49340136170720095
50,41,raw,longest,12,greedy_pair,5.979342460632324,7.717691328376532,-29.072575775503825
50,41,raw,longest,12,random_mean,5.979342460632324,11.143323631957173,-86.36369643191085
50,41,raw,longest,12,random_best,5.979342460632324,10.374356683343649,-73.50330327536626
50,41,raw,longest,12,model_route,5.979342460632324,5.97934290394187,-7.4140183211731805e-06
50,41,raw,longest,12,model_learned,5.979342460632324,5.954799573868513,0.4104612994723113
50,41,two_opt,longest,4,original_order,5.979342460632324,5.97934290394187,-7.4140183211731805e-06
50,41,two_opt,longest,4,exact_fixed_orientation,5.979342460632324,5.97934290394187,-7.4140183211731805e-06
50,41,two_opt,longest,4,exact_reversible,5.979342460632324,5.97934290394187,-7.4140183211731805e-06
50,41,two_opt,longest,4,greedy_pair,5.979342460632324,7.188236963003874,-20.217850212307578
50,41,two_opt,longest,4,random_mean,5.979342460632324,6.941164357587695,-16.085746941038344
50,41,two_opt,longest,4,random_best,5.979342460632324,5.97934290394187,-7.4140183211731805e-06
50,41,two_opt,longest,4,model_route,5.979342460632324,5.97934290394187,-7.4140183211731805e-06
50,41,two_opt,longest,4,model_learned,5.979342460632324,5.97934290394187,-7.4140183211731805e-06
50,41,two_opt,longest,8,original_order,5.979342460632324,5.97934290394187,-7.4140183211731805e-06
50,41,two_opt,longest,8,exact_fixed_orientation,5.979342460632324,5.97934290394187,-7.4140183211731805e-06
50,41,two_opt,longest,8,exact_reversible,5.979342460632324,5.97934290394187,-7.4140183211731805e-06
50,41,two_opt,longest,8,greedy_pair,5.979342460632324,7.655110996216536,-28.025966845307543
50,41,two_opt,longest,8,random_mean,5.979342460632324,8.154983513057232,-36.38595826797367
50,41,two_opt,longest,8,random_best,5.979342460632324,7.059097792953253,-18.05809483952426
50,41,two_opt,longest,8,model_route,5.979342460632324,5.97934290394187,-7.4140183211731805e-06
50,41,two_opt,longest,8,model_learned,5.979342460632324,5.97934290394187,-7.4140183211731805e-06
50,41,two_opt,longest,12,original_order,5.979342460632324,5.97934290394187,-7.4140183211731805e-06
50,41,two_opt,longest,12,exact_fixed_orientation,5.979342460632324,5.954799573868513,0.4104612994723113
50,41,two_opt,longest,12,exact_reversible,5.979342460632324,5.9498403035104275,0.49340136170720095
50,41,two_opt,longest,12,greedy_pair,5.979342460632324,7.717691328376532,-29.072575775503825
50,41,two_opt,longest,12,random_mean,5.979342460632324,11.143323631957173,-86.36369643191085
50,41,two_opt,longest,12,random_best,5.979342460632324,10.374356683343649,-73.50330327536626
50,41,two_opt,longest,12,model_route,5.979342460632324,5.97934290394187,-7.4140183211731805e-06
50,41,two_opt,longest,12,model_learned,5.979342460632324,5.954799573868513,0.4104612994723113
50,42,raw,longest,4,original_order,5.846814155578613,5.846814409829676,-4.348540181107644e-06
50,42,raw,longest,4,exact_fixed_orientation,5.846814155578613,5.846814409829676,-4.348540181107644e-06
50,42,raw,longest,4,exact_reversible,5.846814155578613,5.846814409829676,-4.348540181107644e-06
50,42,raw,longest,4,greedy_pair,5.846814155578613,5.846814409829676,-4.348540181107644e-06
50,42,raw,longest,4,random_mean,5.846814155578613,6.5585634941235185,-12.17328479417812
50,42,raw,longest,4,random_best,5.846814155578613,5.846814409829676,-4.348540181107644e-06
50,42,raw,longest,4,model_route,5.846814155578613,5.846814409829676,-4.348540181107644e-06
50,42,raw,longest,4,model_learned,5.846814155578613,5.846814409829676,-4.348540181107644e-06
50,42,raw,longest,8,original_order,5.846814155578613,5.846814409829676,-4.348540181107644e-06
50,42,raw,longest,8,exact_fixed_orientation,5.846814155578613,5.846814409829676,-4.348540181107644e-06
50,42,raw,longest,8,exact_reversible,5.846814155578613,5.846814409829676,-4.348540181107644e-06
50,42,raw,longest,8,greedy_pair,5.846814155578613,5.846814409829676,-4.348540181107644e-06
50,42,raw,longest,8,random_mean,5.846814155578613,8.811374426819384,-50.70385670480391
50,42,raw,longest,8,random_best,5.846814155578613,8.00473401043564,-36.90761836166956
50,42,raw,longest,8,model_route,5.846814155578613,6.691042588092387,-14.439118638793587
50,42,raw,longest,8,model_learned,5.846814155578613,5.846814409829676,-4.348540181107644e-06
50,42,raw,longest,12,original_order,5.846814155578613,5.846814409829676,-4.348540181107644e-06
50,42,raw,longest,12,exact_fixed_orientation,5.846814155578613,5.846814409829676,-4.348540181107644e-06
50,42,raw,longest,12,exact_reversible,5.846814155578613,5.846814409829676,-4.348540181107644e-06
50,42,raw,longest,12,greedy_pair,5.846814155578613,5.846814409829676,-4.348540181107644e-06
50,42,raw,longest,12,random_mean,5.846814155578613,10.784191156737506,-84.44559498180732
50,42,raw,longest,12,random_best,5.846814155578613,9.914926738478243,-69.57827758246988
50,42,raw,longest,12,model_route,5.846814155578613,5.846814409829676,-4.348540181107644e-06
50,42,raw,longest,12,model_learned,5.846814155578613,5.846814409829676,-4.348540181107644e-06
50,42,two_opt,longest,4,original_order,5.846814155578613,5.846814409829676,-4.348540181107644e-06
50,42,two_opt,longest,4,exact_fixed_orientation,5.846814155578613,5.846814409829676,-4.348540181107644e-06
50,42,two_opt,longest,4,exact_reversible,5.846814155578613,5.846814409829676,-4.348540181107644e-06
50,42,two_opt,longest,4,greedy_pair,5.846814155578613,5.846814409829676,-4.348540181107644e-06
50,42,two_opt,longest,4,random_mean,5.846814155578613,6.5585634941235185,-12.17328479417812
50,42,two_opt,longest,4,random_best,5.846814155578613,5.846814409829676,-4.348540181107644e-06
50,42,two_opt,longest,4,model_route,5.846814155578613,5.846814409829676,-4.348540181107644e-06
50,42,two_opt,longest,4,model_learned,5.846814155578613,5.846814409829676,-4.348540181107644e-06
50,42,two_opt,longest,8,original_order,5.846814155578613,5.846814409829676,-4.348540181107644e-06
50,42,two_opt,longest,8,exact_fixed_orientation,5.846814155578613,5.846814409829676,-4.348540181107644e-06
50,42,two_opt,longest,8,exact_reversible,5.846814155578613,5.846814409829676,-4.348540181107644e-06
50,42,two_opt,longest,8,greedy_pair,5.846814155578613,5.846814409829676,-4.348540181107644e-06
50,42,two_opt,longest,8,random_mean,5.846814155578613,8.811374426819384,-50.70385670480391
50,42,two_opt,longest,8,random_best,5.846814155578613,8.00473401043564,-36.90761836166956
50,42,two_opt,longest,8,model_route,5.846814155578613,6.691042588092387,-14.439118638793587
50,42,two_opt,longest,8,model_learned,5.846814155578613,5.846814409829676,-4.348540181107644e-06
50,42,two_opt,longest,12,original_order,5.846814155578613,5.846814409829676,-4.348540181107644e-06
50,42,two_opt,longest,12,exact_fixed_orientation,5.846814155578613,5.846814409829676,-4.348540181107644e-06
50,42,two_opt,longest,12,exact_reversible,5.846814155578613,5.846814409829676,-4.348540181107644e-06
50,42,two_opt,longest,12,greedy_pair,5.846814155578613,5.846814409829676,-4.348540181107644e-06
50,42,two_opt,longest,12,random_mean,5.846814155578613,10.784191156737506,-84.44559498180732
50,42,two_opt,longest,12,random_best,5.846814155578613,9.914926738478243,-69.57827758246988
50,42,two_opt,longest,12,model_route,5.846814155578613,5.846814409829676,-4.348540181107644e-06
50,42,two_opt,longest,12,model_learned,5.846814155578613,5.846814409829676,-4.348540181107644e-06
50,43,raw,longest,4,original_order,5.6965556144714355,5.696555577451363,6.498676541824693e-07
50,43,raw,longest,4,exact_fixed_orientation,5.6965556144714355,5.696555577451363,6.498676541824693e-07
50,43,raw,longest,4,exact_reversible,5.6965556144714355,5.696555577451363,6.498676541824693e-07
50,43,raw,longest,4,greedy_pair,5.6965556144714355,5.696555577451363,6.498676541824693e-07
50,43,raw,longest,4,random_mean,5.6965556144714355,6.831070546293631,-19.915805420034744
50,43,raw,longest,4,random_best,5.6965556144714355,5.696555577451363,6.498676541824693e-07
50,43,raw,longest,4,model_route,5.6965556144714355,7.081191949779168,-24.30655345118066
50,43,raw,longest,4,model_learned,5.6965556144714355,5.696555577451363,6.498676541824693e-07
50,43,raw,longest,8,original_order,5.6965556144714355,5.696555577451363,6.498676541824693e-07
50,43,raw,longest,8,exact_fixed_orientation,5.6965556144714355,5.696555577451363,6.498676541824693e-07
50,43,raw,longest,8,exact_reversible,5.6965556144714355,5.696555577451363,6.498676541824693e-07
50,43,raw,longest,8,greedy_pair,5.6965556144714355,5.696555577451363,6.498676541824693e-07
50,43,raw,longest,8,random_mean,5.6965556144714355,8.874997502425686,-55.795854601678755
50,43,raw,longest,8,random_best,5.6965556144714355,7.710218705469742,-35.34878314683404
50,43,raw,longest,8,model_route,5.6965556144714355,6.953483022982255,-22.064691255146208
50,43,raw,longest,8,model_learned,5.6965556144714355,6.046810738975182,-6.148542175450097
50,43,raw,longest,12,original_order,5.6965556144714355,5.696555577451363,6.498676541824693e-07
50,43,raw,longest,12,exact_fixed_orientation,5.6965556144714355,5.696555577451363,6.498676541824693e-07
50,43,raw,longest,12,exact_reversible,5.6965556144714355,5.696555577451363,6.498676541824693e-07
50,43,raw,longest,12,greedy_pair,5.6965556144714355,6.49188069277443,-13.96150818369198
50,43,raw,longest,12,random_mean,5.6965556144714355,10.269598175073043,-80.27732668815389
50,43,raw,longest,12,random_best,5.6965556144714355,9.437954060966149,-65.67825717333693
50,43,raw,longest,12,model_route,5.6965556144714355,6.953483022982255,-22.064691255146208
50,43,raw,longest,12,model_learned,5.6965556144714355,6.538269855314866,-14.775845226634026
50,43,two_opt,longest,4,original_order,5.6965556144714355,5.696555577451363,6.498676541824693e-07
50,43,two_opt,longest,4,exact_fixed_orientation,5.6965556144714355,5.696555577451363,6.498676541824693e-07
50,43,two_opt,longest,4,exact_reversible,5.6965556144714355,5.696555577451363,6.498676541824693e-07
50,43,two_opt,longest,4,greedy_pair,5.6965556144714355,5.696555577451363,6.498676541824693e-07
50,43,two_opt,longest,4,random_mean,5.6965556144714355,6.831070546293631,-19.915805420034744
50,43,two_opt,longest,4,random_best,5.6965556144714355,5.696555577451363,6.498676541824693e-07
50,43,two_opt,longest,4,model_route,5.6965556144714355,7.081191949779168,-24.30655345118066
50,43,two_opt,longest,4,model_learned,5.6965556144714355,5.696555577451363,6.498676541824693e-07
50,43,two_opt,longest,8,original_order,5.6965556144714355,5.696555577451363,6.498676541824693e-07
50,43,two_opt,longest,8,exact_fixed_orientation,5.6965556144714355,5.696555577451363,6.498676541824693e-07
50,43,two_opt,longest,8,exact_reversible,5.6965556144714355,5.696555577451363,6.498676541824693e-07
50,43,two_opt,longest,8,greedy_pair,5.6965556144714355,5.696555577451363,6.498676541824693e-07
50,43,two_opt,longest,8,random_mean,5.6965556144714355,8.874997502425686,-55.795854601678755
50,43,two_opt,longest,8,random_best,5.6965556144714355,7.710218705469742,-35.34878314683404
50,43,two_opt,longest,8,model_route,5.6965556144714355,6.953483022982255,-22.064691255146208
50,43,two_opt,longest,8,model_learned,5.6965556144714355,6.046810738975182,-6.148542175450097
50,43,two_opt,longest,12,original_order,5.6965556144714355,5.696555577451363,6.498676541824693e-07
50,43,two_opt,longest,12,exact_fixed_orientation,5.6965556144714355,5.696555577451363,6.498676541824693e-07
50,43,two_opt,longest,12,exact_reversible,5.6965556144714355,5.696555577451363,6.498676541824693e-07
50,43,two_opt,longest,12,greedy_pair,5.6965556144714355,6.49188069277443,-13.96150818369198
50,43,two_opt,longest,12,random_mean,5.6965556144714355,10.269598175073043,-80.27732668815389
50,43,two_opt,longest,12,random_best,5.6965556144714355,9.437954060966149,-65.67825717333693
50,43,two_opt,longest,12,model_route,5.6965556144714355,6.953483022982255,-22.064691255146208
50,43,two_opt,longest,12,model_learned,5.6965556144714355,6.538269855314866,-14.775845226634026
50,44,raw,longest,4,original_order,6.2197065353393555,6.219706607051194,-1.1529778428923762e-06
50,44,raw,longest,4,exact_fixed_orientation,6.2197065353393555,6.219706607051194,-1.1529778428923762e-06
50,44,raw,longest,4,exact_reversible,6.2197065353393555,6.219706607051194,-1.1529778428923762e-06
50,44,raw,longest,4,greedy_pair,6.2197065353393555,6.219706607051194,-1.1529778428923762e-06
50,44,raw,longest,4,random_mean,6.2197065353393555,6.875981830991805,-10.551547599932572
50,44,raw,longest,4,random_best,6.2197065353393555,6.219706607051194,-1.1529778428923762e-06
50,44,raw,longest,4,model_route,6.2197065353393555,6.219706607051194,-1.1529778428923762e-06
50,44,raw,longest,4,model_learned,6.2197065353393555,6.219706607051194,-1.1529778428923762e-06
50,44,raw,longest,8,original_order,6.2197065353393555,6.219706607051194,-1.1529778428923762e-06
50,44,raw,longest,8,exact_fixed_orientation,6.2197065353393555,6.219706607051194,-1.1529778428923762e-06
50,44,raw,longest,8,exact_reversible,6.2197065353393555,6.214654159732163,0.08123173623201906
50,44,raw,longest,8,greedy_pair,6.2197065353393555,6.3879712941125035,-2.705348842700137
50,44,raw,longest,8,random_mean,6.2197065353393555,8.913200319744647,-43.305801794687575
50,44,raw,longest,8,random_best,6.2197065353393555,7.628688049502671,-22.653504729808596
50,44,raw,longest,8,model_route,6.2197065353393555,6.219706607051194,-1.1529778428923762e-06
50,44,raw,longest,8,model_learned,6.2197065353393555,6.652247381396592,-6.954361007221319
50,44,raw,longest,12,original_order,6.2197065353393555,6.219706607051194,-1.1529778428923762e-06
50,44,raw,longest,12,exact_fixed_orientation,6.2197065353393555,6.219706607051194,-1.1529778428923762e-06
50,44,raw,longest,12,exact_reversible,6.2197065353393555,6.214654159732163,0.08123173623201906
50,44,raw,longest,12,greedy_pair,6.2197065353393555,7.74737333972007,-24.56171839781768
50,44,raw,longest,12,random_mean,6.2197065353393555,10.840973022393882,-74.30039441245735
50,44,raw,longest,12,random_best,6.2197065353393555,10.128662926144898,-62.847923267689424
50,44,raw,longest,12,model_route,6.2197065353393555,6.219706607051194,-1.1529778428923762e-06
50,44,raw,longest,12,model_learned,6.2197065353393555,6.396340605802834,-2.839910041733845
50,44,two_opt,longest,4,original_order,6.207590103149414,6.207589861936867,3.885767952091908e-06
50,44,two_opt,longest,4,exact_fixed_orientation,6.207590103149414,6.207589861936867,3.885767952091908e-06
50,44,two_opt,longest,4,exact_reversible,6.207590103149414,6.207589861936867,3.885767952091908e-06
50,44,two_opt,longest,4,greedy_pair,6.207590103149414,6.207589861936867,3.885767952091908e-06
50,44,two_opt,longest,4,random_mean,6.207590103149414,7.0130888083949685,-12.976029213605543
50,44,two_opt,longest,4,random_best,6.207590103149414,6.207589861936867,3.885767952091908e-06
50,44,two_opt,longest,4,model_route,6.207590103149414,6.207589861936867,3.885767952091908e-06
50,44,two_opt,longest,4,model_learned,6.207590103149414,6.207589861936867,3.885767952091908e-06
50,44,two_opt,longest,8,original_order,6.207590103149414,6.207589861936867,3.885767952091908e-06
50,44,two_opt,longest,8,exact_fixed_orientation,6.207590103149414,6.207589861936867,3.885767952091908e-06
50,44,two_opt,longest,8,exact_reversible,6.207590103149414,6.195053753443062,0.20195195716919925
50,44,two_opt,longest,8,greedy_pair,6.207590103149414,6.207589861936867,3.885767952091908e-06
50,44,two_opt,longest,8,random_mean,6.207590103149414,8.872575811110437,-42.9310837809498
50,44,two_opt,longest,8,random_best,6.207590103149414,7.637276110239327,-23.031256628309965
50,44,two_opt,longest,8,model_route,6.207590103149414,6.207589861936867,3.885767952091908e-06
50,44,two_opt,longest,8,model_learned,6.207590103149414,6.207589861936867,3.885767952091908e-06
50,44,two_opt,longest,12,original_order,6.207590103149414,6.207589861936867,3.885767952091908e-06
50,44,two_opt,longest,12,exact_fixed_orientation,6.207590103149414,6.207589861936867,3.885767952091908e-06
50,44,two_opt,longest,12,exact_reversible,6.207590103149414,6.160650593228638,0.7561631670390283
50,44,two_opt,longest,12,greedy_pair,6.207590103149414,7.318877411074936,-17.90207293747878
50,44,two_opt,longest,12,random_mean,6.207590103149414,10.785480211488903,-73.74665582408383
50,44,two_opt,longest,12,random_best,6.207590103149414,10.089780253358185,-62.53940878343669
50,44,two_opt,longest,12,model_route,6.207590103149414,6.207589861936867,3.885767952091908e-06
50,44,two_opt,longest,12,model_learned,6.207590103149414,6.207589861936867,3.885767952091908e-06
50,45,raw,longest,4,original_order,5.231284141540527,5.231283791363239,6.693906860740668e-06
50,45,raw,longest,4,exact_fixed_orientation,5.231284141540527,5.231283791363239,6.693906860740668e-06
50,45,raw,longest,4,exact_reversible,5.231284141540527,5.231283791363239,6.693906860740668e-06
50,45,raw,longest,4,greedy_pair,5.231284141540527,5.231283791363239,6.693906860740668e-06
50,45,raw,longest,4,random_mean,5.231284141540527,6.44422766007483,-23.186343653226047
50,45,raw,longest,4,random_best,5.231284141540527,5.231283791363239,6.693906860740668e-06
50,45,raw,longest,4,model_route,5.231284141540527,5.231283791363239,6.693906860740668e-06
50,45,raw,longest,4,model_learned,5.231284141540527,5.231283791363239,6.693906860740668e-06
50,45,raw,longest,8,original_order,5.231284141540527,5.231283791363239,6.693906860740668e-06
50,45,raw,longest,8,exact_fixed_orientation,5.231284141540527,5.231283791363239,6.693906860740668e-06
50,45,raw,longest,8,exact_reversible,5.231284141540527,5.231283791363239,6.693906860740668e-06
50,45,raw,longest,8,greedy_pair,5.231284141540527,5.231283791363239,6.693906860740668e-06
50,45,raw,longest,8,random_mean,5.231284141540527,8.353563647717237,-59.684762320275155
50,45,raw,longest,8,random_best,5.231284141540527,7.474843807518482,-42.8873600682922
50,45,raw,longest,8,model_route,5.231284141540527,5.231283791363239,6.693906860740668e-06
50,45,raw,longest,8,model_learned,5.231284141540527,5.231283791363239,6.693906860740668e-06
50,45,raw,longest,12,original_order,5.231284141540527,5.231283791363239,6.693906860740668e-06
50,45,raw,longest,12,exact_fixed_orientation,5.231284141540527,5.231283791363239,6.693906860740668e-06
50,45,raw,longest,12,exact_reversible,5.231284141540527,5.231283791363239,6.693906860740668e-06
50,45,raw,longest,12,greedy_pair,5.231284141540527,5.231283791363239,6.693906860740668e-06
50,45,raw,longest,12,random_mean,5.231284141540527,9.719946240074933,-85.80421130045075
50,45,raw,longest,12,random_best,5.231284141540527,9.000116370618343,-72.0441124417294
50,45,raw,longest,12,model_route,5.231284141540527,6.232794649899006,-19.14463984866917
50,45,raw,longest,12,model_learned,5.231284141540527,5.635845899581909,-7.7335076263367535
50,45,two_opt,longest,4,original_order,5.231284141540527,5.231283791363239,6.693906860740668e-06
50,45,two_opt,longest,4,exact_fixed_orientation,5.231284141540527,5.231283791363239,6.693906860740668e-06
50,45,two_opt,longest,4,exact_reversible,5.231284141540527,5.231283791363239,6.693906860740668e-06
50,45,two_opt,longest,4,greedy_pair,5.231284141540527,5.231283791363239,6.693906860740668e-06
50,45,two_opt,longest,4,random_mean,5.231284141540527,6.44422766007483,-23.186343653226047
50,45,two_opt,longest,4,random_best,5.231284141540527,5.231283791363239,6.693906860740668e-06
50,45,two_opt,longest,4,model_route,5.231284141540527,5.231283791363239,6.693906860740668e-06
50,45,two_opt,longest,4,model_learned,5.231284141540527,5.231283791363239,6.693906860740668e-06
50,45,two_opt,longest,8,original_order,5.231284141540527,5.231283791363239,6.693906860740668e-06
50,45,two_opt,longest,8,exact_fixed_orientation,5.231284141540527,5.231283791363239,6.693906860740668e-06
50,45,two_opt,longest,8,exact_reversible,5.231284141540527,5.231283791363239,6.693906860740668e-06
50,45,two_opt,longest,8,greedy_pair,5.231284141540527,5.231283791363239,6.693906860740668e-06
50,45,two_opt,longest,8,random_mean,5.231284141540527,8.353563647717237,-59.684762320275155
50,45,two_opt,longest,8,random_best,5.231284141540527,7.474843807518482,-42.8873600682922
50,45,two_opt,longest,8,model_route,5.231284141540527,5.231283791363239,6.693906860740668e-06
50,45,two_opt,longest,8,model_learned,5.231284141540527,5.231283791363239,6.693906860740668e-06
50,45,two_opt,longest,12,original_order,5.231284141540527,5.231283791363239,6.693906860740668e-06
50,45,two_opt,longest,12,exact_fixed_orientation,5.231284141540527,5.231283791363239,6.693906860740668e-06
50,45,two_opt,longest,12,exact_reversible,5.231284141540527,5.231283791363239,6.693906860740668e-06
50,45,two_opt,longest,12,greedy_pair,5.231284141540527,5.231283791363239,6.693906860740668e-06
50,45,two_opt,longest,12,random_mean,5.231284141540527,9.719946240074933,-85.80421130045075
50,45,two_opt,longest,12,random_best,5.231284141540527,9.000116370618343,-72.0441124417294
50,45,two_opt,longest,12,model_route,5.231284141540527,6.232794649899006,-19.14463984866917
50,45,two_opt,longest,12,model_learned,5.231284141540527,5.635845899581909,-7.7335076263367535
50,46,raw,longest,4,original_order,6.107207298278809,6.107207490131259,-3.14141048437734e-06
50,46,raw,longest,4,exact_fixed_orientation,6.107207298278809,6.107207490131259,-3.14141048437734e-06
50,46,raw,longest,4,exact_reversible,6.107207298278809,6.107207490131259,-3.14141048437734e-06
50,46,raw,longest,4,greedy_pair,6.107207298278809,6.107207490131259,-3.14141048437734e-06
50,46,raw,longest,4,random_mean,6.107207298278809,7.4083925150334835,-21.30573195249795
50,46,raw,longest,4,random_best,6.107207298278809,6.107207490131259,-3.14141048437734e-06
50,46,raw,longest,4,model_route,6.107207298278809,6.107207490131259,-3.14141048437734e-06
50,46,raw,longest,4,model_learned,6.107207298278809,6.107207490131259,-3.14141048437734e-06
50,46,raw,longest,8,original_order,6.107207298278809,6.107207490131259,-3.14141048437734e-06
50,46,raw,longest,8,exact_fixed_orientation,6.107207298278809,6.107207490131259,-3.14141048437734e-06
50,46,raw,longest,8,exact_reversible,6.107207298278809,6.107207490131259,-3.14141048437734e-06
50,46,raw,longest,8,greedy_pair,6.107207298278809,6.490717886015773,-6.279639268918362
50,46,raw,longest,8,random_mean,6.107207298278809,9.0145242549479,-47.60468762028857
50,46,raw,longest,8,random_best,6.107207298278809,7.455913497135043,-22.08384508638408
50,46,raw,longest,8,model_route,6.107207298278809,6.107207490131259,-3.14141048437734e-06
50,46,raw,longest,8,model_learned,6.107207298278809,6.107207490131259,-3.14141048437734e-06
50,46,raw,longest,12,original_order,6.107207298278809,6.107207490131259,-3.14141048437734e-06
50,46,raw,longest,12,exact_fixed_orientation,6.107207298278809,6.107207490131259,-3.14141048437734e-06
50,46,raw,longest,12,exact_reversible,6.107207298278809,6.107207490131259,-3.14141048437734e-06
50,46,raw,longest,12,greedy_pair,6.107207298278809,6.308998165652156,-3.3041430807534224
50,46,raw,longest,12,random_mean,6.107207298278809,10.3150998596102,-68.90043772572285
50,46,raw,longest,12,random_best,6.107207298278809,9.315300611779094,-52.5296286308215
50,46,raw,longest,12,model_route,6.107207298278809,6.648093177005649,-8.856517427847548
50,46,raw,longest,12,model_learned,6.107207298278809,6.107207490131259,-3.14141048437734e-06
50,46,two_opt,longest,4,original_order,6.102358818054199,6.10235901735723,-3.26599986841256e-06
50,46,two_opt,longest,4,exact_fixed_orientation,6.102358818054199,6.10235901735723,-3.26599986841256e-06
50,46,two_opt,longest,4,exact_reversible,6.102358818054199,6.10235901735723,-3.26599986841256e-06
50,46,two_opt,longest,4,greedy_pair,6.102358818054199,6.10235901735723,-3.26599986841256e-06
50,46,two_opt,longest,4,random_mean,6.102358818054199,7.403544042259455,-21.32266002378654
50,46,two_opt,longest,4,random_best,6.102358818054199,6.10235901735723,-3.26599986841256e-06
50,46,two_opt,longest,4,model_route,6.102358818054199,6.10235901735723,-3.26599986841256e-06
50,46,two_opt,longest,4,model_learned,6.102358818054199,6.10235901735723,-3.26599986841256e-06
50,46,two_opt,longest,8,original_order,6.102358818054199,6.10235901735723,-3.26599986841256e-06
50,46,two_opt,longest,8,exact_fixed_orientation,6.102358818054199,6.10235901735723,-3.26599986841256e-06
50,46,two_opt,longest,8,exact_reversible,6.102358818054199,6.10235901735723,-3.26599986841256e-06
50,46,two_opt,longest,8,greedy_pair,6.102358818054199,6.485869413241744,-6.284628725090787
50,46,two_opt,longest,8,random_mean,6.102358818054199,9.009675782173872,-47.64251088477785
50,46,two_opt,longest,8,random_best,6.102358818054199,7.451065024361014,-22.101391388467455
50,46,two_opt,longest,8,model_route,6.102358818054199,6.10235901735723,-3.26599986841256e-06
50,46,two_opt,longest,8,model_learned,6.102358818054199,6.10235901735723,-3.26599986841256e-06
50,46,two_opt,longest,12,original_order,6.102358818054199,6.10235901735723,-3.26599986841256e-06
50,46,two_opt,longest,12,exact_fixed_orientation,6.102358818054199,6.10235901735723,-3.26599986841256e-06
50,46,two_opt,longest,12,exact_reversible,6.102358818054199,6.10235901735723,-3.26599986841256e-06
50,46,two_opt,longest,12,greedy_pair,6.102358818054199,6.304149692878127,-3.306768429069056
50,46,two_opt,longest,12,random_mean,6.102358818054199,10.310251386836171,-68.95518100857436
50,46,two_opt,longest,12,random_best,6.102358818054199,9.310452139005065,-52.57136488696022
50,46,two_opt,longest,12,model_route,6.102358818054199,6.64324470423162,-8.863554279652925
50,46,two_opt,longest,12,model_learned,6.102358818054199,6.10235901735723,-3.26599986841256e-06
50,47,raw,longest,4,original_order,5.526008605957031,5.526008680462837,-1.3482752431641367e-06
50,47,raw,longest,4,exact_fixed_orientation,5.526008605957031,5.526008680462837,-1.3482752431641367e-06
50,47,raw,longest,4,exact_reversible,5.526008605957031,5.526008680462837,-1.3482752431641367e-06
50,47,raw,longest,4,greedy_pair,5.526008605957031,6.279810786247253,-13.6409881714195
50,47,raw,longest,4,random_mean,5.526008605957031,6.232003543525934,-12.775856642855047
50,47,raw,longest,4,random_best,5.526008605957031,5.526008680462837,-1.3482752431641367e-06
50,47,raw,longest,4,model_route,5.526008605957031,5.526008680462837,-1.3482752431641367e-06
50,47,raw,longest,4,model_learned,5.526008605957031,6.024616286158562,-9.022926234027793
50,47,raw,longest,8,original_order,5.526008605957031,5.526008680462837,-1.3482752431641367e-06
50,47,raw,longest,8,exact_fixed_orientation,5.526008605957031,5.526008680462837,-1.3482752431641367e-06
50,47,raw,longest,8,exact_reversible,5.526008605957031,5.526008680462837,-1.3482752431641367e-06
50,47,raw,longest,8,greedy_pair,5.526008605957031,6.752885311841965,-22.201860209959893
50,47,raw,longest,8,random_mean,5.526008605957031,7.816899422556162,-41.45651916157989
50,47,raw,longest,8,random_best,5.526008605957031,7.335685953497887,-32.74836281633773
50,47,raw,longest,8,model_route,5.526008605957031,5.526008680462837,-1.3482752431641367e-06
50,47,raw,longest,8,model_learned,5.526008605957031,5.526008680462837,-1.3482752431641367e-06
50,47,raw,longest,12,original_order,5.526008605957031,5.526008680462837,-1.3482752431641367e-06
50,47,raw,longest,12,exact_fixed_orientation,5.526008605957031,5.526008680462837,-1.3482752431641367e-06
50,47,raw,longest,12,exact_reversible,5.526008605957031,5.526008680462837,-1.3482752431641367e-06
50,47,raw,longest,12,greedy_pair,5.526008605957031,6.752885311841965,-22.201860209959893
50,47,raw,longest,12,random_mean,5.526008605957031,9.839939935132861,-78.06595386994904
50,47,raw,longest,12,random_best,5.526008605957031,8.692960247397423,-57.30992959414542
50,47,raw,longest,12,model_route,5.526008605957031,5.526008680462837,-1.3482752431641367e-06
50,47,raw,longest,12,model_learned,5.526008605957031,5.736510410904884,-3.8092920217484347
50,47,two_opt,longest,4,original_order,5.526008605957031,5.526008680462837,-1.3482752431641367e-06
50,47,two_opt,longest,4,exact_fixed_orientation,5.526008605957031,5.526008680462837,-1.3482752431641367e-06
50,47,two_opt,longest,4,exact_reversible,5.526008605957031,5.526008680462837,-1.3482752431641367e-06
50,47,two_opt,longest,4,greedy_pair,5.526008605957031,6.279810786247253,-13.6409881714195
50,47,two_opt,longest,4,random_mean,5.526008605957031,6.232003543525934,-12.775856642855047
50,47,two_opt,longest,4,random_best,5.526008605957031,5.526008680462837,-1.3482752431641367e-06
50,47,two_opt,longest,4,model_route,5.526008605957031,5.526008680462837,-1.3482752431641367e-06
50,47,two_opt,longest,4,model_learned,5.526008605957031,6.024616286158562,-9.022926234027793
50,47,two_opt,longest,8,original_order,5.526008605957031,5.526008680462837,-1.3482752431641367e-06
50,47,two_opt,longest,8,exact_fixed_orientation,5.526008605957031,5.526008680462837,-1.3482752431641367e-06
50,47,two_opt,longest,8,exact_reversible,5.526008605957031,5.526008680462837,-1.3482752431641367e-06
50,47,two_opt,longest,8,greedy_pair,5.526008605957031,6.752885311841965,-22.201860209959893
50,47,two_opt,longest,8,random_mean,5.526008605957031,7.816899422556162,-41.45651916157989
50,47,two_opt,longest,8,random_best,5.526008605957031,7.335685953497887,-32.74836281633773
50,47,two_opt,longest,8,model_route,5.526008605957031,5.526008680462837,-1.3482752431641367e-06
50,47,two_opt,longest,8,model_learned,5.526008605957031,5.526008680462837,-1.3482752431641367e-06
50,47,two_opt,longest,12,original_order,5.526008605957031,5.526008680462837,-1.3482752431641367e-06
50,47,two_opt,longest,12,exact_fixed_orientation,5.526008605957031,5.526008680462837,-1.3482752431641367e-06
50,47,two_opt,longest,12,exact_reversible,5.526008605957031,5.526008680462837,-1.3482752431641367e-06
50,47,two_opt,longest,12,greedy_pair,5.526008605957031,6.752885311841965,-22.201860209959893
50,47,two_opt,longest,12,random_mean,5.526008605957031,9.839939935132861,-78.06595386994904
50,47,two_opt,longest,12,random_best,5.526008605957031,8.692960247397423,-57.30992959414542
50,47,two_opt,longest,12,model_route,5.526008605957031,5.526008680462837,-1.3482752431641367e-06
50,47,two_opt,longest,12,model_learned,5.526008605957031,5.736510410904884,-3.8092920217484347
100,0,raw,longest,4,original_order,7.867138385772705,7.867138938978314,-7.0318530346693365e-06
100,0,raw,longest,4,exact_fixed_orientation,7.867138385772705,7.867138938978314,-7.0318530346693365e-06
100,0,raw,longest,4,exact_reversible,7.867138385772705,7.867138938978314,-7.0318530346693365e-06
100,0,raw,longest,4,greedy_pair,7.867138385772705,8.928013490512967,-13.484891871977203
100,0,raw,longest,4,random_mean,7.867138385772705,9.173016471788287,-16.599149804930242
100,0,raw,longest,4,random_best,7.867138385772705,8.928013490512967,-13.484891871977203
100,0,raw,longest,4,model_route,7.867138385772705,7.867138938978314,-7.0318530346693365e-06
100,0,raw,longest,4,model_learned,7.867138385772705,7.867138938978314,-7.0318530346693365e-06
100,0,raw,longest,8,original_order,7.867138385772705,7.867138938978314,-7.0318530346693365e-06
100,0,raw,longest,8,exact_fixed_orientation,7.867138385772705,7.867138938978314,-7.0318530346693365e-06
100,0,raw,longest,8,exact_reversible,7.867138385772705,7.867138938978314,-7.0318530346693365e-06
100,0,raw,longest,8,greedy_pair,7.867138385772705,8.928013490512967,-13.484891871977203
100,0,raw,longest,8,random_mean,7.867138385772705,11.515079978853464,-46.3693583892952
100,0,raw,longest,8,random_best,7.867138385772705,9.52881327457726,-21.1217193256649
100,0,raw,longest,8,model_route,7.867138385772705,7.867138938978314,-7.0318530346693365e-06
100,0,raw,longest,8,model_learned,7.867138385772705,8.293546484783292,-5.420116923095223
100,0,raw,longest,12,original_order,7.867138385772705,7.867138938978314,-7.0318530346693365e-06
100,0,raw,longest,12,exact_fixed_orientation,7.867138385772705,7.867138938978314,-7.0318530346693365e-06
100,0,raw,longest,12,exact_reversible,7.867138385772705,7.867138938978314,-7.0318530346693365e-06
100,0,raw,longest,12,greedy_pair,7.867138385772705,9.348091335967183,-18.824544295200162
100,0,raw,longest,12,random_mean,7.867138385772705,12.984273606911302,-65.04442873907823
100,0,raw,longest,12,random_best,7.867138385772705,11.487018899992108,-46.012671148199985
100,0,raw,longest,12,model_route,7.867138385772705,7.867138938978314,-7.0318530346693365e-06
100,0,raw,longest,12,model_learned,7.867138385772705,8.05750230140984,-2.4197351858129044
100,0,two_opt,longest,4,original_order,7.858911037445068,7.858910853043199,2.3464048504334997e-06
100,0,two_opt,longest,4,exact_fixed_orientation,7.858911037445068,7.858910853043199,2.3464048504334997e-06
100,0,two_opt,longest,4,exact_reversible,7.858911037445068,7.858910853043199,2.3464048504334997e-06
100,0,two_opt,longest,4,greedy_pair,7.858911037445068,8.919785404577851,-13.498999569763207
100,0,two_opt,longest,4,random_mean,7.858911037445068,9.164788385853171,-16.61651776163436
100,0,two_opt,longest,4,random_best,7.858911037445068,8.919785404577851,-13.498999569763207
100,0,two_opt,longest,4,model_route,7.858911037445068,7.858910853043199,2.3464048504334997e-06
100,0,two_opt,longest,4,model_learned,7.858911037445068,7.858910853043199,2.3464048504334997e-06
100,0,two_opt,longest,8,original_order,7.858911037445068,7.858910853043199,2.3464048504334997e-06
100,0,two_opt,longest,8,exact_fixed_orientation,7.858911037445068,7.858910853043199,2.3464048504334997e-06
100,0,two_opt,longest,8,exact_reversible,7.858911037445068,7.858910853043199,2.3464048504334997e-06
100,0,two_opt,longest,8,greedy_pair,7.858911037445068,8.919785404577851,-13.498999569763207
100,0,two_opt,longest,8,random_mean,7.858911037445068,11.506851892918348,-46.417892225679466
100,0,two_opt,longest,8,random_best,7.858911037445068,9.520585188642144,-21.143821876590245
100,0,two_opt,longest,8,model_route,7.858911037445068,7.858910853043199,2.3464048504334997e-06
100,0,two_opt,longest,8,model_learned,7.858911037445068,8.285318398848176,-5.425781757439675
100,0,two_opt,longest,12,original_order,7.858911037445068,7.858910853043199,2.3464048504334997e-06
100,0,two_opt,longest,12,exact_fixed_orientation,7.858911037445068,7.858910853043199,2.3464048504334997e-06
100,0,two_opt,longest,12,exact_reversible,7.858911037445068,7.858910853043199,2.3464048504334997e-06
100,0,two_opt,longest,12,greedy_pair,7.858911037445068,9.339863250032067,-18.844241976156233
100,0,two_opt,longest,12,random_mean,7.858911037445068,12.976045520976186,-65.11251316053449
100,0,two_opt,longest,12,random_best,7.858911037445068,11.478790814056993,-46.060831575321494
100,0,two_opt,longest,12,model_route,7.858911037445068,7.858910853043199,2.3464048504334997e-06
100,0,two_opt,longest,12,model_learned,7.858911037445068,8.049274215474725,-2.422258976118191
100,1,raw,longest,4,original_order,7.650821208953857,7.650821216404438,-9.738275661447054e-08
100,1,raw,longest,4,exact_fixed_orientation,7.650821208953857,7.650821216404438,-9.738275661447054e-08
100,1,raw,longest,4,exact_reversible,7.650821208953857,7.650821216404438,-9.738275661447054e-08
100,1,raw,longest,4,greedy_pair,7.650821208953857,8.162980146706104,-6.694169472328807
100,1,raw,longest,4,random_mean,7.650821208953857,8.531292410567403,-11.508192095550715
100,1,raw,longest,4,random_best,7.650821208953857,7.650821216404438,-9.738275661447054e-08
100,1,raw,longest,4,model_route,7.650821208953857,7.650821216404438,-9.738275661447054e-08
100,1,raw,longest,4,model_learned,7.650821208953857,7.650821216404438,-9.738275661447054e-08
100,1,raw,longest,8,original_order,7.650821208953857,7.650821216404438,-9.738275661447054e-08
100,1,raw,longest,8,exact_fixed_orientation,7.650821208953857,7.650821216404438,-9.738275661447054e-08
100,1,raw,longest,8,exact_reversible,7.650821208953857,7.650821216404438,-9.738275661447054e-08
100,1,raw,longest,8,greedy_pair,7.650821208953857,8.162980146706104,-6.694169472328807
100,1,raw,longest,8,random_mean,7.650821208953857,9.77430871501565,-27.755027180306435
100,1,raw,longest,8,random_best,7.650821208953857,8.450199700891972,-10.448270454975356
100,1,raw,longest,8,model_route,7.650821208953857,8.314309887588024,-8.672123691214704
100,1,raw,longest,8,model_learned,7.650821208953857,7.650821216404438,-9.738275661447054e-08
100,1,raw,longest,12,original_order,7.650821208953857,7.650821216404438,-9.738275661447054e-08
100,1,raw,longest,12,exact_fixed_orientation,7.650821208953857,7.650821216404438,-9.738275661447054e-08
100,1,raw,longest,12,exact_reversible,7.650821208953857,7.650821216404438,-9.738275661447054e-08
100,1,raw,longest,12,greedy_pair,7.650821208953857,9.141925878822803,-19.489472164424473
100,1,raw,longest,12,random_mean,7.650821208953857,12.314124539494514,-60.951670457063244
100,1,raw,longest,12,random_best,7.650821208953857,11.965567998588085,-56.39586485937774
100,1,raw,longest,12,model_route,7.650821208953857,7.840691439807415,-2.481697397808093
100,1,raw,longest,12,model_learned,7.650821208953857,7.840691439807415,-2.481697397808093
100,1,two_opt,longest,4,original_order,7.650821208953857,7.650821216404438,-9.738275661447054e-08
100,1,two_opt,longest,4,exact_fixed_orientation,7.650821208953857,7.650821216404438,-9.738275661447054e-08
100,1,two_opt,longest,4,exact_reversible,7.650821208953857,7.650821216404438,-9.738275661447054e-08
100,1,two_opt,longest,4,greedy_pair,7.650821208953857,8.162980146706104,-6.694169472328807
100,1,two_opt,longest,4,random_mean,7.650821208953857,8.531292410567403,-11.508192095550715
100,1,two_opt,longest,4,random_best,7.650821208953857,7.650821216404438,-9.738275661447054e-08
100,1,two_opt,longest,4,model_route,7.650821208953857,7.650821216404438,-9.738275661447054e-08
100,1,two_opt,longest,4,model_learned,7.650821208953857,7.650821216404438,-9.738275661447054e-08
100,1,two_opt,longest,8,original_order,7.650821208953857,7.650821216404438,-9.738275661447054e-08
100,1,two_opt,longest,8,exact_fixed_orientation,7.650821208953857,7.650821216404438,-9.738275661447054e-08
100,1,two_opt,longest,8,exact_reversible,7.650821208953857,7.650821216404438,-9.738275661447054e-08
100,1,two_opt,longest,8,greedy_pair,7.650821208953857,8.162980146706104,-6.694169472328807
100,1,two_opt,longest,8,random_mean,7.650821208953857,9.77430871501565,-27.755027180306435
100,1,two_opt,longest,8,random_best,7.650821208953857,8.450199700891972,-10.448270454975356
100,1,two_opt,longest,8,model_route,7.650821208953857,8.314309887588024,-8.672123691214704
100,1,two_opt,longest,8,model_learned,7.650821208953857,7.650821216404438,-9.738275661447054e-08
100,1,two_opt,longest,12,original_order,7.650821208953857,7.650821216404438,-9.738275661447054e-08
100,1,two_opt,longest,12,exact_fixed_orientation,7.650821208953857,7.650821216404438,-9.738275661447054e-08
100,1,two_opt,longest,12,exact_reversible,7.650821208953857,7.650821216404438,-9.738275661447054e-08
100,1,two_opt,longest,12,greedy_pair,7.650821208953857,9.141925878822803,-19.489472164424473
100,1,two_opt,longest,12,random_mean,7.650821208953857,12.314124539494514,-60.951670457063244
100,1,two_opt,longest,12,random_best,7.650821208953857,11.965567998588085,-56.39586485937774
100,1,two_opt,longest,12,model_route,7.650821208953857,7.840691439807415,-2.481697397808093
100,1,two_opt,longest,12,model_learned,7.650821208953857,7.840691439807415,-2.481697397808093
100,2,raw,longest,4,original_order,7.915815353393555,7.915815276093781,9.765232037650534e-07
100,2,raw,longest,4,exact_fixed_orientation,7.915815353393555,7.915815276093781,9.765232037650534e-07
100,2,raw,longest,4,exact_reversible,7.915815353393555,7.915815276093781,9.765232037650534e-07
100,2,raw,longest,4,greedy_pair,7.915815353393555,7.915815276093781,9.765232037650534e-07
100,2,raw,longest,4,random_mean,7.915815353393555,9.567471363581717,-20.86526701864121
100,2,raw,longest,4,random_best,7.915815353393555,7.915815276093781,9.765232037650534e-07
100,2,raw,longest,4,model_route,7.915815353393555,7.915815276093781,9.765232037650534e-07
100,2,raw,longest,4,model_learned,7.915815353393555,7.915815276093781,9.765232037650534e-07
100,2,raw,longest,8,original_order,7.915815353393555,7.915815276093781,9.765232037650534e-07
100,2,raw,longest,8,exact_fixed_orientation,7.915815353393555,7.915815276093781,9.765232037650534e-07
100,2,raw,longest,8,exact_reversible,7.915815353393555,7.915815276093781,9.765232037650534e-07
100,2,raw,longest,8,greedy_pair,7.915815353393555,7.915815276093781,9.765232037650534e-07
100,2,raw,longest,8,random_mean,7.915815353393555,11.08515905868262,-40.038120696313996
100,2,raw,longest,8,random_best,7.915815353393555,9.420161378569901,-19.004309196416823
100,2,raw,longest,8,model_route,7.915815353393555,9.581548628397286,-21.04310422412294
100,2,raw,longest,8,model_learned,7.915815353393555,7.915815276093781,9.765232037650534e-07
100,2,raw,longest,12,original_order,7.915815353393555,7.915815276093781,9.765232037650534e-07
100,2,raw,longest,12,exact_fixed_orientation,7.915815353393555,7.915815276093781,9.765232037650534e-07
100,2,raw,longest,12,exact_reversible,7.915815353393555,7.915815276093781,9.765232037650534e-07
100,2,raw,longest,12,greedy_pair,7.915815353393555,7.915815276093781,9.765232037650534e-07
100,2,raw,longest,12,random_mean,7.915815353393555,13.708213816396892,-73.17500730382883
100,2,raw,longest,12,random_best,7.915815353393555,12.043154609389603,-52.140418538522816
100,2,raw,longest,12,model_route,7.915815353393555,9.207549390383065,-16.318395254580267
100,2,raw,longest,12,model_learned,7.915815353393555,8.991386828012764,-13.587627131273422
100,2,two_opt,longest,4,original_order,7.896719455718994,7.896719827316701,-4.705722539027975e-06
100,2,two_opt,longest,4,exact_fixed_orientation,7.896719455718994,7.896719827316701,-4.705722539027975e-06
100,2,two_opt,longest,4,exact_reversible,7.896719455718994,7.896719827316701,-4.705722539027975e-06
100,2,two_opt,longest,4,greedy_pair,7.896719455718994,7.896719827316701,-4.705722539027975e-06
100,2,two_opt,longest,4,random_mean,7.896719455718994,9.548375914804637,-20.91572922588093
100,2,two_opt,longest,4,random_best,7.896719455718994,7.896719827316701,-4.705722539027975e-06
100,2,two_opt,longest,4,model_route,7.896719455718994,7.896719827316701,-4.705722539027975e-06
100,2,two_opt,longest,4,model_learned,7.896719455718994,7.896719827316701,-4.705722539027975e-06
100,2,two_opt,longest,8,original_order,7.896719455718994,7.896719827316701,-4.705722539027975e-06
100,2,two_opt,longest,8,exact_fixed_orientation,7.896719455718994,7.896719827316701,-4.705722539027975e-06
100,2,two_opt,longest,8,exact_reversible,7.896719455718994,7.896719827316701,-4.705722539027975e-06
100,2,two_opt,longest,8,greedy_pair,7.896719455718994,7.896719827316701,-4.705722539027975e-06
100,2,two_opt,longest,8,random_mean,7.896719455718994,11.066063609905541,-40.13494682138203
100,2,two_opt,longest,8,random_best,7.896719455718994,9.401065929792821,-19.0502712235059
100,2,two_opt,longest,8,model_route,7.896719455718994,9.562453179620206,-21.093996478434445
100,2,two_opt,longest,8,model_learned,7.896719455718994,7.896719827316701,-4.705722539027975e-06
100,2,two_opt,longest,12,original_order,7.896719455718994,7.896719827316701,-4.705722539027975e-06
100,2,two_opt,longest,12,exact_fixed_orientation,7.896719455718994,7.896719827316701,-4.705722539027975e-06
100,2,two_opt,longest,12,exact_reversible,7.896719455718994,7.896719827316701,-4.705722539027975e-06
100,2,two_opt,longest,12,greedy_pair,7.896719455718994,7.896719827316701,-4.705722539027975e-06
100,2,two_opt,longest,12,random_mean,7.896719455718994,13.689118367619812,-73.35196526078717
100,2,two_opt,longest,12,random_best,7.896719455718994,12.024059160612524,-52.266510517914
100,2,two_opt,longest,12,model_route,7.896719455718994,9.188453941605985,-16.357862187335094
100,2,two_opt,longest,12,model_learned,7.896719455718994,8.972291379235685,-13.620490503024463
100,3,raw,longest,4,original_order,7.416010856628418,7.41601062938571,3.0642175773390033e-06
100,3,raw,longest,4,exact_fixed_orientation,7.416010856628418,7.41601062938571,3.0642175773390033e-06
100,3,raw,longest,4,exact_reversible,7.416010856628418,7.41601062938571,3.0642175773390033e-06
100,3,raw,longest,4,greedy_pair,7.416010856628418,7.41601062938571,3.0642175773390033e-06
100,3,raw,longest,4,random_mean,7.416010856628418,9.16844772733748,-23.630451796638575
100,3,raw,longest,4,random_best,7.416010856628418,7.41601062938571,3.0642175773390033e-06
100,3,raw,longest,4,model_route,7.416010856628418,7.41601062938571,3.0642175773390033e-06
100,3,raw,longest,4,model_learned,7.416010856628418,7.41601062938571,3.0642175773390033e-06
100,3,raw,longest,8,original_order,7.416010856628418,7.41601062938571,3.0642175773390033e-06
100,3,raw,longest,8,exact_fixed_orientation,7.416010856628418,7.41601062938571,3.0642175773390033e-06
100,3,raw,longest,8,exact_reversible,7.416010856628418,7.41601062938571,3.0642175773390033e-06
100,3,raw,longest,8,greedy_pair,7.416010856628418,7.41601062938571,3.0642175773390033e-06
100,3,raw,longest,8,random_mean,7.416010856628418,10.122581239789724,-36.49631096133278
100,3,raw,longest,8,random_best,7.416010856628418,8.380141984671354,-13.0006703965542
100,3,raw,longest,8,model_route,7.416010856628418,7.41601062938571,3.0642175773390033e-06
100,3,raw,longest,8,model_learned,7.416010856628418,7.41601062938571,3.0642175773390033e-06
100,3,raw,longest,12,original_order,7.416010856628418,7.41601062938571,3.0642175773390033e-06
100,3,raw,longest,12,exact_fixed_orientation,7.416010856628418,7.41601062938571,3.0642175773390033e-06
100,3,raw,longest,12,exact_reversible,7.416010856628418,7.40959795191884,0.08647377725783285
100,3,raw,longest,12,greedy_pair,7.416010856628418,7.41601062938571,3.0642175773390033e-06
100,3,raw,longest,12,random_mean,7.416010856628418,12.059161292389035,-62.60981173740566
100,3,raw,longest,12,random_best,7.416010856628418,11.023206491023302,-48.640646624334146
100,3,raw,longest,12,model_route,7.416010856628418,7.41601062938571,3.0642175773390033e-06
100,3,raw,longest,12,model_learned,7.416010856628418,7.7572127394378185,-4.600881651952207
100,3,two_opt,longest,4,original_order,7.4064178466796875,7.406417179852724,9.003366772286856e-06
100,3,two_opt,longest,4,exact_fixed_orientation,7.4064178466796875,7.406417179852724,9.003366772286856e-06
100,3,two_opt,longest,4,exact_reversible,7.4064178466796875,7.406417179852724,9.003366772286856e-06
100,3,two_opt,longest,4,greedy_pair,7.4064178466796875,7.406417179852724,9.003366772286856e-06
100,3,two_opt,longest,4,random_mean,7.4064178466796875,9.158854277804494,-23.66105271673846
100,3,two_opt,longest,4,random_best,7.4064178466796875,7.406417179852724,9.003366772286856e-06
100,3,two_opt,longest,4,model_route,7.4064178466796875,7.406417179852724,9.003366772286856e-06
100,3,two_opt,longest,4,model_learned,7.4064178466796875,7.406417179852724,9.003366772286856e-06
100,3,two_opt,longest,8,original_order,7.4064178466796875,7.406417179852724,9.003366772286856e-06
100,3,two_opt,longest,8,exact_fixed_orientation,7.4064178466796875,7.406417179852724,9.003366772286856e-06
100,3,two_opt,longest,8,exact_reversible,7.4064178466796875,7.406417179852724,9.003366772286856e-06
100,3,two_opt,longest,8,greedy_pair,7.4064178466796875,7.406417179852724,9.003366772286856e-06
100,3,two_opt,longest,8,random_mean,7.4064178466796875,10.11959115229547,-36.63273341824893
100,3,two_opt,longest,8,random_best,7.4064178466796875,8.375854406505823,-13.089142145291412
100,3,two_opt,longest,8,model_route,7.4064178466796875,7.406417179852724,9.003366772286856e-06
100,3,two_opt,longest,8,model_learned,7.4064178466796875,7.406417179852724,9.003366772286856e-06
100,3,two_opt,longest,12,original_order,7.4064178466796875,7.406417179852724,9.003366772286856e-06
100,3,two_opt,longest,12,exact_fixed_orientation,7.4064178466796875,7.406417179852724,9.003366772286856e-06
100,3,two_opt,longest,12,exact_reversible,7.4064178466796875,7.406417179852724,9.003366772286856e-06
100,3,two_opt,longest,12,greedy_pair,7.4064178466796875,7.406417179852724,9.003366772286856e-06
100,3,two_opt,longest,12,random_mean,7.4064178466796875,12.052008371800184,-62.72385141223331
100,3,two_opt,longest,12,random_best,7.4064178466796875,11.014317382127047,-48.7131513524421
100,3,two_opt,longest,12,model_route,7.4064178466796875,7.406417179852724,9.003366772286856e-06
100,3,two_opt,longest,12,model_learned,7.4064178466796875,7.747619289904833,-4.606834913832287
100,4,raw,longest,4,original_order,7.732487678527832,7.732487183995545,6.395513419233431e-06
100,4,raw,longest,4,exact_fixed_orientation,7.732487678527832,7.732487183995545,6.395513419233431e-06
100,4,raw,longest,4,exact_reversible,7.732487678527832,7.732487183995545,6.395513419233431e-06
100,4,raw,longest,4,greedy_pair,7.732487678527832,7.732487183995545,6.395513419233431e-06
100,4,raw,longest,4,random_mean,7.732487678527832,9.361706369556487,-21.06978709520346
100,4,raw,longest,4,random_best,7.732487678527832,9.069707197137177,-17.293522785980496
100,4,raw,longest,4,model_route,7.732487678527832,7.732487183995545,6.395513419233431e-06
100,4,raw,longest,4,model_learned,7.732487678527832,7.732487183995545,6.395513419233431e-06
100,4,raw,longest,8,original_order,7.732487678527832,7.732487183995545,6.395513419233431e-06
100,4,raw,longest,8,exact_fixed_orientation,7.732487678527832,7.732487183995545,6.395513419233431e-06
100,4,raw,longest,8,exact_reversible,7.732487678527832,7.732487183995545,6.395513419233431e-06
100,4,raw,longest,8,greedy_pair,7.732487678527832,8.337037739343941,-7.81831263042126
100,4,raw,longest,8,random_mean,7.732487678527832,11.093208608217537,-43.46235092002816
100,4,raw,longest,8,random_best,7.732487678527832,9.681926128454506,-25.211012690521645
100,4,raw,longest,8,model_route,7.732487678527832,7.732487183995545,6.395513419233431e-06
100,4,raw,longest,8,model_learned,7.732487678527832,9.059465345926583,-17.16107057090572
100,4,raw,longest,12,original_order,7.732487678527832,7.732487183995545,6.395513419233431e-06
100,4,raw,longest,12,exact_fixed_orientation,7.732487678527832,7.732487183995545,6.395513419233431e-06
100,4,raw,longest,12,exact_reversible,7.732487678527832,7.732487183995545,6.395513419233431e-06
100,4,raw,longest,12,greedy_pair,7.732487678527832,8.337037739343941,-7.81831263042126
100,4,raw,longest,12,random_mean,7.732487678527832,12.518421812914312,-61.89384753468707
100,4,raw,longest,12,random_best,7.732487678527832,10.712601286359131,-38.54016626637128
100,4,raw,longest,12,model_route,7.732487678527832,7.732487183995545,6.395513419233431e-06
100,4,raw,longest,12,model_learned,7.732487678527832,7.732487183995545,6.395513419233431e-06
100,4,two_opt,longest,4,original_order,7.725353240966797,7.7253527501598,6.353198119403206e-06
100,4,two_opt,longest,4,exact_fixed_orientation,7.725353240966797,7.7253527501598,6.353198119403206e-06
100,4,two_opt,longest,4,exact_reversible,7.725353240966797,7.7253527501598,6.353198119403206e-06
100,4,two_opt,longest,4,greedy_pair,7.725353240966797,7.7253527501598,6.353198119403206e-06
100,4,two_opt,longest,4,random_mean,7.725353240966797,9.354571935720742,-21.08924529320364
100,4,two_opt,longest,4,random_best,7.725353240966797,9.062572763301432,-17.30949356779558
100,4,two_opt,longest,4,model_route,7.725353240966797,7.7253527501598,6.353198119403206e-06
100,4,two_opt,longest,4,model_learned,7.725353240966797,7.7253527501598,6.353198119403206e-06
100,4,two_opt,longest,8,original_order,7.725353240966797,7.7253527501598,6.353198119403206e-06
100,4,two_opt,longest,8,exact_fixed_orientation,7.725353240966797,7.7253527501598,6.353198119403206e-06
100,4,two_opt,longest,8,exact_reversible,7.725353240966797,7.7253527501598,6.353198119403206e-06
100,4,two_opt,longest,8,greedy_pair,7.725353240966797,8.329903305508196,-7.825532965088629
100,4,two_opt,longest,8,random_mean,7.725353240966797,11.086074174381793,-43.50248886476051
100,4,two_opt,longest,8,random_best,7.725353240966797,9.674791694618762,-25.23429534994312
100,4,two_opt,longest,8,model_route,7.725353240966797,7.7253527501598,6.353198119403206e-06
100,4,two_opt,longest,8,model_learned,7.725353240966797,9.052330912090838,-17.17691903183414
100,4,two_opt,longest,12,original_order,7.725353240966797,7.7253527501598,6.353198119403206e-06
100,4,two_opt,longest,12,exact_fixed_orientation,7.725353240966797,7.7253527501598,6.353198119403206e-06
100,4,two_opt,longest,12,exact_reversible,7.725353240966797,7.7253527501598,6.353198119403206e-06
100,4,two_opt,longest,12,greedy_pair,7.725353240966797,8.329903305508196,-7.825532965088629
100,4,two_opt,longest,12,random_mean,7.725353240966797,12.511287379078567,-61.95100714272102
100,4,two_opt,longest,12,random_best,7.725353240966797,10.705466852523386,-38.57575852652714
100,4,two_opt,longest,12,model_route,7.725353240966797,7.7253527501598,6.353198119403206e-06
100,4,two_opt,longest,12,model_learned,7.725353240966797,7.7253527501598,6.353198119403206e-06
100,5,raw,longest,4,original_order,8.010211944580078,8.010212436318398,-6.138892738408699e-06
100,5,raw,longest,4,exact_fixed_orientation,8.010211944580078,8.010212436318398,-6.138892738408699e-06
100,5,raw,longest,4,exact_reversible,8.010211944580078,8.010212436318398,-6.138892738408699e-06
100,5,raw,longest,4,greedy_pair,8.010211944580078,8.010212436318398,-6.138892738408699e-06
100,5,raw,longest,4,random_mean,8.010211944580078,9.715995686128736,-21.295113704236453
100,5,raw,longest,4,random_best,8.010211944580078,9.252472713589668,-15.508463166822155
100,5,raw,longest,4,model_route,8.010211944580078,8.010212436318398,-6.138892738408699e-06
100,5,raw,longest,4,model_learned,8.010211944580078,8.010212436318398,-6.138892738408699e-06
100,5,raw,longest,8,original_order,8.010211944580078,8.010212436318398,-6.138892738408699e-06
100,5,raw,longest,8,exact_fixed_orientation,8.010211944580078,8.010212436318398,-6.138892738408699e-06
100,5,raw,longest,8,exact_reversible,8.010211944580078,8.010212436318398,-6.138892738408699e-06
100,5,raw,longest,8,greedy_pair,8.010211944580078,8.480309054255486,-5.868722487343017
100,5,raw,longest,8,random_mean,8.010211944580078,11.20422338321805,-39.874243787008965
100,5,raw,longest,8,random_best,8.010211944580078,9.471129640936852,-18.23819028091097
100,5,raw,longest,8,model_route,8.010211944580078,8.010212436318398,-6.138892738408699e-06
100,5,raw,longest,8,model_learned,8.010211944580078,8.010212436318398,-6.138892738408699e-06
100,5,raw,longest,12,original_order,8.010211944580078,8.010212436318398,-6.138892738408699e-06
100,5,raw,longest,12,exact_fixed_orientation,8.010211944580078,8.010212436318398,-6.138892738408699e-06
100,5,raw,longest,12,exact_reversible,8.010211944580078,8.010212436318398,-6.138892738408699e-06
100,5,raw,longest,12,greedy_pair,8.010211944580078,9.347499631345272,-16.694785306773788
100,5,raw,longest,12,random_mean,8.010211944580078,12.724694306962192,-58.85590038066418
100,5,raw,longest,12,random_best,8.010211944580078,11.67283646017313,-45.72443951462834
100,5,raw,longest,12,model_route,8.010211944580078,8.088557280600071,-0.9780682029643842
100,5,raw,longest,12,model_learned,8.010211944580078,8.088557280600071,-0.9780682029643842
100,5,two_opt,longest,4,original_order,8.005240440368652,8.005240246653557,2.4198535567171383e-06
100,5,two_opt,longest,4,exact_fixed_orientation,8.005240440368652,8.005240246653557,2.4198535567171383e-06
100,5,two_opt,longest,4,exact_reversible,8.005240440368652,8.005240246653557,2.4198535567171383e-06
100,5,two_opt,longest,4,greedy_pair,8.005240440368652,8.005240246653557,2.4198535567171383e-06
100,5,two_opt,longest,4,random_mean,8.005240440368652,9.711023496463895,-21.308330072053263
100,5,two_opt,longest,4,random_best,8.005240440368652,9.247500523924828,-15.518085844014543
100,5,two_opt,longest,4,model_route,8.005240440368652,8.005240246653557,2.4198535567171383e-06
100,5,two_opt,longest,4,model_learned,8.005240440368652,8.005240246653557,2.4198535567171383e-06
100,5,two_opt,longest,8,original_order,8.005240440368652,8.005240246653557,2.4198535567171383e-06
100,5,two_opt,longest,8,exact_fixed_orientation,8.005240440368652,8.005240246653557,2.4198535567171383e-06
100,5,two_opt,longest,8,exact_reversible,8.005240440368652,8.005240246653557,2.4198535567171383e-06
100,5,two_opt,longest,8,greedy_pair,8.005240440368652,8.475336864590645,-5.8723585846516295
100,5,two_opt,longest,8,random_mean,8.005240440368652,11.19925119355321,-39.89899837458809
100,5,two_opt,longest,8,random_best,8.005240440368652,9.46615745127201,-18.24950820385454
100,5,two_opt,longest,8,model_route,8.005240440368652,8.005240246653557,2.4198535567171383e-06
100,5,two_opt,longest,8,model_learned,8.005240440368652,8.005240246653557,2.4198535567171383e-06
100,5,two_opt,longest,12,original_order,8.005240440368652,8.005240246653557,2.4198535567171383e-06
100,5,two_opt,longest,12,exact_fixed_orientation,8.005240440368652,8.005240246653557,2.4198535567171383e-06
100,5,two_opt,longest,12,exact_reversible,8.005240440368652,8.005240246653557,2.4198535567171383e-06
100,5,two_opt,longest,12,greedy_pair,8.005240440368652,9.342527441680431,-16.705144727048264
100,5,two_opt,longest,12,random_mean,8.005240440368652,12.719722117297351,-58.89244316953447
100,5,two_opt,longest,12,random_best,8.005240440368652,11.66786427050829,-45.75282725637867
100,5,two_opt,longest,12,model_route,8.005240440368652,8.08358509093523,-0.9786670512918414
100,5,two_opt,longest,12,model_learned,8.005240440368652,8.08358509093523,-0.9786670512918414
100,6,raw,longest,4,original_order,7.922487258911133,7.9224872859194875,-3.4090751781860117e-07
100,6,raw,longest,4,exact_fixed_orientation,7.922487258911133,7.9224872859194875,-3.4090751781860117e-07
100,6,raw,longest,4,exact_reversible,7.922487258911133,7.9224872859194875,-3.4090751781860117e-07
100,6,raw,longest,4,greedy_pair,7.922487258911133,7.9224872859194875,-3.4090751781860117e-07
100,6,raw,longest,4,random_mean,7.922487258911133,8.632615865208209,-8.963455327723379
100,6,raw,longest,4,random_best,7.922487258911133,8.378791344352067,-5.759606428242438
100,6,raw,longest,4,model_route,7.922487258911133,8.378791344352067,-5.759606428242438
100,6,raw,longest,4,model_learned,7.922487258911133,7.9224872859194875,-3.4090751781860117e-07
100,6,raw,longest,8,original_order,7.922487258911133,7.9224872859194875,-3.4090751781860117e-07
100,6,raw,longest,8,exact_fixed_orientation,7.922487258911133,7.9224872859194875,-3.4090751781860117e-07
100,6,raw,longest,8,exact_reversible,7.922487258911133,7.9224872859194875,-3.4090751781860117e-07
100,6,raw,longest,8,greedy_pair,7.922487258911133,7.9224872859194875,-3.4090751781860117e-07
100,6,raw,longest,8,random_mean,7.922487258911133,10.767702502198517,-35.913156440701314
100,6,raw,longest,8,random_best,7.922487258911133,9.884154942817986,-24.760755300684004
100,6,raw,longest,8,model_route,7.922487258911133,9.576185283251107,-20.873470291541476
100,6,raw,longest,8,model_learned,7.922487258911133,8.831818205304444,-11.477846750343522
100,6,raw,longest,12,original_order,7.922487258911133,7.9224872859194875,-3.4090751781860117e-07
100,6,raw,longest,12,exact_fixed_orientation,7.922487258911133,7.9224872859194875,-3.4090751781860117e-07
100,6,raw,longest,12,exact_reversible,7.922487258911133,7.9224872859194875,-3.4090751781860117e-07
100,6,raw,longest,12,greedy_pair,7.922487258911133,7.9224872859194875,-3.4090751781860117e-07
100,6,raw,longest,12,random_mean,7.922487258911133,12.361122026108205,-56.02577349940881
100,6,raw,longest,12,random_best,7.922487258911133,11.396317061968148,-43.84771713138051
100,6,raw,longest,12,model_route,7.922487258911133,7.9224872859194875,-3.4090751781860117e-07
100,6,raw,longest,12,model_learned,7.922487258911133,9.253355828113854,-16.79862050526839
100,6,two_opt,longest,4,original_order,7.922487258911133,7.9224872859194875,-3.4090751781860117e-07
100,6,two_opt,longest,4,exact_fixed_orientation,7.922487258911133,7.9224872859194875,-3.4090751781860117e-07
100,6,two_opt,longest,4,exact_reversible,7.922487258911133,7.9224872859194875,-3.4090751781860117e-07
100,6,two_opt,longest,4,greedy_pair,7.922487258911133,7.9224872859194875,-3.4090751781860117e-07
100,6,two_opt,longest,4,random_mean,7.922487258911133,8.632615865208209,-8.963455327723379
100,6,two_opt,longest,4,random_best,7.922487258911133,8.378791344352067,-5.759606428242438
100,6,two_opt,longest,4,model_route,7.922487258911133,8.378791344352067,-5.759606428242438
100,6,two_opt,longest,4,model_learned,7.922487258911133,7.9224872859194875,-3.4090751781860117e-07
100,6,two_opt,longest,8,original_order,7.922487258911133,7.9224872859194875,-3.4090751781860117e-07
100,6,two_opt,longest,8,exact_fixed_orientation,7.922487258911133,7.9224872859194875,-3.4090751781860117e-07
100,6,two_opt,longest,8,exact_reversible,7.922487258911133,7.9224872859194875,-3.4090751781860117e-07
100,6,two_opt,longest,8,greedy_pair,7.922487258911133,7.9224872859194875,-3.4090751781860117e-07
100,6,two_opt,longest,8,random_mean,7.922487258911133,10.767702502198517,-35.913156440701314
100,6,two_opt,longest,8,random_best,7.922487258911133,9.884154942817986,-24.760755300684004
100,6,two_opt,longest,8,model_route,7.922487258911133,9.576185283251107,-20.873470291541476
100,6,two_opt,longest,8,model_learned,7.922487258911133,8.831818205304444,-11.477846750343522
100,6,two_opt,longest,12,original_order,7.922487258911133,7.9224872859194875,-3.4090751781860117e-07
100,6,two_opt,longest,12,exact_fixed_orientation,7.922487258911133,7.9224872859194875,-3.4090751781860117e-07
100,6,two_opt,longest,12,exact_reversible,7.922487258911133,7.9224872859194875,-3.4090751781860117e-07
100,6,two_opt,longest,12,greedy_pair,7.922487258911133,7.9224872859194875,-3.4090751781860117e-07
100,6,two_opt,longest,12,random_mean,7.922487258911133,12.361122026108205,-56.02577349940881
100,6,two_opt,longest,12,random_best,7.922487258911133,11.396317061968148,-43.84771713138051
100,6,two_opt,longest,12,model_route,7.922487258911133,7.9224872859194875,-3.4090751781860117e-07
100,6,two_opt,longest,12,model_learned,7.922487258911133,9.253355828113854,-16.79862050526839
100,7,raw,longest,4,original_order,7.313409805297852,7.313409551978111,3.4637706219047746e-06
100,7,raw,longest,4,exact_fixed_orientation,7.313409805297852,7.313409551978111,3.4637706219047746e-06
100,7,raw,longest,4,exact_reversible,7.313409805297852,7.313409551978111,3.4637706219047746e-06
100,7,raw,longest,4,greedy_pair,7.313409805297852,7.313409551978111,3.4637706219047746e-06
100,7,raw,longest,4,random_mean,7.313409805297852,8.630988826975226,-18.015933152315867
100,7,raw,longest,4,random_best,7.313409805297852,7.313409551978111,3.4637706219047746e-06
100,7,raw,longest,4,model_route,7.313409805297852,7.313409551978111,3.4637706219047746e-06
100,7,raw,longest,4,model_learned,7.313409805297852,7.313409551978111,3.4637706219047746e-06
100,7,raw,longest,8,original_order,7.313409805297852,7.313409551978111,3.4637706219047746e-06
100,7,raw,longest,8,exact_fixed_orientation,7.313409805297852,7.313409551978111,3.4637706219047746e-06
100,7,raw,longest,8,exact_reversible,7.313409805297852,7.313409551978111,3.4637706219047746e-06
100,7,raw,longest,8,greedy_pair,7.313409805297852,7.313409551978111,3.4637706219047746e-06
100,7,raw,longest,8,random_mean,7.313409805297852,9.94507435336709,-35.984097953363076
100,7,raw,longest,8,random_best,7.313409805297852,8.895680263638496,-21.635194806045796
100,7,raw,longest,8,model_route,7.313409805297852,7.313409551978111,3.4637706219047746e-06
100,7,raw,longest,8,model_learned,7.313409805297852,7.313409551978111,3.4637706219047746e-06
100,7,raw,longest,12,original_order,7.313409805297852,7.313409551978111,3.4637706219047746e-06
100,7,raw,longest,12,exact_fixed_orientation,7.313409805297852,7.313409551978111,3.4637706219047746e-06
100,7,raw,longest,12,exact_reversible,7.313409805297852,7.313409551978111,3.4637706219047746e-06
100,7,raw,longest,12,greedy_pair,7.313409805297852,7.313409551978111,3.4637706219047746e-06
100,7,raw,longest,12,random_mean,7.313409805297852,11.708417201414704,-60.095188333807016
100,7,raw,longest,12,random_best,7.313409805297852,10.508364200592041,-43.686248690450206
100,7,raw,longest,12,model_route,7.313409805297852,7.313409551978111,3.4637706219047746e-06
100,7,raw,longest,12,model_learned,7.313409805297852,8.28563442826271,-13.293725483024035
100,7,two_opt,longest,4,original_order,7.30092716217041,7.300926711410284,6.1740120960183666e-06
100,7,two_opt,longest,4,exact_fixed_orientation,7.30092716217041,7.300926711410284,6.1740120960183666e-06
100,7,two_opt,longest,4,exact_reversible,7.30092716217041,7.300926711410284,6.1740120960183666e-06
100,7,two_opt,longest,4,greedy_pair,7.30092716217041,7.300926711410284,6.1740120960183666e-06
100,7,two_opt,longest,4,random_mean,7.30092716217041,8.913020396605134,-22.080664532413756
100,7,two_opt,longest,4,random_best,7.30092716217041,7.300926711410284,6.1740120960183666e-06
100,7,two_opt,longest,4,model_route,7.30092716217041,7.300926711410284,6.1740120960183666e-06
100,7,two_opt,longest,4,model_learned,7.30092716217041,7.300926711410284,6.1740120960183666e-06
100,7,two_opt,longest,8,original_order,7.30092716217041,7.300926711410284,6.1740120960183666e-06
100,7,two_opt,longest,8,exact_fixed_orientation,7.30092716217041,7.300926711410284,6.1740120960183666e-06
100,7,two_opt,longest,8,exact_reversible,7.30092716217041,7.300926711410284,6.1740120960183666e-06
100,7,two_opt,longest,8,greedy_pair,7.30092716217041,7.300926711410284,6.1740120960183666e-06
100,7,two_opt,longest,8,random_mean,7.30092716217041,9.940896060317755,-36.15936496156658
100,7,two_opt,longest,8,random_best,7.30092716217041,8.887978624552488,-21.737670122301036
100,7,two_opt,longest,8,model_route,7.30092716217041,7.300926711410284,6.1740120960183666e-06
100,7,two_opt,longest,8,model_learned,7.30092716217041,7.300926711410284,6.1740120960183666e-06
100,7,two_opt,longest,12,original_order,7.30092716217041,7.300926711410284,6.1740120960183666e-06
100,7,two_opt,longest,12,exact_fixed_orientation,7.30092716217041,7.300926711410284,6.1740120960183666e-06
100,7,two_opt,longest,12,exact_reversible,7.30092716217041,7.300926711410284,6.1740120960183666e-06
100,7,two_opt,longest,12,greedy_pair,7.30092716217041,7.300926711410284,6.1740120960183666e-06
100,7,two_opt,longest,12,random_mean,7.30092716217041,11.71017417870462,-60.39297364012373
100,7,two_opt,longest,12,random_best,7.30092716217041,10.487383838742971,-43.64454823057426
100,7,two_opt,longest,12,model_route,7.30092716217041,7.300926711410284,6.1740120960183666e-06
100,7,two_opt,longest,12,model_learned,7.30092716217041,9.970221292227507,-36.561029452368516
100,8,raw,longest,4,original_order,7.776210308074951,7.776210240088403,8.742889563613208e-07
100,8,raw,longest,4,exact_fixed_orientation,7.776210308074951,7.776210240088403,8.742889563613208e-07
100,8,raw,longest,4,exact_reversible,7.776210308074951,7.776210240088403,8.742889563613208e-07
100,8,raw,longest,4,greedy_pair,7.776210308074951,7.776210240088403,8.742889563613208e-07
100,8,raw,longest,4,random_mean,7.776210308074951,9.546413791365921,-22.76434681110361
100,8,raw,longest,4,random_best,7.776210308074951,7.776210240088403,8.742889563613208e-07
100,8,raw,longest,4,model_route,7.776210308074951,7.776210240088403,8.742889563613208e-07
100,8,raw,longest,4,model_learned,7.776210308074951,7.776210240088403,8.742889563613208e-07
100,8,raw,longest,8,original_order,7.776210308074951,7.776210240088403,8.742889563613208e-07
100,8,raw,longest,8,exact_fixed_orientation,7.776210308074951,7.776210240088403,8.742889563613208e-07
100,8,raw,longest,8,exact_reversible,7.776210308074951,7.776210240088403,8.742889563613208e-07
100,8,raw,longest,8,greedy_pair,7.776210308074951,8.755642122589052,-12.595233098274639
100,8,raw,longest,8,random_mean,7.776210308074951,10.744660313241184,-38.17347895135684
100,8,raw,longest,8,random_best,7.776210308074951,9.768658599816263,-25.622356042406913
100,8,raw,longest,8,model_route,7.776210308074951,7.776210240088403,8.742889563613208e-07
100,8,raw,longest,8,model_learned,7.776210308074951,7.776210240088403,8.742889563613208e-07
100,8,raw,longest,12,original_order,7.776210308074951,7.776210240088403,8.742889563613208e-07
100,8,raw,longest,12,exact_fixed_orientation,7.776210308074951,7.776210240088403,8.742889563613208e-07
100,8,raw,longest,12,exact_reversible,7.776210308074951,7.776210240088403,8.742889563613208e-07
100,8,raw,longest,12,greedy_pair,7.776210308074951,8.755642122589052,-12.595233098274639
100,8,raw,longest,12,random_mean,7.776210308074951,12.602041874080896,-62.058912694204245
100,8,raw,longest,12,random_best,7.776210308074951,11.220564126037061,-44.2934756327955
100,8,raw,longest,12,model_route,7.776210308074951,7.776210240088403,8.742889563613208e-07
100,8,raw,longest,12,model_learned,7.776210308074951,7.776210240088403,8.742889563613208e-07
100,8,two_opt,longest,4,original_order,7.752965450286865,7.7529654102399945,5.165361688408377e-07
100,8,two_opt,longest,4,exact_fixed_orientation,7.752965450286865,7.7529654102399945,5.165361688408377e-07
100,8,two_opt,longest,4,exact_reversible,7.752965450286865,7.7529654102399945,5.165361688408377e-07
100,8,two_opt,longest,4,greedy_pair,7.752965450286865,7.7529654102399945,5.165361688408377e-07
100,8,two_opt,longest,4,random_mean,7.752965450286865,9.523168961517513,-22.83259899172063
100,8,two_opt,longest,4,random_best,7.752965450286865,7.7529654102399945,5.165361688408377e-07
100,8,two_opt,longest,4,model_route,7.752965450286865,7.7529654102399945,5.165361688408377e-07
100,8,two_opt,longest,4,model_learned,7.752965450286865,7.7529654102399945,5.165361688408377e-07
100,8,two_opt,longest,8,original_order,7.752965450286865,7.7529654102399945,5.165361688408377e-07
100,8,two_opt,longest,8,exact_fixed_orientation,7.752965450286865,7.7529654102399945,5.165361688408377e-07
100,8,two_opt,longest,8,exact_reversible,7.752965450286865,7.7529654102399945,5.165361688408377e-07
100,8,two_opt,longest,8,greedy_pair,7.752965450286865,8.732397292740643,-12.6329963513192
100,8,two_opt,longest,8,random_mean,7.752965450286865,10.706603488884866,-38.09688121967207
100,8,two_opt,longest,8,random_best,7.752965450286865,9.745413769967854,-25.699177075621648
100,8,two_opt,longest,8,model_route,7.752965450286865,7.7529654102399945,5.165361688408377e-07
100,8,two_opt,longest,8,model_learned,7.752965450286865,7.7529654102399945,5.165361688408377e-07
100,8,two_opt,longest,12,original_order,7.752965450286865,7.7529654102399945,5.165361688408377e-07
100,8,two_opt,longest,12,exact_fixed_orientation,7.752965450286865,7.7529654102399945,5.165361688408377e-07
100,8,two_opt,longest,12,exact_reversible,7.752965450286865,7.7529654102399945,5.165361688408377e-07
100,8,two_opt,longest,12,greedy_pair,7.752965450286865,8.732397292740643,-12.6329963513192
100,8,two_opt,longest,12,random_mean,7.752965450286865,12.546239141374826,-61.82503613389128
100,8,two_opt,longest,12,random_best,7.752965450286865,11.150365722365677,-43.820655384877355
100,8,two_opt,longest,12,model_route,7.752965450286865,7.7529654102399945,5.165361688408377e-07
100,8,two_opt,longest,12,model_learned,7.752965450286865,7.7529654102399945,5.165361688408377e-07
100,9,raw,longest,4,original_order,8.276874542236328,8.27687491197139,-4.467085495081653e-06
100,9,raw,longest,4,exact_fixed_orientation,8.276874542236328,8.27687491197139,-4.467085495081653e-06
100,9,raw,longest,4,exact_reversible,8.276874542236328,8.27687491197139,-4.467085495081653e-06
100,9,raw,longest,4,greedy_pair,8.276874542236328,8.27687491197139,-4.467085495081653e-06
100,9,raw,longest,4,random_mean,8.276874542236328,10.479141064919531,-26.607465311274044
100,9,raw,longest,4,random_best,8.276874542236328,9.882082027383149,-19.39388445427747
100,9,raw,longest,4,model_route,8.276874542236328,8.27687491197139,-4.467085495081653e-06
100,9,raw,longest,4,model_learned,8.276874542236328,8.27687491197139,-4.467085495081653e-06
100,9,raw,longest,8,original_order,8.276874542236328,8.27687491197139,-4.467085495081653e-06
100,9,raw,longest,8,exact_fixed_orientation,8.276874542236328,8.27687491197139,-4.467085495081653e-06
100,9,raw,longest,8,exact_reversible,8.276874542236328,8.27687491197139,-4.467085495081653e-06
100,9,raw,longest,8,greedy_pair,8.276874542236328,8.644182008691132,-4.437755635662458
100,9,raw,longest,8,random_mean,8.276874542236328,11.538036453537643,-39.40088610332109
100,9,raw,longest,8,random_best,8.276874542236328,9.955296111293137,-20.278446417085796
100,9,raw,longest,8,model_route,8.276874542236328,8.27687491197139,-4.467085495081653e-06
100,9,raw,longest,8,model_learned,8.276874542236328,8.644182008691132,-4.437755635662458
100,9,raw,longest,12,original_order,8.276874542236328,8.27687491197139,-4.467085495081653e-06
100,9,raw,longest,12,exact_fixed_orientation,8.276874542236328,8.27687491197139,-4.467085495081653e-06
100,9,raw,longest,12,exact_reversible,8.276874542236328,8.27687491197139,-4.467085495081653e-06
100,9,raw,longest,12,greedy_pair,8.276874542236328,8.644182008691132,-4.437755635662458
100,9,raw,longest,12,random_mean,8.276874542236328,13.4112519742921,-62.032804845058266
100,9,raw,longest,12,random_best,8.276874542236328,12.443440300412476,-50.33984430855447
100,9,raw,longest,12,model_route,8.276874542236328,8.27687491197139,-4.467085495081653e-06
100,9,raw,longest,12,model_learned,8.276874542236328,8.644182008691132,-4.437755635662458
100,9,two_opt,longest,4,original_order,8.25661563873291,8.256616075523198,-5.290185550670623e-06
100,9,two_opt,longest,4,exact_fixed_orientation,8.25661563873291,8.256616075523198,-5.290185550670623e-06
100,9,two_opt,longest,4,exact_reversible,8.25661563873291,8.256616075523198,-5.290185550670623e-06
100,9,two_opt,longest,4,greedy_pair,8.25661563873291,8.256616075523198,-5.290185550670623e-06
100,9,two_opt,longest,4,random_mean,8.25661563873291,10.328140218742192,-25.089269873378594
100,9,two_opt,longest,4,random_best,8.25661563873291,9.717110474593937,-17.68878314995852
100,9,two_opt,longest,4,model_route,8.25661563873291,8.256616075523198,-5.290185550670623e-06
100,9,two_opt,longest,4,model_learned,8.25661563873291,8.256616075523198,-5.290185550670623e-06
100,9,two_opt,longest,8,original_order,8.25661563873291,8.256616075523198,-5.290185550670623e-06
100,9,two_opt,longest,8,exact_fixed_orientation,8.25661563873291,8.256616075523198,-5.290185550670623e-06
100,9,two_opt,longest,8,exact_reversible,8.25661563873291,8.256616075523198,-5.290185550670623e-06
100,9,two_opt,longest,8,greedy_pair,8.25661563873291,8.62392317224294,-4.448645178382042
100,9,two_opt,longest,8,random_mean,8.25661563873291,11.456994428299367,-38.76138759024998
100,9,two_opt,longest,8,random_best,8.25661563873291,9.935037274844944,-20.328203583055622
100,9,two_opt,longest,8,model_route,8.25661563873291,8.256616075523198,-5.290185550670623e-06
100,9,two_opt,longest,8,model_learned,8.25661563873291,8.62392317224294,-4.448645178382042
100,9,two_opt,longest,12,original_order,8.25661563873291,8.256616075523198,-5.290185550670623e-06
100,9,two_opt,longest,12,exact_fixed_orientation,8.25661563873291,8.256616075523198,-5.290185550670623e-06
100,9,two_opt,longest,12,exact_reversible,8.25661563873291,8.256616075523198,-5.290185550670623e-06
100,9,two_opt,longest,12,greedy_pair,8.25661563873291,8.62392317224294,-4.448645178382042
100,9,two_opt,longest,12,random_mean,8.25661563873291,13.69954585749656,-65.92204914117742
100,9,two_opt,longest,12,random_best,8.25661563873291,12.50745450425893,-51.48403476098313
100,9,two_opt,longest,12,model_route,8.25661563873291,8.256616075523198,-5.290185550670623e-06
100,9,two_opt,longest,12,model_learned,8.25661563873291,8.62392317224294,-4.448645178382042
100,10,raw,longest,4,original_order,7.663749694824219,7.663749046972953,8.453450226909477e-06
100,10,raw,longest,4,exact_fixed_orientation,7.663749694824219,7.663749046972953,8.453450226909477e-06
100,10,raw,longest,4,exact_reversible,7.663749694824219,7.663749046972953,8.453450226909477e-06
100,10,raw,longest,4,greedy_pair,7.663749694824219,7.663749046972953,8.453450226909477e-06
100,10,raw,longest,4,random_mean,7.663749694824219,8.870075503713451,-15.74067338999779
100,10,raw,longest,4,random_best,7.663749694824219,7.663749046972953,8.453450226909477e-06
100,10,raw,longest,4,model_route,7.663749694824219,7.663749046972953,8.453450226909477e-06
100,10,raw,longest,4,model_learned,7.663749694824219,7.663749046972953,8.453450226909477e-06
100,10,raw,longest,8,original_order,7.663749694824219,7.663749046972953,8.453450226909477e-06
100,10,raw,longest,8,exact_fixed_orientation,7.663749694824219,7.663749046972953,8.453450226909477e-06
100,10,raw,longest,8,exact_reversible,7.663749694824219,7.663749046972953,8.453450226909477e-06
100,10,raw,longest,8,greedy_pair,7.663749694824219,7.663749046972953,8.453450226909477e-06
100,10,raw,longest,8,random_mean,7.663749694824219,10.8806548420107,-41.9756030048717
100,10,raw,longest,8,random_best,7.663749694824219,9.36900488322135,-22.25092489057662
100,10,raw,longest,8,model_route,7.663749694824219,7.663749046972953,8.453450226909477e-06
100,10,raw,longest,8,model_learned,7.663749694824219,7.663749046972953,8.453450226909477e-06
100,10,raw,longest,12,original_order,7.663749694824219,7.663749046972953,8.453450226909477e-06
100,10,raw,longest,12,exact_fixed_orientation,7.663749694824219,7.663749046972953,8.453450226909477e-06
100,10,raw,longest,12,exact_reversible,7.663749694824219,7.663749046972953,8.453450226909477e-06
100,10,raw,longest,12,greedy_pair,7.663749694824219,8.807259731343947,-14.9210253734149
100,10,raw,longest,12,random_mean,7.663749694824219,13.30999542993959,-73.67471485829729
100,10,raw,longest,12,random_best,7.663749694824219,12.178621389321052,-58.91204533397002
100,10,raw,longest,12,model_route,7.663749694824219,7.663749046972953,8.453450226909477e-06
100,10,raw,longest,12,model_learned,7.663749694824219,8.439538620761596,-10.122837472905891
100,10,two_opt,longest,4,original_order,7.659798622131348,7.659798595472239,3.480392894578493e-07
100,10,two_opt,longest,4,exact_fixed_orientation,7.659798622131348,7.659798595472239,3.480392894578493e-07
100,10,two_opt,longest,4,exact_reversible,7.659798622131348,7.659798595472239,3.480392894578493e-07
100,10,two_opt,longest,4,greedy_pair,7.659798622131348,7.659798595472239,3.480392894578493e-07
100,10,two_opt,longest,4,random_mean,7.659798622131348,8.866125052212738,-15.748800844397762
100,10,two_opt,longest,4,random_best,7.659798622131348,7.659798595472239,3.480392894578493e-07
100,10,two_opt,longest,4,model_route,7.659798622131348,7.659798595472239,3.480392894578493e-07
100,10,two_opt,longest,4,model_learned,7.659798622131348,7.659798595472239,3.480392894578493e-07
100,10,two_opt,longest,8,original_order,7.659798622131348,7.659798595472239,3.480392894578493e-07
100,10,two_opt,longest,8,exact_fixed_orientation,7.659798622131348,7.659798595472239,3.480392894578493e-07
100,10,two_opt,longest,8,exact_reversible,7.659798622131348,7.659798595472239,3.480392894578493e-07
100,10,two_opt,longest,8,greedy_pair,7.659798622131348,7.659798595472239,3.480392894578493e-07
100,10,two_opt,longest,8,random_mean,7.659798622131348,10.883963737054728,-42.09203497345016
100,10,two_opt,longest,8,random_best,7.659798622131348,9.365054431720637,-22.262410458968432
100,10,two_opt,longest,8,model_route,7.659798622131348,7.659798595472239,3.480392894578493e-07
100,10,two_opt,longest,8,model_learned,7.659798622131348,7.659798595472239,3.480392894578493e-07
100,10,two_opt,longest,12,original_order,7.659798622131348,7.659798595472239,3.480392894578493e-07
100,10,two_opt,longest,12,exact_fixed_orientation,7.659798622131348,7.659798595472239,3.480392894578493e-07
100,10,two_opt,longest,12,exact_reversible,7.659798622131348,7.659798595472239,3.480392894578493e-07
100,10,two_opt,longest,12,greedy_pair,7.659798622131348,8.803309279843234,-14.928730037470656
100,10,two_opt,longest,12,random_mean,7.659798622131348,13.164544028579257,-71.86540636385827
100,10,two_opt,longest,12,random_best,7.659798622131348,12.540800976916216,-63.72233260391804
100,10,two_opt,longest,12,model_route,7.659798622131348,9.048451441689394,-18.129103492953874
100,10,two_opt,longest,12,model_learned,7.659798622131348,8.435588169260882,-10.128067138580594
100,11,raw,longest,4,original_order,7.519986629486084,7.519986756145954,-1.6843097785715215e-06
100,11,raw,longest,4,exact_fixed_orientation,7.519986629486084,7.519986756145954,-1.6843097785715215e-06
100,11,raw,longest,4,exact_reversible,7.519986629486084,7.519986756145954,-1.6843097785715215e-06
100,11,raw,longest,4,greedy_pair,7.519986629486084,7.519986756145954,-1.6843097785715215e-06
100,11,raw,longest,4,random_mean,7.519986629486084,8.56177244707942,-13.85355943996581
100,11,raw,longest,4,random_best,7.519986629486084,7.519986756145954,-1.6843097785715215e-06
100,11,raw,longest,4,model_route,7.519986629486084,7.519986756145954,-1.6843097785715215e-06
100,11,raw,longest,4,model_learned,7.519986629486084,7.519986756145954,-1.6843097785715215e-06
100,11,raw,longest,8,original_order,7.519986629486084,7.519986756145954,-1.6843097785715215e-06
100,11,raw,longest,8,exact_fixed_orientation,7.519986629486084,7.519986756145954,-1.6843097785715215e-06
100,11,raw,longest,8,exact_reversible,7.519986629486084,7.519986756145954,-1.6843097785715215e-06
100,11,raw,longest,8,greedy_pair,7.519986629486084,7.519986756145954,-1.6843097785715215e-06
100,11,raw,longest,8,random_mean,7.519986629486084,9.892092680558562,-31.54401953018616
100,11,raw,longest,8,random_best,7.519986629486084,8.892250888049603,-18.248227372942804
100,11,raw,longest,8,model_route,7.519986629486084,7.519986756145954,-1.6843097785715215e-06
100,11,raw,longest,8,model_learned,7.519986629486084,7.519986756145954,-1.6843097785715215e-06
100,11,raw,longest,12,original_order,7.519986629486084,7.519986756145954,-1.6843097785715215e-06
100,11,raw,longest,12,exact_fixed_orientation,7.519986629486084,7.519986756145954,-1.6843097785715215e-06
100,11,raw,longest,12,exact_reversible,7.519986629486084,7.519986756145954,-1.6843097785715215e-06
100,11,raw,longest,12,greedy_pair,7.519986629486084,7.519986756145954,-1.6843097785715215e-06
100,11,raw,longest,12,random_mean,7.519986629486084,11.607953667640686,-54.36136045941313
100,11,raw,longest,12,random_best,7.519986629486084,9.78117997944355,-30.069113967453905
100,11,raw,longest,12,model_route,7.519986629486084,7.519986756145954,-1.6843097785715215e-06
100,11,raw,longest,12,model_learned,7.519986629486084,8.2923449203372,-10.270740214120556
100,11,two_opt,longest,4,original_order,7.519986629486084,7.519986756145954,-1.6843097785715215e-06
100,11,two_opt,longest,4,exact_fixed_orientation,7.519986629486084,7.519986756145954,-1.6843097785715215e-06
100,11,two_opt,longest,4,exact_reversible,7.519986629486084,7.519986756145954,-1.6843097785715215e-06
100,11,two_opt,longest,4,greedy_pair,7.519986629486084,7.519986756145954,-1.6843097785715215e-06
100,11,two_opt,longest,4,random_mean,7.519986629486084,8.56177244707942,-13.85355943996581
100,11,two_opt,longest,4,random_best,7.519986629486084,7.519986756145954,-1.6843097785715215e-06
100,11,two_opt,longest,4,model_route,7.519986629486084,7.519986756145954,-1.6843097785715215e-06
100,11,two_opt,longest,4,model_learned,7.519986629486084,7.519986756145954,-1.6843097785715215e-06
100,11,two_opt,longest,8,original_order,7.519986629486084,7.519986756145954,-1.6843097785715215e-06
100,11,two_opt,longest,8,exact_fixed_orientation,7.519986629486084,7.519986756145954,-1.6843097785715215e-06
100,11,two_opt,longest,8,exact_reversible,7.519986629486084,7.519986756145954,-1.6843097785715215e-06
100,11,two_opt,longest,8,greedy_pair,7.519986629486084,7.519986756145954,-1.6843097785715215e-06
100,11,two_opt,longest,8,random_mean,7.519986629486084,9.892092680558562,-31.54401953018616
100,11,two_opt,longest,8,random_best,7.519986629486084,8.892250888049603,-18.248227372942804
100,11,two_opt,longest,8,model_route,7.519986629486084,7.519986756145954,-1.6843097785715215e-06
100,11,two_opt,longest,8,model_learned,7.519986629486084,7.519986756145954,-1.6843097785715215e-06
100,11,two_opt,longest,12,original_order,7.519986629486084,7.519986756145954,-1.6843097785715215e-06
100,11,two_opt,longest,12,exact_fixed_orientation,7.519986629486084,7.519986756145954,-1.6843097785715215e-06
100,11,two_opt,longest,12,exact_reversible,7.519986629486084,7.519986756145954,-1.6843097785715215e-06
100,11,two_opt,longest,12,greedy_pair,7.519986629486084,7.519986756145954,-1.6843097785715215e-06
100,11,two_opt,longest,12,random_mean,7.519986629486084,11.607953667640686,-54.36136045941313
100,11,two_opt,longest,12,random_best,7.519986629486084,9.78117997944355,-30.069113967453905
100,11,two_opt,longest,12,model_route,7.519986629486084,7.519986756145954,-1.6843097785715215e-06
100,11,two_opt,longest,12,model_learned,7.519986629486084,8.2923449203372,-10.270740214120556
100,12,raw,longest,4,original_order,8.120290756225586,8.12029106169939,-3.761857963517861e-06
100,12,raw,longest,4,exact_fixed_orientation,8.120290756225586,8.12029106169939,-3.761857963517861e-06
100,12,raw,longest,4,exact_reversible,8.120290756225586,8.12029106169939,-3.761857963517861e-06
100,12,raw,longest,4,greedy_pair,8.120290756225586,8.12029106169939,-3.761857963517861e-06
100,12,raw,longest,4,random_mean,8.120290756225586,8.873962702229619,-9.281341870994153
100,12,raw,longest,4,random_best,8.120290756225586,8.12029106169939,-3.761857963517861e-06
100,12,raw,longest,4,model_route,8.120290756225586,8.12029106169939,-3.761857963517861e-06
100,12,raw,longest,4,model_learned,8.120290756225586,8.12029106169939,-3.761857963517861e-06
100,12,raw,longest,8,original_order,8.120290756225586,8.12029106169939,-3.761857963517861e-06
100,12,raw,longest,8,exact_fixed_orientation,8.120290756225586,8.12029106169939,-3.761857963517861e-06
100,12,raw,longest,8,exact_reversible,8.120290756225586,8.12029106169939,-3.761857963517861e-06
100,12,raw,longest,8,greedy_pair,8.120290756225586,9.96609891206026,-22.73081360318962
100,12,raw,longest,8,random_mean,8.120290756225586,10.92188354022801,-34.50113879056024
100,12,raw,longest,8,random_best,8.120290756225586,10.528982304036617,-29.66262687040312
100,12,raw,longest,8,model_route,8.120290756225586,8.12029106169939,-3.761857963517861e-06
100,12,raw,longest,8,model_learned,8.120290756225586,8.12029106169939,-3.761857963517861e-06
100,12,raw,longest,12,original_order,8.120290756225586,8.12029106169939,-3.761857963517861e-06
100,12,raw,longest,12,exact_fixed_orientation,8.120290756225586,8.12029106169939,-3.761857963517861e-06
100,12,raw,longest,12,exact_reversible,8.120290756225586,8.12029106169939,-3.761857963517861e-06
100,12,raw,longest,12,greedy_pair,8.120290756225586,9.96609891206026,-22.73081360318962
100,12,raw,longest,12,random_mean,8.120290756225586,12.973294151946902,-59.76391168014104
100,12,raw,longest,12,random_best,8.120290756225586,11.950904212892056,-47.17335341384977
100,12,raw,longest,12,model_route,8.120290756225586,8.12029106169939,-3.761857963517861e-06
100,12,raw,longest,12,model_learned,8.120290756225586,8.12029106169939,-3.761857963517861e-06
100,12,two_opt,longest,4,original_order,8.111969947814941,8.111970447003841,-6.15373211692382e-06
100,12,two_opt,longest,4,exact_fixed_orientation,8.111969947814941,8.111970447003841,-6.15373211692382e-06
100,12,two_opt,longest,4,exact_reversible,8.111969947814941,8.111970447003841,-6.15373211692382e-06
100,12,two_opt,longest,4,greedy_pair,8.111969947814941,8.111970447003841,-6.15373211692382e-06
100,12,two_opt,longest,4,random_mean,8.111969947814941,8.86564208753407,-9.29086454421764
100,12,two_opt,longest,4,random_best,8.111969947814941,8.111970447003841,-6.15373211692382e-06
100,12,two_opt,longest,4,model_route,8.111969947814941,8.111970447003841,-6.15373211692382e-06
100,12,two_opt,longest,4,model_learned,8.111969947814941,8.111970447003841,-6.15373211692382e-06
100,12,two_opt,longest,8,original_order,8.111969947814941,8.111970447003841,-6.15373211692382e-06
100,12,two_opt,longest,8,exact_fixed_orientation,8.111969947814941,8.111970447003841,-6.15373211692382e-06
100,12,two_opt,longest,8,exact_reversible,8.111969947814941,8.111970447003841,-6.15373211692382e-06
100,12,two_opt,longest,8,greedy_pair,8.111969947814941,9.957778297364712,-22.754131997825773
100,12,two_opt,longest,8,random_mean,8.111969947814941,10.91356292553246,-34.536530531306546
100,12,two_opt,longest,8,random_best,8.111969947814941,10.520661689341068,-29.69305553424711
100,12,two_opt,longest,8,model_route,8.111969947814941,8.111970447003841,-6.15373211692382e-06
100,12,two_opt,longest,8,model_learned,8.111969947814941,8.111970447003841,-6.15373211692382e-06
100,12,two_opt,longest,12,original_order,8.111969947814941,8.111970447003841,-6.15373211692382e-06
100,12,two_opt,longest,12,exact_fixed_orientation,8.111969947814941,8.111970447003841,-6.15373211692382e-06
100,12,two_opt,longest,12,exact_reversible,8.111969947814941,8.111970447003841,-6.15373211692382e-06
100,12,two_opt,longest,12,greedy_pair,8.111969947814941,9.957778297364712,-22.754131997825773
100,12,two_opt,longest,12,random_mean,8.111969947814941,12.964973537251353,-59.82521657077425
100,12,two_opt,longest,12,random_best,8.111969947814941,11.942583598196507,-47.22174360881832
100,12,two_opt,longest,12,model_route,8.111969947814941,8.111970447003841,-6.15373211692382e-06
100,12,two_opt,longest,12,model_learned,8.111969947814941,8.111970447003841,-6.15373211692382e-06
100,13,raw,longest,4,original_order,7.674308776855469,7.674309259746224,-6.2923029158593365e-06
100,13,raw,longest,4,exact_fixed_orientation,7.674308776855469,7.674309259746224,-6.2923029158593365e-06
100,13,raw,longest,4,exact_reversible,7.674308776855469,7.674309259746224,-6.2923029158593365e-06
100,13,raw,longest,4,greedy_pair,7.674308776855469,7.674309259746224,-6.2923029158593365e-06
100,13,raw,longest,4,random_mean,7.674308776855469,8.485693648923188,-10.572742062643234
100,13,raw,longest,4,random_best,7.674308776855469,7.674309259746224,-6.2923029158593365e-06
100,13,raw,longest,4,model_route,7.674308776855469,7.674309259746224,-6.2923029158593365e-06
100,13,raw,longest,4,model_learned,7.674308776855469,7.674309259746224,-6.2923029158593365e-06
100,13,raw,longest,8,original_order,7.674308776855469,7.674309259746224,-6.2923029158593365e-06
100,13,raw,longest,8,exact_fixed_orientation,7.674308776855469,7.674309259746224,-6.2923029158593365e-06
100,13,raw,longest,8,exact_reversible,7.674308776855469,7.674309259746224,-6.2923029158593365e-06
100,13,raw,longest,8,greedy_pair,7.674308776855469,7.674309259746224,-6.2923029158593365e-06
100,13,raw,longest,8,random_mean,7.674308776855469,11.114040771964937,-44.821391673516835
100,13,raw,longest,8,random_best,7.674308776855469,10.06588869402185,-31.16345701881345
100,13,raw,longest,8,model_route,7.674308776855469,7.674309259746224,-6.2923029158593365e-06
100,13,raw,longest,8,model_learned,7.674308776855469,9.098301282618195,-18.555319406188968
100,13,raw,longest,12,original_order,7.674308776855469,7.674309259746224,-6.2923029158593365e-06
100,13,raw,longest,12,exact_fixed_orientation,7.674308776855469,7.674309259746224,-6.2923029158593365e-06
100,13,raw,longest,12,exact_reversible,7.674308776855469,7.674309259746224,-6.2923029158593365e-06
100,13,raw,longest,12,greedy_pair,7.674308776855469,7.674309259746224,-6.2923029158593365e-06
100,13,raw,longest,12,random_mean,7.674308776855469,12.761759993154556,-66.29197969779447
100,13,raw,longest,12,random_best,7.674308776855469,12.027979752514511,-56.73046397076232
100,13,raw,longest,12,model_route,7.674308776855469,7.674309259746224,-6.2923029158593365e-06
100,13,raw,longest,12,model_learned,7.674308776855469,7.674309259746224,-6.2923029158593365e-06
100,13,two_opt,longest,4,original_order,7.668481826782227,7.668481929693371,-1.3420015437161562e-06
100,13,two_opt,longest,4,exact_fixed_orientation,7.668481826782227,7.668481929693371,-1.3420015437161562e-06
100,13,two_opt,longest,4,exact_reversible,7.668481826782227,7.668481929693371,-1.3420015437161562e-06
100,13,two_opt,longest,4,greedy_pair,7.668481826782227,7.668481929693371,-1.3420015437161562e-06
100,13,two_opt,longest,4,random_mean,7.668481826782227,8.479866318870336,-10.580770880284847
100,13,two_opt,longest,4,random_best,7.668481826782227,7.668481929693371,-1.3420015437161562e-06
100,13,two_opt,longest,4,model_route,7.668481826782227,7.668481929693371,-1.3420015437161562e-06
100,13,two_opt,longest,4,model_learned,7.668481826782227,7.668481929693371,-1.3420015437161562e-06
100,13,two_opt,longest,8,original_order,7.668481826782227,7.668481929693371,-1.3420015437161562e-06
100,13,two_opt,longest,8,exact_fixed_orientation,7.668481826782227,7.668481929693371,-1.3420015437161562e-06
100,13,two_opt,longest,8,exact_reversible,7.668481826782227,7.668481929693371,-1.3420015437161562e-06
100,13,two_opt,longest,8,greedy_pair,7.668481826782227,7.668481929693371,-1.3420015437161562e-06
100,13,two_opt,longest,8,random_mean,7.668481826782227,10.998552646953613,-43.425424945796834
100,13,two_opt,longest,8,random_best,7.668481826782227,10.377842797432095,-35.3311259236138
100,13,two_opt,longest,8,model_route,7.668481826782227,7.668481929693371,-1.3420015437161562e-06
100,13,two_opt,longest,8,model_learned,7.668481826782227,9.823683439288288,-28.104671318108952
100,13,two_opt,longest,12,original_order,7.668481826782227,7.668481929693371,-1.3420015437161562e-06
100,13,two_opt,longest,12,exact_fixed_orientation,7.668481826782227,7.668481929693371,-1.3420015437161562e-06
100,13,two_opt,longest,12,exact_reversible,7.668481826782227,7.668481929693371,-1.3420015437161562e-06
100,13,two_opt,longest,12,greedy_pair,7.668481826782227,7.668481929693371,-1.3420015437161562e-06
100,13,two_opt,longest,12,random_mean,7.668481826782227,12.720380250830203,-65.87872982112556
100,13,two_opt,longest,12,random_best,7.668481826782227,11.991422070655972,-56.372830261862866
100,13,two_opt,longest,12,model_route,7.668481826782227,8.820193304214627,-15.018767774998691
100,13,two_opt,longest,12,model_learned,7.668481826782227,7.668481929693371,-1.3420015437161562e-06
100,14,raw,longest,4,original_order,8.24387264251709,8.243872353807092,3.502116185563087e-06
100,14,raw,longest,4,exact_fixed_orientation,8.24387264251709,8.243872353807092,3.502116185563087e-06
100,14,raw,longest,4,exact_reversible,8.24387264251709,8.243872353807092,3.502116185563087e-06
100,14,raw,longest,4,greedy_pair,8.24387264251709,9.065004313364625,-9.96050893135608
100,14,raw,longest,4,random_mean,8.24387264251709,8.780967148020864,-6.515075241868164
100,14,raw,longest,4,random_best,8.24387264251709,8.243872353807092,3.502116185563087e-06
100,14,raw,longest,4,model_route,8.24387264251709,8.243872353807092,3.502116185563087e-06
100,14,raw,longest,4,model_learned,8.24387264251709,8.769541898742318,-6.376484439050316
100,14,raw,longest,8,original_order,8.24387264251709,8.243872353807092,3.502116185563087e-06
100,14,raw,longest,8,exact_fixed_orientation,8.24387264251709,8.243872353807092,3.502116185563087e-06
100,14,raw,longest,8,exact_reversible,8.24387264251709,8.243872353807092,3.502116185563087e-06
100,14,raw,longest,8,greedy_pair,8.24387264251709,9.065004313364625,-9.96050893135608
100,14,raw,longest,8,random_mean,8.24387264251709,10.826035084202886,-31.322201999682857
100,14,raw,longest,8,random_best,8.24387264251709,9.542296076193452,-15.7501636667681
100,14,raw,longest,8,model_route,8.24387264251709,8.48941289819777,-2.97845765367998
100,14,raw,longest,8,model_learned,8.24387264251709,8.243872353807092,3.502116185563087e-06
100,14,raw,longest,12,original_order,8.24387264251709,8.243872353807092,3.502116185563087e-06
100,14,raw,longest,12,exact_fixed_orientation,8.24387264251709,8.243872353807092,3.502116185563087e-06
100,14,raw,longest,12,exact_reversible,8.24387264251709,8.204072827473283,0.48278056648452794
100,14,raw,longest,12,greedy_pair,8.24387264251709,9.524939576163888,-15.539625479411237
100,14,raw,longest,12,random_mean,8.24387264251709,12.833310693502426,-55.67089946678325
100,14,raw,longest,12,random_best,8.24387264251709,11.787136206403375,-42.980571359292924
100,14,raw,longest,12,model_route,8.24387264251709,8.48941289819777,-2.97845765367998
100,14,raw,longest,12,model_learned,8.24387264251709,8.880383843556046,-7.721021765380058
100,14,two_opt,longest,4,original_order,8.241008758544922,8.24100842140615,4.090989123888886e-06
100,14,two_opt,longest,4,exact_fixed_orientation,8.241008758544922,8.24100842140615,4.090989123888886e-06
100,14,two_opt,longest,4,exact_reversible,8.241008758544922,8.24100842140615,4.090989123888886e-06
100,14,two_opt,longest,4,greedy_pair,8.241008758544922,9.062140380963683,-9.963969781822497
100,14,two_opt,longest,4,random_mean,8.241008758544922,8.778103215619922,-6.5173387483431355
100,14,two_opt,longest,4,random_best,8.241008758544922,8.24100842140615,4.090989123888886e-06
100,14,two_opt,longest,4,model_route,8.241008758544922,8.24100842140615,4.090989123888886e-06
100,14,two_opt,longest,4,model_learned,8.241008758544922,8.766677966341376,-6.378699782977412
100,14,two_opt,longest,8,original_order,8.241008758544922,8.24100842140615,4.090989123888886e-06
100,14,two_opt,longest,8,exact_fixed_orientation,8.241008758544922,8.24100842140615,4.090989123888886e-06
100,14,two_opt,longest,8,exact_reversible,8.241008758544922,8.24100842140615,4.090989123888886e-06
100,14,two_opt,longest,8,greedy_pair,8.241008758544922,9.062140380963683,-9.963969781822497
100,14,two_opt,longest,8,random_mean,8.241008758544922,10.823171151801944,-31.333086384353543
100,14,two_opt,longest,8,random_best,8.241008758544922,9.53943214379251,-15.75563651599425
100,14,two_opt,longest,8,model_route,8.241008758544922,8.486548965796828,-2.9794921282823674
100,14,two_opt,longest,8,model_learned,8.241008758544922,8.24100842140615,4.090989123888886e-06
100,14,two_opt,longest,12,original_order,8.241008758544922,8.24100842140615,4.090989123888886e-06
100,14,two_opt,longest,12,exact_fixed_orientation,8.241008758544922,8.24100842140615,4.090989123888886e-06
100,14,two_opt,longest,12,exact_reversible,8.241008758544922,8.201208895072341,0.482948928203884
100,14,two_opt,longest,12,greedy_pair,8.241008758544922,9.522075643762946,-15.545025163208496
100,14,two_opt,longest,12,random_mean,8.241008758544922,12.830446761101484,-55.69024541804878
100,14,two_opt,longest,12,random_best,8.241008758544922,11.784272274002433,-42.99550721607447
100,14,two_opt,longest,12,model_route,8.241008758544922,8.486548965796828,-2.9794921282823674
100,14,two_opt,longest,12,model_learned,8.241008758544922,8.877519911155105,-7.723704357797196
100,15,raw,longest,4,original_order,7.7764668464660645,7.776466862298548,-2.0359482115786355e-07
100,15,raw,longest,4,exact_fixed_orientation,7.7764668464660645,7.776466862298548,-2.0359482115786355e-07
100,15,raw,longest,4,exact_reversible,7.7764668464660645,7.776466862298548,-2.0359482115786355e-07
100,15,raw,longest,4,greedy_pair,7.7764668464660645,9.056079090572894,-16.454930875045598
100,15,raw,longest,4,random_mean,7.7764668464660645,9.236118669621646,-18.770115683305534
100,15,raw,longest,4,random_best,7.7764668464660645,7.776466862298548,-2.0359482115786355e-07
100,15,raw,longest,4,model_route,7.7764668464660645,7.776466862298548,-2.0359482115786355e-07
100,15,raw,longest,4,model_learned,7.7764668464660645,7.776466862298548,-2.0359482115786355e-07
100,15,raw,longest,8,original_order,7.7764668464660645,7.776466862298548,-2.0359482115786355e-07
100,15,raw,longest,8,exact_fixed_orientation,7.7764668464660645,7.776466862298548,-2.0359482115786355e-07
100,15,raw,longest,8,exact_reversible,7.7764668464660645,7.776466862298548,-2.0359482115786355e-07
100,15,raw,longest,8,greedy_pair,7.7764668464660645,9.056079090572894,-16.454930875045598
100,15,raw,longest,8,random_mean,7.7764668464660645,11.466621301136911,-47.452841084866186
100,15,raw,longest,8,random_best,7.7764668464660645,9.134415433742106,-17.462282217446184
100,15,raw,longest,8,model_route,7.7764668464660645,8.339553357101977,-7.240904150344334
100,15,raw,longest,8,model_learned,7.7764668464660645,7.776466862298548,-2.0359482115786355e-07
100,15,raw,longest,12,original_order,7.7764668464660645,7.776466862298548,-2.0359482115786355e-07
100,15,raw,longest,12,exact_fixed_orientation,7.7764668464660645,7.776466862298548,-2.0359482115786355e-07
100,15,raw,longest,12,exact_reversible,7.7764668464660645,7.776466862298548,-2.0359482115786355e-07
100,15,raw,longest,12,greedy_pair,7.7764668464660645,9.056079090572894,-16.454930875045598
100,15,raw,longest,12,random_mean,7.7764668464660645,12.200949783436954,-56.89579888045881
100,15,raw,longest,12,random_best,7.7764668464660645,11.094427109695971,-42.66668049562533
100,15,raw,longest,12,model_route,7.7764668464660645,8.685220004059374,-11.685938814312356
100,15,raw,longest,12,model_learned,7.7764668464660645,7.776466862298548,-2.0359482115786355e-07
100,15,two_opt,longest,4,original_order,7.770878791809082,7.770878297276795,6.363917136914841e-06
100,15,two_opt,longest,4,exact_fixed_orientation,7.770878791809082,7.770878297276795,6.363917136914841e-06
100,15,two_opt,longest,4,exact_reversible,7.770878791809082,7.770878297276795,6.363917136914841e-06
100,15,two_opt,longest,4,greedy_pair,7.770878791809082,9.058046874590218,-16.563996393019018
100,15,two_opt,longest,4,random_mean,7.770878791809082,9.22789524588734,-18.749699913142766
100,15,two_opt,longest,4,random_best,7.770878791809082,7.770878297276795,6.363917136914841e-06
100,15,two_opt,longest,4,model_route,7.770878791809082,7.770878297276795,6.363917136914841e-06
100,15,two_opt,longest,4,model_learned,7.770878791809082,7.770878297276795,6.363917136914841e-06
100,15,two_opt,longest,8,original_order,7.770878791809082,7.770878297276795,6.363917136914841e-06
100,15,two_opt,longest,8,exact_fixed_orientation,7.770878791809082,7.770878297276795,6.363917136914841e-06
100,15,two_opt,longest,8,exact_reversible,7.770878791809082,7.770878297276795,6.363917136914841e-06
100,15,two_opt,longest,8,greedy_pair,7.770878791809082,9.058046874590218,-16.563996393019018
100,15,two_opt,longest,8,random_mean,7.770878791809082,11.45681822579354,-47.4327232831071
100,15,two_opt,longest,8,random_best,7.770878791809082,9.14083541650325,-17.62936549902407
100,15,two_opt,longest,8,model_route,7.770878791809082,8.341521141119301,-7.34334384306324
100,15,two_opt,longest,8,model_learned,7.770878791809082,7.770878297276795,6.363917136914841e-06
100,15,two_opt,longest,12,original_order,7.770878791809082,7.770878297276795,6.363917136914841e-06
100,15,two_opt,longest,12,exact_fixed_orientation,7.770878791809082,7.770878297276795,6.363917136914841e-06
100,15,two_opt,longest,12,exact_reversible,7.770878791809082,7.770878297276795,6.363917136914841e-06
100,15,two_opt,longest,12,greedy_pair,7.770878791809082,9.058046874590218,-16.563996393019018
100,15,two_opt,longest,12,random_mean,7.770878791809082,12.196583240292966,-56.9524318555684
100,15,two_opt,longest,12,random_best,7.770878791809082,11.088838544674218,-42.69735562421127
100,15,two_opt,longest,12,model_route,7.770878791809082,8.687187788076699,-11.791574940448884
100,15,two_opt,longest,12,model_learned,7.770878791809082,7.770878297276795,6.363917136914841e-06
100,16,raw,longest,4,original_order,7.876712799072266,7.876712702214718,1.229669663357763e-06
100,16,raw,longest,4,exact_fixed_orientation,7.876712799072266,7.876712702214718,1.229669663357763e-06
100,16,raw,longest,4,exact_reversible,7.876712799072266,7.876712702214718,1.229669663357763e-06
100,16,raw,longest,4,greedy_pair,7.876712799072266,9.009105734527111,-14.376465974336666
100,16,raw,longest,4,random_mean,7.876712799072266,8.853424113243818,-12.39998637866537
100,16,raw,longest,4,random_best,7.876712799072266,7.876712702214718,1.229669663357763e-06
100,16,raw,longest,4,model_route,7.876712799072266,7.876712702214718,1.229669663357763e-06
100,16,raw,longest,4,model_learned,7.876712799072266,7.876712702214718,1.229669663357763e-06
100,16,raw,longest,8,original_order,7.876712799072266,7.876712702214718,1.229669663357763e-06
100,16,raw,longest,8,exact_fixed_orientation,7.876712799072266,7.876712702214718,1.229669663357763e-06
100,16,raw,longest,8,exact_reversible,7.876712799072266,7.876712702214718,1.229669663357763e-06
100,16,raw,longest,8,greedy_pair,7.876712799072266,9.009105734527111,-14.376465974336666
100,16,raw,longest,8,random_mean,7.876712799072266,11.468646071851254,-45.60193274029304
100,16,raw,longest,8,random_best,7.876712799072266,10.162696845829487,-29.022056599886046
100,16,raw,longest,8,model_route,7.876712799072266,7.876712702214718,1.229669663357763e-06
100,16,raw,longest,8,model_learned,7.876712799072266,9.079256542026997,-15.267076172897518
100,16,raw,longest,12,original_order,7.876712799072266,7.876712702214718,1.229669663357763e-06
100,16,raw,longest,12,exact_fixed_orientation,7.876712799072266,7.876712702214718,1.229669663357763e-06
100,16,raw,longest,12,exact_reversible,7.876712799072266,7.876712702214718,1.229669663357763e-06
100,16,raw,longest,12,greedy_pair,7.876712799072266,8.79633704572916,-11.675228869144624
100,16,raw,longest,12,random_mean,7.876712799072266,12.652473147958517,-60.63138863522801
100,16,raw,longest,12,random_best,7.876712799072266,11.523993246257305,-46.304601173406034
100,16,raw,longest,12,model_route,7.876712799072266,7.876712702214718,1.229669663357763e-06
100,16,raw,longest,12,model_learned,7.876712799072266,10.711271159350872,-35.98656486005769
100,16,two_opt,longest,4,original_order,7.869456768035889,7.869456633925438,1.7041894338800857e-06
100,16,two_opt,longest,4,exact_fixed_orientation,7.869456768035889,7.869456633925438,1.7041894338800857e-06
100,16,two_opt,longest,4,exact_reversible,7.869456768035889,7.869456633925438,1.7041894338800857e-06
100,16,two_opt,longest,4,greedy_pair,7.869456768035889,9.001849666237831,-14.389721318522124
100,16,two_opt,longest,4,random_mean,7.869456768035889,8.864529643207788,-12.644746702385872
100,16,two_opt,longest,4,random_best,7.869456768035889,7.869456633925438,1.7041894338800857e-06
100,16,two_opt,longest,4,model_route,7.869456768035889,10.307623505592346,-30.98265622933197
100,16,two_opt,longest,4,model_learned,7.869456768035889,7.869456633925438,1.7041894338800857e-06
100,16,two_opt,longest,8,original_order,7.869456768035889,7.869456633925438,1.7041894338800857e-06
100,16,two_opt,longest,8,exact_fixed_orientation,7.869456768035889,7.869456633925438,1.7041894338800857e-06
100,16,two_opt,longest,8,exact_reversible,7.869456768035889,7.869456633925438,1.7041894338800857e-06
100,16,two_opt,longest,8,greedy_pair,7.869456768035889,9.001849666237831,-14.389721318522124
100,16,two_opt,longest,8,random_mean,7.869456768035889,11.480843096971512,-45.891176931098094
100,16,two_opt,longest,8,random_best,7.869456768035889,10.341986283659935,-31.419316332824287
100,16,two_opt,longest,8,model_route,7.869456768035889,9.806256368756294,-24.611604813527745
100,16,two_opt,longest,8,model_learned,7.869456768035889,8.910246953368187,-13.22569290373096
100,16,two_opt,longest,12,original_order,7.869456768035889,7.869456633925438,1.7041894338800857e-06
100,16,two_opt,longest,12,exact_fixed_orientation,7.869456768035889,7.869456633925438,1.7041894338800857e-06
100,16,two_opt,longest,12,exact_reversible,7.869456768035889,7.869456633925438,1.7041894338800857e-06
100,16,two_opt,longest,12,greedy_pair,7.869456768035889,8.78908097743988,-11.685993538198414
100,16,two_opt,longest,12,random_mean,7.869456768035889,12.846720336005092,-63.24786722491216
100,16,two_opt,longest,12,random_best,7.869456768035889,11.611462250351906,-47.55100120144598
100,16,two_opt,longest,12,model_route,7.869456768035889,10.89787082374096,-38.48313987829331
100,16,two_opt,longest,12,model_learned,7.869456768035889,10.384979620575905,-31.96564803249891
100,17,raw,longest,4,original_order,8.051583290100098,8.05158292176202,4.574728534613998e-06
100,17,raw,longest,4,exact_fixed_orientation,8.051583290100098,8.05158292176202,4.574728534613998e-06
100,17,raw,longest,4,exact_reversible,8.051583290100098,8.05158292176202,4.574728534613998e-06
100,17,raw,longest,4,greedy_pair,8.051583290100098,8.05158292176202,4.574728534613998e-06
100,17,raw,longest,4,random_mean,8.051583290100098,8.937682006973773,-11.005272937599576
100,17,raw,longest,4,random_best,8.051583290100098,8.691388298291713,-7.946325401344277
100,17,raw,longest,4,model_route,8.051583290100098,8.691388298291713,-7.946325401344277
100,17,raw,longest,4,model_learned,8.051583290100098,8.05158292176202,4.574728534613998e-06
100,17,raw,longest,8,original_order,8.051583290100098,8.05158292176202,4.574728534613998e-06
100,17,raw,longest,8,exact_fixed_orientation,8.051583290100098,8.05158292176202,4.574728534613998e-06
100,17,raw,longest,8,exact_reversible,8.051583290100098,8.05158292176202,4.574728534613998e-06
100,17,raw,longest,8,greedy_pair,8.051583290100098,9.887172583956271,-22.797867546289194
100,17,raw,longest,8,random_mean,8.051583290100098,11.066155173350126,-37.44073401012474
100,17,raw,longest,8,random_best,8.051583290100098,8.762531478423625,-8.829917827437503
100,17,raw,longest,8,model_route,8.051583290100098,8.05158292176202,4.574728534613998e-06
100,17,raw,longest,8,model_learned,8.051583290100098,8.05158292176202,4.574728534613998e-06
100,17,raw,longest,12,original_order,8.051583290100098,8.05158292176202,4.574728534613998e-06
100,17,raw,longest,12,exact_fixed_orientation,8.051583290100098,8.05158292176202,4.574728534613998e-06
100,17,raw,longest,12,exact_reversible,8.051583290100098,8.05158292176202,4.574728534613998e-06
100,17,raw,longest,12,greedy_pair,8.051583290100098,9.887172583956271,-22.797867546289194
100,17,raw,longest,12,random_mean,8.051583290100098,12.612027107272297,-56.64033585517941
100,17,raw,longest,12,random_best,8.051583290100098,10.73094752850011,-33.27748272435374
100,17,raw,longest,12,model_route,8.051583290100098,9.176210929173976,-13.967782466545124
100,17,raw,longest,12,model_learned,8.051583290100098,8.540731478948146,-6.075180138165935
100,17,two_opt,longest,4,original_order,8.051583290100098,8.05158292176202,4.574728534613998e-06
100,17,two_opt,longest,4,exact_fixed_orientation,8.051583290100098,8.05158292176202,4.574728534613998e-06
100,17,two_opt,longest,4,exact_reversible,8.051583290100098,8.05158292176202,4.574728534613998e-06
100,17,two_opt,longest,4,greedy_pair,8.051583290100098,8.05158292176202,4.574728534613998e-06
100,17,two_opt,longest,4,random_mean,8.051583290100098,8.937682006973773,-11.005272937599576
100,17,two_opt,longest,4,random_best,8.051583290100098,8.691388298291713,-7.946325401344277
100,17,two_opt,longest,4,model_route,8.051583290100098,8.691388298291713,-7.946325401344277
100,17,two_opt,longest,4,model_learned,8.051583290100098,8.05158292176202,4.574728534613998e-06
100,17,two_opt,longest,8,original_order,8.051583290100098,8.05158292176202,4.574728534613998e-06
100,17,two_opt,longest,8,exact_fixed_orientation,8.051583290100098,8.05158292176202,4.574728534613998e-06
100,17,two_opt,longest,8,exact_reversible,8.051583290100098,8.05158292176202,4.574728534613998e-06
100,17,two_opt,longest,8,greedy_pair,8.051583290100098,9.887172583956271,-22.797867546289194
100,17,two_opt,longest,8,random_mean,8.051583290100098,11.066155173350126,-37.44073401012474
100,17,two_opt,longest,8,random_best,8.051583290100098,8.762531478423625,-8.829917827437503
100,17,two_opt,longest,8,model_route,8.051583290100098,8.05158292176202,4.574728534613998e-06
100,17,two_opt,longest,8,model_learned,8.051583290100098,8.05158292176202,4.574728534613998e-06
100,17,two_opt,longest,12,original_order,8.051583290100098,8.05158292176202,4.574728534613998e-06
100,17,two_opt,longest,12,exact_fixed_orientation,8.051583290100098,8.05158292176202,4.574728534613998e-06
100,17,two_opt,longest,12,exact_reversible,8.051583290100098,8.05158292176202,4.574728534613998e-06
100,17,two_opt,longest,12,greedy_pair,8.051583290100098,9.887172583956271,-22.797867546289194
100,17,two_opt,longest,12,random_mean,8.051583290100098,12.612027107272297,-56.64033585517941
100,17,two_opt,longest,12,random_best,8.051583290100098,10.73094752850011,-33.27748272435374
100,17,two_opt,longest,12,model_route,8.051583290100098,9.176210929173976,-13.967782466545124
100,17,two_opt,longest,12,model_learned,8.051583290100098,8.540731478948146,-6.075180138165935
100,18,raw,longest,4,original_order,7.7156267166137695,7.715626384597272,4.303169529125864e-06
100,18,raw,longest,4,exact_fixed_orientation,7.7156267166137695,7.715626384597272,4.303169529125864e-06
100,18,raw,longest,4,exact_reversible,7.7156267166137695,7.715626384597272,4.303169529125864e-06
100,18,raw,longest,4,greedy_pair,7.7156267166137695,7.715626384597272,4.303169529125864e-06
100,18,raw,longest,4,random_mean,7.7156267166137695,9.318117267917842,-20.76941524210197
100,18,raw,longest,4,random_best,7.7156267166137695,7.715626384597272,4.303169529125864e-06
100,18,raw,longest,4,model_route,7.7156267166137695,7.715626384597272,4.303169529125864e-06
100,18,raw,longest,4,model_learned,7.7156267166137695,7.715626384597272,4.303169529125864e-06
100,18,raw,longest,8,original_order,7.7156267166137695,7.715626384597272,4.303169529125864e-06
100,18,raw,longest,8,exact_fixed_orientation,7.7156267166137695,7.715626384597272,4.303169529125864e-06
100,18,raw,longest,8,exact_reversible,7.7156267166137695,7.715626384597272,4.303169529125864e-06
100,18,raw,longest,8,greedy_pair,7.7156267166137695,7.715626384597272,4.303169529125864e-06
100,18,raw,longest,8,random_mean,7.7156267166137695,10.65721191978082,-38.12503262804363
100,18,raw,longest,8,random_best,7.7156267166137695,9.10926916776225,-18.06259559119938
100,18,raw,longest,8,model_route,7.7156267166137695,7.715626384597272,4.303169529125864e-06
100,18,raw,longest,8,model_learned,7.7156267166137695,7.715626384597272,4.303169529125864e-06
100,18,raw,longest,12,original_order,7.7156267166137695,7.715626384597272,4.303169529125864e-06
100,18,raw,longest,12,exact_fixed_orientation,7.7156267166137695,7.715626384597272,4.303169529125864e-06
100,18,raw,longest,12,exact_reversible,7.7156267166137695,7.715626384597272,4.303169529125864e-06
100,18,raw,longest,12,greedy_pair,7.7156267166137695,7.715626384597272,4.303169529125864e-06
100,18,raw,longest,12,random_mean,7.7156267166137695,12.485625693108886,-61.822573223041715
100,18,raw,longest,12,random_best,7.7156267166137695,11.464613396208733,-48.589528981779424
100,18,raw,longest,12,model_route,7.7156267166137695,7.860300067346543,-1.8750693371577172
100,18,raw,longest,12,model_learned,7.7156267166137695,7.715626384597272,4.303169529125864e-06
100,18,two_opt,longest,4,original_order,7.710477828979492,7.710477999877185,-2.2164345223797784e-06
100,18,two_opt,longest,4,exact_fixed_orientation,7.710477828979492,7.710477999877185,-2.2164345223797784e-06
100,18,two_opt,longest,4,exact_reversible,7.710477828979492,7.710477999877185,-2.2164345223797784e-06
100,18,two_opt,longest,4,greedy_pair,7.710477828979492,7.710477999877185,-2.2164345223797784e-06
100,18,two_opt,longest,4,random_mean,7.710477828979492,9.312968883197755,-20.783291123610656
100,18,two_opt,longest,4,random_best,7.710477828979492,7.710477999877185,-2.2164345223797784e-06
100,18,two_opt,longest,4,model_route,7.710477828979492,7.710477999877185,-2.2164345223797784e-06
100,18,two_opt,longest,4,model_learned,7.710477828979492,7.710477999877185,-2.2164345223797784e-06
100,18,two_opt,longest,8,original_order,7.710477828979492,7.710477999877185,-2.2164345223797784e-06
100,18,two_opt,longest,8,exact_fixed_orientation,7.710477828979492,7.710477999877185,-2.2164345223797784e-06
100,18,two_opt,longest,8,exact_reversible,7.710477828979492,7.710477999877185,-2.2164345223797784e-06
100,18,two_opt,longest,8,greedy_pair,7.710477828979492,7.710477999877185,-2.2164345223797784e-06
100,18,two_opt,longest,8,random_mean,7.710477828979492,10.652063535060734,-38.15049820940306
100,18,two_opt,longest,8,random_best,7.710477828979492,9.104120783042163,-18.074663918035334
100,18,two_opt,longest,8,model_route,7.710477828979492,7.710477999877185,-2.2164345223797784e-06
100,18,two_opt,longest,8,model_learned,7.710477828979492,7.710477999877185,-2.2164345223797784e-06
100,18,two_opt,longest,12,original_order,7.710477828979492,7.710477999877185,-2.2164345223797784e-06
100,18,two_opt,longest,12,exact_fixed_orientation,7.710477828979492,7.710477999877185,-2.2164345223797784e-06
100,18,two_opt,longest,12,exact_reversible,7.710477828979492,7.710477999877185,-2.2164345223797784e-06
100,18,two_opt,longest,12,greedy_pair,7.710477828979492,7.710477999877185,-2.2164345223797784e-06
100,18,two_opt,longest,12,random_mean,7.710477828979492,12.4804773083888,-61.86386350118891
100,18,two_opt,longest,12,random_best,7.710477828979492,11.459465011488646,-48.62198252381649
100,18,two_opt,longest,12,model_route,7.710477828979492,7.855151682626456,-1.8763279897286458
100,18,two_opt,longest,12,model_learned,7.710477828979492,7.710477999877185,-2.2164345223797784e-06
100,19,raw,longest,4,original_order,7.93252420425415,7.932524094590917,1.3824506593016265e-06
100,19,raw,longest,4,exact_fixed_orientation,7.93252420425415,7.932524094590917,1.3824506593016265e-06
100,19,raw,longest,4,exact_reversible,7.93252420425415,7.932524094590917,1.3824506593016265e-06
100,19,raw,longest,4,greedy_pair,7.93252420425415,7.932524094590917,1.3824506593016265e-06
100,19,raw,longest,4,random_mean,7.93252420425415,9.28835290321149,-17.092020951290873
100,19,raw,longest,4,random_best,7.93252420425415,7.932524094590917,1.3824506593016265e-06
100,19,raw,longest,4,model_route,7.93252420425415,7.932524094590917,1.3824506593016265e-06
100,19,raw,longest,4,model_learned,7.93252420425415,7.932524094590917,1.3824506593016265e-06
100,19,raw,longest,8,original_order,7.93252420425415,7.932524094590917,1.3824506593016265e-06
100,19,raw,longest,8,exact_fixed_orientation,7.93252420425415,7.932524094590917,1.3824506593016265e-06
100,19,raw,longest,8,exact_reversible,7.93252420425415,7.932524094590917,1.3824506593016265e-06
100,19,raw,longest,8,greedy_pair,7.93252420425415,9.10112346173264,-14.731745247644877
100,19,raw,longest,8,random_mean,7.93252420425415,11.473411828512326,-44.63758991569449
100,19,raw,longest,8,random_best,7.93252420425415,10.821530575165525,-36.41976118222272
100,19,raw,longest,8,model_route,7.93252420425415,8.947713906178251,-12.797814110414718
100,19,raw,longest,8,model_learned,7.93252420425415,8.861630061874166,-11.71261295517691
100,19,raw,longest,12,original_order,7.93252420425415,7.932524094590917,1.3824506593016265e-06
100,19,raw,longest,12,exact_fixed_orientation,7.93252420425415,7.932524094590917,1.3824506593016265e-06
100,19,raw,longest,12,exact_reversible,7.93252420425415,7.932524094590917,1.3824506593016265e-06
100,19,raw,longest,12,greedy_pair,7.93252420425415,9.10112346173264,-14.731745247644877
100,19,raw,longest,12,random_mean,7.93252420425415,12.156352510908619,-53.2469639914778
100,19,raw,longest,12,random_best,7.93252420425415,10.466878975043073,-31.948906874179702
100,19,raw,longest,12,model_route,7.93252420425415,7.932524094590917,1.3824506593016265e-06
100,19,raw,longest,12,model_learned,7.93252420425415,7.932524094590917,1.3824506593016265e-06
100,19,two_opt,longest,4,original_order,7.923534393310547,7.923533888766542,6.3676634662417486e-06
100,19,two_opt,longest,4,exact_fixed_orientation,7.923534393310547,7.923533888766542,6.3676634662417486e-06
100,19,two_opt,longest,4,exact_reversible,7.923534393310547,7.923533888766542,6.3676634662417486e-06
100,19,two_opt,longest,4,greedy_pair,7.923534393310547,7.923533888766542,6.3676634662417486e-06
100,19,two_opt,longest,4,random_mean,7.923534393310547,9.357643394032493,-18.099359825240295
100,19,two_opt,longest,4,random_best,7.923534393310547,7.923533888766542,6.3676634662417486e-06
100,19,two_opt,longest,4,model_route,7.923534393310547,10.004331158706918,-26.260967165777515
100,19,two_opt,longest,4,model_learned,7.923534393310547,9.243071587989107,-16.653391393020023
100,19,two_opt,longest,8,original_order,7.923534393310547,7.923533888766542,6.3676634662417486e-06
100,19,two_opt,longest,8,exact_fixed_orientation,7.923534393310547,7.923533888766542,6.3676634662417486e-06
100,19,two_opt,longest,8,exact_reversible,7.923534393310547,7.923533888766542,6.3676634662417486e-06
100,19,two_opt,longest,8,greedy_pair,7.923534393310547,9.092133255908266,-14.748454472341406
100,19,two_opt,longest,8,random_mean,7.923534393310547,11.446323583135381,-44.459820768859835
100,19,two_opt,longest,8,random_best,7.923534393310547,10.846316294977441,-36.88735047499076
100,19,two_opt,longest,8,model_route,7.923534393310547,9.756543578812853,-23.133731672191967
100,19,two_opt,longest,8,model_learned,7.923534393310547,10.324656011769548,-30.30366878303893
100,19,two_opt,longest,12,original_order,7.923534393310547,7.923533888766542,6.3676634662417486e-06
100,19,two_opt,longest,12,exact_fixed_orientation,7.923534393310547,7.923533888766542,6.3676634662417486e-06
100,19,two_opt,longest,12,exact_reversible,7.923534393310547,7.923533888766542,6.3676634662417486e-06
100,19,two_opt,longest,12,greedy_pair,7.923534393310547,9.21323566348292,-16.276843213568988
100,19,two_opt,longest,12,random_mean,7.923534393310547,12.347552929306403,-55.833903361747744
100,19,two_opt,longest,12,random_best,7.923534393310547,10.495592506835237,-32.460995129852066
100,19,two_opt,longest,12,model_route,7.923534393310547,10.18872113735415,-28.588084958096353
100,19,two_opt,longest,12,model_learned,7.923534393310547,11.495829360792413,-45.08461489733396
100,20,raw,longest,4,original_order,7.575888633728027,7.575888984836638,-4.634553484153554e-06
100,20,raw,longest,4,exact_fixed_orientation,7.575888633728027,7.575888984836638,-4.634553484153554e-06
100,20,raw,longest,4,exact_reversible,7.575888633728027,7.575888984836638,-4.634553484153554e-06
100,20,raw,longest,4,greedy_pair,7.575888633728027,7.575888984836638,-4.634553484153554e-06
100,20,raw,longest,4,random_mean,7.575888633728027,8.530705758370459,-12.603368011398219
100,20,raw,longest,4,random_best,7.575888633728027,7.95805733744055,-5.044539620224871
100,20,raw,longest,4,model_route,7.575888633728027,7.575888984836638,-4.634553484153554e-06
100,20,raw,longest,4,model_learned,7.575888633728027,7.575888984836638,-4.634553484153554e-06
100,20,raw,longest,8,original_order,7.575888633728027,7.575888984836638,-4.634553484153554e-06
100,20,raw,longest,8,exact_fixed_orientation,7.575888633728027,7.575888984836638,-4.634553484153554e-06
100,20,raw,longest,8,exact_reversible,7.575888633728027,7.575888984836638,-4.634553484153554e-06
100,20,raw,longest,8,greedy_pair,7.575888633728027,7.664712623693049,-1.1724563844507323
100,20,raw,longest,8,random_mean,7.575888633728027,9.476170271635056,-25.08328368829145
100,20,raw,longest,8,random_best,7.575888633728027,8.385053844191134,-10.68079600405799
100,20,raw,longest,8,model_route,7.575888633728027,7.575888984836638,-4.634553484153554e-06
100,20,raw,longest,8,model_learned,7.575888633728027,7.575888984836638,-4.634553484153554e-06
100,20,raw,longest,12,original_order,7.575888633728027,7.575888984836638,-4.634553484153554e-06
100,20,raw,longest,12,exact_fixed_orientation,7.575888633728027,7.575888984836638,-4.634553484153554e-06
100,20,raw,longest,12,exact_reversible,7.575888633728027,7.575888984836638,-4.634553484153554e-06
100,20,raw,longest,12,greedy_pair,7.575888633728027,7.664712623693049,-1.1724563844507323
100,20,raw,longest,12,random_mean,7.575888633728027,11.90114380326122,-57.09238055951693
100,20,raw,longest,12,random_best,7.575888633728027,10.797730692662299,-42.52757946560299
100,20,raw,longest,12,model_route,7.575888633728027,7.664712623693049,-1.1724563844507323
100,20,raw,longest,12,model_learned,7.575888633728027,7.664712623693049,-1.1724563844507323
100,20,two_opt,longest,4,original_order,7.545805931091309,7.545806133188307,-2.678269233758715e-06
100,20,two_opt,longest,4,exact_fixed_orientation,7.545805931091309,7.545806133188307,-2.678269233758715e-06
100,20,two_opt,longest,4,exact_reversible,7.545805931091309,7.545806133188307,-2.678269233758715e-06
100,20,two_opt,longest,4,greedy_pair,7.545805931091309,7.545806133188307,-2.678269233758715e-06
100,20,two_opt,longest,4,random_mean,7.545805931091309,8.500622906722128,-12.653611613527541
100,20,two_opt,longest,4,random_best,7.545805931091309,7.92797448579222,-5.0646486033552165
100,20,two_opt,longest,4,model_route,7.545805931091309,7.545806133188307,-2.678269233758715e-06
100,20,two_opt,longest,4,model_learned,7.545805931091309,7.545806133188307,-2.678269233758715e-06
100,20,two_opt,longest,8,original_order,7.545805931091309,7.545806133188307,-2.678269233758715e-06
100,20,two_opt,longest,8,exact_fixed_orientation,7.545805931091309,7.545806133188307,-2.678269233758715e-06
100,20,two_opt,longest,8,exact_reversible,7.545805931091309,7.545806133188307,-2.678269233758715e-06
100,20,two_opt,longest,8,greedy_pair,7.545805931091309,7.634629772044718,-1.177128616406963
100,20,two_opt,longest,8,random_mean,7.545805931091309,9.446087419986725,-25.183280702537083
100,20,two_opt,longest,8,random_best,7.545805931091309,8.354970992542803,-10.72337492960768
100,20,two_opt,longest,8,model_route,7.545805931091309,7.545806133188307,-2.678269233758715e-06
100,20,two_opt,longest,8,model_learned,7.545805931091309,7.545806133188307,-2.678269233758715e-06
100,20,two_opt,longest,12,original_order,7.545805931091309,7.545806133188307,-2.678269233758715e-06
100,20,two_opt,longest,12,exact_fixed_orientation,7.545805931091309,7.545806133188307,-2.678269233758715e-06
100,20,two_opt,longest,12,exact_reversible,7.545805931091309,7.545806133188307,-2.678269233758715e-06
100,20,two_opt,longest,12,greedy_pair,7.545805931091309,7.634629772044718,-1.177128616406963
100,20,two_opt,longest,12,random_mean,7.545805931091309,11.87106095161289,-57.319987553616336
100,20,two_opt,longest,12,random_best,7.545805931091309,10.767647841013968,-42.69712127961794
100,20,two_opt,longest,12,model_route,7.545805931091309,7.634629772044718,-1.177128616406963
100,20,two_opt,longest,12,model_learned,7.545805931091309,7.634629772044718,-1.177128616406963
100,21,raw,longest,4,original_order,8.356501579284668,8.356500973924994,7.244175900124474e-06
100,21,raw,longest,4,exact_fixed_orientation,8.356501579284668,8.356500973924994,7.244175900124474e-06
100,21,raw,longest,4,exact_reversible,8.356501579284668,8.356500973924994,7.244175900124474e-06
100,21,raw,longest,4,greedy_pair,8.356501579284668,8.356500973924994,7.244175900124474e-06
100,21,raw,longest,4,random_mean,8.356501579284668,9.878148818388581,-18.209142003586734
100,21,raw,longest,4,random_best,8.356501579284668,8.356500973924994,7.244175900124474e-06
100,21,raw,longest,4,model_route,8.356501579284668,8.356500973924994,7.244175900124474e-06
100,21,raw,longest,4,model_learned,8.356501579284668,8.356500973924994,7.244175900124474e-06
100,21,raw,longest,8,original_order,8.356501579284668,8.356500973924994,7.244175900124474e-06
100,21,raw,longest,8,exact_fixed_orientation,8.356501579284668,8.356500973924994,7.244175900124474e-06
100,21,raw,longest,8,exact_reversible,8.356501579284668,8.356500973924994,7.244175900124474e-06
100,21,raw,longest,8,greedy_pair,8.356501579284668,9.651749795302749,-15.499885971767583
100,21,raw,longest,8,random_mean,8.356501579284668,11.999255424365401,-43.591852529663015
100,21,raw,longest,8,random_best,8.356501579284668,11.357791563495994,-35.91562755940078
100,21,raw,longest,8,model_route,8.356501579284668,8.97628284059465,-7.416755150820372
100,21,raw,longest,8,model_learned,8.356501579284668,8.356500973924994,7.244175900124474e-06
100,21,raw,longest,12,original_order,8.356501579284668,8.356500973924994,7.244175900124474e-06
100,21,raw,longest,12,exact_fixed_orientation,8.356501579284668,8.356500973924994,7.244175900124474e-06
100,21,raw,longest,12,exact_reversible,8.356501579284668,8.356500973924994,7.244175900124474e-06
100,21,raw,longest,12,greedy_pair,8.356501579284668,9.651749795302749,-15.499885971767583
100,21,raw,longest,12,random_mean,8.356501579284668,13.388562688603997,-60.21731775643466
100,21,raw,longest,12,random_best,8.356501579284668,11.991931801661849,-43.50421271252103
100,21,raw,longest,12,model_route,8.356501579284668,9.26920603774488,-10.922088026917372
100,21,raw,longest,12,model_learned,8.356501579284668,10.16021361015737,-21.584535271841638
100,21,two_opt,longest,4,original_order,8.344940185546875,8.344940161332488,2.901684901461709e-07
100,21,two_opt,longest,4,exact_fixed_orientation,8.344940185546875,8.344940161332488,2.901684901461709e-07
100,21,two_opt,longest,4,exact_reversible,8.344940185546875,8.344940161332488,2.901684901461709e-07
100,21,two_opt,longest,4,greedy_pair,8.344940185546875,8.344940161332488,2.901684901461709e-07
100,21,two_opt,longest,4,random_mean,8.344940185546875,9.866588005796075,-18.234376597265936
100,21,two_opt,longest,4,random_best,8.344940185546875,8.344940161332488,2.901684901461709e-07
100,21,two_opt,longest,4,model_route,8.344940185546875,8.344940161332488,2.901684901461709e-07
100,21,two_opt,longest,4,model_learned,8.344940185546875,8.344940161332488,2.901684901461709e-07
100,21,two_opt,longest,8,original_order,8.344940185546875,8.344940161332488,2.901684901461709e-07
100,21,two_opt,longest,8,exact_fixed_orientation,8.344940185546875,8.344940161332488,2.901684901461709e-07
100,21,two_opt,longest,8,exact_reversible,8.344940185546875,8.344940161332488,2.901684901461709e-07
100,21,two_opt,longest,8,greedy_pair,8.344940185546875,9.640188982710242,-15.521367060325847
100,21,two_opt,longest,8,random_mean,8.344940185546875,11.987694611772895,-43.65225328439303
100,21,two_opt,longest,8,random_best,8.344940185546875,11.346230750903487,-35.96539338358273
100,21,two_opt,longest,8,model_route,8.344940185546875,8.964722028002143,-7.427037566173415
100,21,two_opt,longest,8,model_learned,8.344940185546875,8.344940161332488,2.901684901461709e-07
100,21,two_opt,longest,12,original_order,8.344940185546875,8.344940161332488,2.901684901461709e-07
100,21,two_opt,longest,12,exact_fixed_orientation,8.344940185546875,8.344940161332488,2.901684901461709e-07
100,21,two_opt,longest,12,exact_reversible,8.344940185546875,8.344940161332488,2.901684901461709e-07
100,21,two_opt,longest,12,greedy_pair,8.344940185546875,9.640188982710242,-15.521367060325847
100,21,two_opt,longest,12,random_mean,8.344940185546875,13.455473000183702,-61.241095813821154
100,21,two_opt,longest,12,random_best,8.344940185546875,11.84681617282331,-41.964063365505645
100,21,two_opt,longest,12,model_route,8.344940185546875,8.344940161332488,2.901684901461709e-07
100,21,two_opt,longest,12,model_learned,8.344940185546875,8.725394954904914,-4.559107206268205
100,22,raw,longest,4,original_order,7.710685729980469,7.7106859823688865,-3.273229211501452e-06
100,22,raw,longest,4,exact_fixed_orientation,7.710685729980469,7.7106859823688865,-3.273229211501452e-06
100,22,raw,longest,4,exact_reversible,7.710685729980469,7.7106859823688865,-3.273229211501452e-06
100,22,raw,longest,4,greedy_pair,7.710685729980469,7.7106859823688865,-3.273229211501452e-06
100,22,raw,longest,4,random_mean,7.710685729980469,9.127425373531878,-18.37371789181969
100,22,raw,longest,4,random_best,7.710685729980469,7.7106859823688865,-3.273229211501452e-06
100,22,raw,longest,4,model_route,7.710685729980469,7.7106859823688865,-3.273229211501452e-06
100,22,raw,longest,4,model_learned,7.710685729980469,7.7106859823688865,-3.273229211501452e-06
100,22,raw,longest,8,original_order,7.710685729980469,7.7106859823688865,-3.273229211501452e-06
100,22,raw,longest,8,exact_fixed_orientation,7.710685729980469,7.7106859823688865,-3.273229211501452e-06
100,22,raw,longest,8,exact_reversible,7.710685729980469,7.7106859823688865,-3.273229211501452e-06
100,22,raw,longest,8,greedy_pair,7.710685729980469,7.7106859823688865,-3.273229211501452e-06
100,22,raw,longest,8,random_mean,7.710685729980469,11.760582472197711,-52.52317218001182
100,22,raw,longest,8,random_best,7.710685729980469,10.824841006658971,-40.387526942903825
100,22,raw,longest,8,model_route,7.710685729980469,7.7106859823688865,-3.273229211501452e-06
100,22,raw,longest,8,model_learned,7.710685729980469,7.7106859823688865,-3.273229211501452e-06
100,22,raw,longest,12,original_order,7.710685729980469,7.7106859823688865,-3.273229211501452e-06
100,22,raw,longest,12,exact_fixed_orientation,7.710685729980469,7.7106859823688865,-3.273229211501452e-06
100,22,raw,longest,12,exact_reversible,7.710685729980469,7.7106859823688865,-3.273229211501452e-06
100,22,raw,longest,12,greedy_pair,7.710685729980469,7.7106859823688865,-3.273229211501452e-06
100,22,raw,longest,12,random_mean,7.710685729980469,12.871943400241435,-66.93642888586564
100,22,raw,longest,12,random_best,7.710685729980469,12.043151541613042,-56.18781472038477
100,22,raw,longest,12,model_route,7.710685729980469,7.7106859823688865,-3.273229211501452e-06
100,22,raw,longest,12,model_learned,7.710685729980469,7.7106859823688865,-3.273229211501452e-06
100,22,two_opt,longest,4,original_order,7.706092834472656,7.70609278883785,5.921912327867944e-07
100,22,two_opt,longest,4,exact_fixed_orientation,7.706092834472656,7.70609278883785,5.921912327867944e-07
100,22,two_opt,longest,4,exact_reversible,7.706092834472656,7.70609278883785,5.921912327867944e-07
100,22,two_opt,longest,4,greedy_pair,7.706092834472656,7.70609278883785,5.921912327867944e-07
100,22,two_opt,longest,4,random_mean,7.706092834472656,9.122832180000842,-18.384664913333292
100,22,two_opt,longest,4,random_best,7.706092834472656,7.70609278883785,5.921912327867944e-07
100,22,two_opt,longest,4,model_route,7.706092834472656,7.70609278883785,5.921912327867944e-07
100,22,two_opt,longest,4,model_learned,7.706092834472656,7.70609278883785,5.921912327867944e-07
100,22,two_opt,longest,8,original_order,7.706092834472656,7.70609278883785,5.921912327867944e-07
100,22,two_opt,longest,8,exact_fixed_orientation,7.706092834472656,7.70609278883785,5.921912327867944e-07
100,22,two_opt,longest,8,exact_reversible,7.706092834472656,7.70609278883785,5.921912327867944e-07
100,22,two_opt,longest,8,greedy_pair,7.706092834472656,7.70609278883785,5.921912327867944e-07
100,22,two_opt,longest,8,random_mean,7.706092834472656,11.71906187478453,-52.07527506494786
100,22,two_opt,longest,8,random_best,7.706092834472656,10.800628780387342,-40.157003197152
100,22,two_opt,longest,8,model_route,7.706092834472656,7.70609278883785,5.921912327867944e-07
100,22,two_opt,longest,8,model_learned,7.706092834472656,9.983296408317983,-29.550689600551127
100,22,two_opt,longest,12,original_order,7.706092834472656,7.70609278883785,5.921912327867944e-07
100,22,two_opt,longest,12,exact_fixed_orientation,7.706092834472656,7.70609278883785,5.921912327867944e-07
100,22,two_opt,longest,12,exact_reversible,7.706092834472656,7.70609278883785,5.921912327867944e-07
100,22,two_opt,longest,12,greedy_pair,7.706092834472656,7.70609278883785,5.921912327867944e-07
100,22,two_opt,longest,12,random_mean,7.706092834472656,12.83010592032224,-66.49301008842868
100,22,two_opt,longest,12,random_best,7.706092834472656,11.995499997399747,-55.66254203088152
100,22,two_opt,longest,12,model_route,7.706092834472656,7.70609278883785,5.921912327867944e-07
100,22,two_opt,longest,12,model_learned,7.706092834472656,7.70609278883785,5.921912327867944e-07
100,23,raw,longest,4,original_order,7.712456703186035,7.712456852663308,-1.93812787518191e-06
100,23,raw,longest,4,exact_fixed_orientation,7.712456703186035,7.712456852663308,-1.93812787518191e-06
100,23,raw,longest,4,exact_reversible,7.712456703186035,7.712456852663308,-1.93812787518191e-06
100,23,raw,longest,4,greedy_pair,7.712456703186035,7.712456852663308,-1.93812787518191e-06
100,23,raw,longest,4,random_mean,7.712456703186035,8.144120857585222,-5.596973454915667
100,23,raw,longest,4,random_best,7.712456703186035,7.712456852663308,-1.93812787518191e-06
100,23,raw,longest,4,model_route,7.712456703186035,7.712456852663308,-1.93812787518191e-06
100,23,raw,longest,4,model_learned,7.712456703186035,7.712456852663308,-1.93812787518191e-06
100,23,raw,longest,8,original_order,7.712456703186035,7.712456852663308,-1.93812787518191e-06
100,23,raw,longest,8,exact_fixed_orientation,7.712456703186035,7.712456852663308,-1.93812787518191e-06
100,23,raw,longest,8,exact_reversible,7.712456703186035,7.712456852663308,-1.93812787518191e-06
100,23,raw,longest,8,greedy_pair,7.712456703186035,8.870824106503278,-15.019434765043393
100,23,raw,longest,8,random_mean,7.712456703186035,10.028624522034079,-30.031517945393833
100,23,raw,longest,8,random_best,7.712456703186035,9.135228738654405,-18.447715043646458
100,23,raw,longest,8,model_route,7.712456703186035,9.21411866741255,-19.470604789342595
100,23,raw,longest,8,model_learned,7.712456703186035,7.712456852663308,-1.93812787518191e-06
100,23,raw,longest,12,original_order,7.712456703186035,7.712456852663308,-1.93812787518191e-06
100,23,raw,longest,12,exact_fixed_orientation,7.712456703186035,7.712456852663308,-1.93812787518191e-06
100,23,raw,longest,12,exact_reversible,7.712456703186035,7.712456852663308,-1.93812787518191e-06
100,23,raw,longest,12,greedy_pair,7.712456703186035,8.80806776927784,-14.205733766248645
100,23,raw,longest,12,random_mean,7.712456703186035,12.411074722651392,-60.92245571407028
100,23,raw,longest,12,random_best,7.712456703186035,11.477622211445123,-48.81927579189765
100,23,raw,longest,12,model_route,7.712456703186035,9.380045764613897,-21.622021693022617
100,23,raw,longest,12,model_learned,7.712456703186035,9.520966507960111,-23.449205284056582
100,23,two_opt,longest,4,original_order,7.708709716796875,7.708709441591054,3.570063355728843e-06
100,23,two_opt,longest,4,exact_fixed_orientation,7.708709716796875,7.708709441591054,3.570063355728843e-06
100,23,two_opt,longest,4,exact_reversible,7.708709716796875,7.708709441591054,3.570063355728843e-06
100,23,two_opt,longest,4,greedy_pair,7.708709716796875,7.708709441591054,3.570063355728843e-06
100,23,two_opt,longest,4,random_mean,7.708709716796875,8.090737715829164,-4.955796924093144
100,23,two_opt,longest,4,random_best,7.708709716796875,7.708709441591054,3.570063355728843e-06
100,23,two_opt,longest,4,model_route,7.708709716796875,7.708709441591054,3.570063355728843e-06
100,23,two_opt,longest,4,model_learned,7.708709716796875,7.708709441591054,3.570063355728843e-06
100,23,two_opt,longest,8,original_order,7.708709716796875,7.708709441591054,3.570063355728843e-06
100,23,two_opt,longest,8,exact_fixed_orientation,7.708709716796875,7.708709441591054,3.570063355728843e-06
100,23,two_opt,longest,8,exact_reversible,7.708709716796875,7.708709441591054,3.570063355728843e-06
100,23,two_opt,longest,8,greedy_pair,7.708709716796875,8.867076695431024,-15.026729779565157
100,23,two_opt,longest,8,random_mean,7.708709716796875,9.979927542153746,-29.46300884061059
100,23,two_opt,longest,8,random_best,7.708709716796875,9.116686709690839,-18.264755641609593
100,23,two_opt,longest,8,model_route,7.708709716796875,9.210371256340295,-19.480063392079458
100,23,two_opt,longest,8,model_learned,7.708709716796875,7.708709441591054,3.570063355728843e-06
100,23,two_opt,longest,12,original_order,7.708709716796875,7.708709441591054,3.570063355728843e-06
100,23,two_opt,longest,12,exact_fixed_orientation,7.708709716796875,7.708709441591054,3.570063355728843e-06
100,23,two_opt,longest,12,exact_reversible,7.708709716796875,7.708709441591054,3.570063355728843e-06
100,23,two_opt,longest,12,greedy_pair,7.708709716796875,8.804320358205587,-14.212633263663223
100,23,two_opt,longest,12,random_mean,7.708709716796875,12.368629536125809,-60.45006220918155
100,23,two_opt,longest,12,random_best,7.708709716796875,11.463236205745488,-48.70499249397985
100,23,two_opt,longest,12,model_route,7.708709716796875,9.403771736193448,-21.988920087406093
100,23,two_opt,longest,12,model_learned,7.708709716796875,9.032006547320634,-17.16625582152049
100,24,raw,longest,4,original_order,7.838550567626953,7.83855159394443,-1.309320477519054e-05
100,24,raw,longest,4,exact_fixed_orientation,7.838550567626953,7.83855159394443,-1.309320477519054e-05
100,24,raw,longest,4,exact_reversible,7.838550567626953,7.83855159394443,-1.309320477519054e-05
100,24,raw,longest,4,greedy_pair,7.838550567626953,7.83855159394443,-1.309320477519054e-05
100,24,raw,longest,4,random_mean,7.838550567626953,9.073983462527394,-15.760986476284948
100,24,raw,longest,4,random_best,7.838550567626953,7.83855159394443,-1.309320477519054e-05
100,24,raw,longest,4,model_route,7.838550567626953,7.83855159394443,-1.309320477519054e-05
100,24,raw,longest,4,model_learned,7.838550567626953,7.83855159394443,-1.309320477519054e-05
100,24,raw,longest,8,original_order,7.838550567626953,7.83855159394443,-1.309320477519054e-05
100,24,raw,longest,8,exact_fixed_orientation,7.838550567626953,7.83855159394443,-1.309320477519054e-05
100,24,raw,longest,8,exact_reversible,7.838550567626953,7.83855159394443,-1.309320477519054e-05
100,24,raw,longest,8,greedy_pair,7.838550567626953,7.83855159394443,-1.309320477519054e-05
100,24,raw,longest,8,random_mean,7.838550567626953,11.282963819801807,-43.941966342606854
100,24,raw,longest,8,random_best,7.838550567626953,10.573588935658336,-34.892144210015466
100,24,raw,longest,8,model_route,7.838550567626953,7.83855159394443,-1.309320477519054e-05
100,24,raw,longest,8,model_learned,7.838550567626953,7.997894389554858,-2.0328225295374334
100,24,raw,longest,12,original_order,7.838550567626953,7.83855159394443,-1.309320477519054e-05
100,24,raw,longest,12,exact_fixed_orientation,7.838550567626953,7.83855159394443,-1.309320477519054e-05
100,24,raw,longest,12,exact_reversible,7.838550567626953,7.83855159394443,-1.309320477519054e-05
100,24,raw,longest,12,greedy_pair,7.838550567626953,7.83855159394443,-1.309320477519054e-05
100,24,raw,longest,12,random_mean,7.838550567626953,12.832263722084463,-63.70709879810482
100,24,raw,longest,12,random_best,7.838550567626953,11.67754383943975,-48.97580539529536
100,24,raw,longest,12,model_route,7.838550567626953,7.83855159394443,-1.309320477519054e-05
100,24,raw,longest,12,model_learned,7.838550567626953,7.83855159394443,-1.309320477519054e-05
100,24,two_opt,longest,4,original_order,7.8302388191223145,7.830238973721862,-1.9743912153562948e-06
100,24,two_opt,longest,4,exact_fixed_orientation,7.8302388191223145,7.830238973721862,-1.9743912153562948e-06
100,24,two_opt,longest,4,exact_reversible,7.8302388191223145,7.830238973721862,-1.9743912153562948e-06
100,24,two_opt,longest,4,greedy_pair,7.8302388191223145,7.830238973721862,-1.9743912153562948e-06
100,24,two_opt,longest,4,random_mean,7.8302388191223145,8.729169379919767,-11.480244492698798
100,24,two_opt,longest,4,random_best,7.8302388191223145,7.830238973721862,-1.9743912153562948e-06
100,24,two_opt,longest,4,model_route,7.8302388191223145,7.830238973721862,-1.9743912153562948e-06
100,24,two_opt,longest,4,model_learned,7.8302388191223145,7.830238973721862,-1.9743912153562948e-06
100,24,two_opt,longest,8,original_order,7.8302388191223145,7.830238973721862,-1.9743912153562948e-06
100,24,two_opt,longest,8,exact_fixed_orientation,7.8302388191223145,7.830238973721862,-1.9743912153562948e-06
100,24,two_opt,longest,8,exact_reversible,7.8302388191223145,7.830238973721862,-1.9743912153562948e-06
100,24,two_opt,longest,8,greedy_pair,7.8302388191223145,7.830238973721862,-1.9743912153562948e-06
100,24,two_opt,longest,8,random_mean,7.8302388191223145,11.316445967182517,-44.52236041059817
100,24,two_opt,longest,8,random_best,7.8302388191223145,10.628865724429488,-35.741271370582155
100,24,two_opt,longest,8,model_route,7.8302388191223145,7.830238973721862,-1.9743912153562948e-06
100,24,two_opt,longest,8,model_learned,7.8302388191223145,7.98958176933229,-2.034969224959551
100,24,two_opt,longest,12,original_order,7.8302388191223145,7.830238973721862,-1.9743912153562948e-06
100,24,two_opt,longest,12,exact_fixed_orientation,7.8302388191223145,7.830238973721862,-1.9743912153562948e-06
100,24,two_opt,longest,12,exact_reversible,7.8302388191223145,7.830238973721862,-1.9743912153562948e-06
100,24,two_opt,longest,12,greedy_pair,7.8302388191223145,7.830238973721862,-1.9743912153562948e-06
100,24,two_opt,longest,12,random_mean,7.8302388191223145,12.882912802509964,-64.52771237383536
100,24,two_opt,longest,12,random_best,7.8302388191223145,11.729288218542933,-49.79476985936504
100,24,two_opt,longest,12,model_route,7.8302388191223145,7.830238973721862,-1.9743912153562948e-06
100,24,two_opt,longest,12,model_learned,7.8302388191223145,7.830238973721862,-1.9743912153562948e-06
100,25,raw,longest,4,original_order,8.026467323303223,8.026466542389244,9.72923637959446e-06
100,25,raw,longest,4,exact_fixed_orientation,8.026467323303223,8.026466542389244,9.72923637959446e-06
100,25,raw,longest,4,exact_reversible,8.026467323303223,8.026466542389244,9.72923637959446e-06
100,25,raw,longest,4,greedy_pair,8.026467323303223,8.026466542389244,9.72923637959446e-06
100,25,raw,longest,4,random_mean,8.026467323303223,8.931217589881271,-11.272085590522362
100,25,raw,longest,4,random_best,8.026467323303223,8.026466542389244,9.72923637959446e-06
100,25,raw,longest,4,model_route,8.026467323303223,8.026466542389244,9.72923637959446e-06
100,25,raw,longest,4,model_learned,8.026467323303223,8.026466542389244,9.72923637959446e-06
100,25,raw,longest,8,original_order,8.026467323303223,8.026466542389244,9.72923637959446e-06
100,25,raw,longest,8,exact_fixed_orientation,8.026467323303223,8.026466542389244,9.72923637959446e-06
100,25,raw,longest,8,exact_reversible,8.026467323303223,8.026466542389244,9.72923637959446e-06
100,25,raw,longest,8,greedy_pair,8.026467323303223,8.026466542389244,9.72923637959446e-06
100,25,raw,longest,8,random_mean,8.026467323303223,12.09769770083949,-50.72256839215272
100,25,raw,longest,8,random_best,8.026467323303223,10.636356511618942,-32.51603829169571
100,25,raw,longest,8,model_route,8.026467323303223,8.026466542389244,9.72923637959446e-06
100,25,raw,longest,8,model_learned,8.026467323303223,8.026466542389244,9.72923637959446e-06
100,25,raw,longest,12,original_order,8.026467323303223,8.026466542389244,9.72923637959446e-06
100,25,raw,longest,12,exact_fixed_orientation,8.026467323303223,8.026466542389244,9.72923637959446e-06
100,25,raw,longest,12,exact_reversible,8.026467323303223,8.026466542389244,9.72923637959446e-06
100,25,raw,longest,12,greedy_pair,8.026467323303223,8.026466542389244,9.72923637959446e-06
100,25,raw,longest,12,random_mean,8.026467323303223,13.97777359886095,-74.14602260049466
100,25,raw,longest,12,random_best,8.026467323303223,13.07131859054789,-62.852698005733636
100,25,raw,longest,12,model_route,8.026467323303223,8.363599413540214,-4.200254939781501
100,25,raw,longest,12,model_learned,8.026467323303223,8.026466542389244,9.72923637959446e-06
100,25,two_opt,longest,4,original_order,8.024994850158691,8.024994799401611,6.324873880204406e-07
100,25,two_opt,longest,4,exact_fixed_orientation,8.024994850158691,8.024994799401611,6.324873880204406e-07
100,25,two_opt,longest,4,exact_reversible,8.024994850158691,8.024994799401611,6.324873880204406e-07
100,25,two_opt,longest,4,greedy_pair,8.024994850158691,8.024994799401611,6.324873880204406e-07
100,25,two_opt,longest,4,random_mean,8.024994850158691,8.929745846893638,-11.274162957463528
100,25,two_opt,longest,4,random_best,8.024994850158691,8.024994799401611,6.324873880204406e-07
100,25,two_opt,longest,4,model_route,8.024994850158691,8.024994799401611,6.324873880204406e-07
100,25,two_opt,longest,4,model_learned,8.024994850158691,8.024994799401611,6.324873880204406e-07
100,25,two_opt,longest,8,original_order,8.024994850158691,8.024994799401611,6.324873880204406e-07
100,25,two_opt,longest,8,exact_fixed_orientation,8.024994850158691,8.024994799401611,6.324873880204406e-07
100,25,two_opt,longest,8,exact_reversible,8.024994850158691,8.024994799401611,6.324873880204406e-07
100,25,two_opt,longest,8,greedy_pair,8.024994850158691,8.024994799401611,6.324873880204406e-07
100,25,two_opt,longest,8,random_mean,8.024994850158691,12.096225957851857,-50.731884365167645
100,25,two_opt,longest,8,random_best,8.024994850158691,10.63488476863131,-32.5220136237347
100,25,two_opt,longest,8,model_route,8.024994850158691,8.024994799401611,6.324873880204406e-07
100,25,two_opt,longest,8,model_learned,8.024994850158691,8.024994799401611,6.324873880204406e-07
100,25,two_opt,longest,12,original_order,8.024994850158691,8.024994799401611,6.324873880204406e-07
100,25,two_opt,longest,12,exact_fixed_orientation,8.024994850158691,8.024994799401611,6.324873880204406e-07
100,25,two_opt,longest,12,exact_reversible,8.024994850158691,8.024994799401611,6.324873880204406e-07
100,25,two_opt,longest,12,greedy_pair,8.024994850158691,8.024994799401611,6.324873880204406e-07
100,25,two_opt,longest,12,random_mean,8.024994850158691,13.976301855873317,-74.15963644633293
100,25,two_opt,longest,12,random_best,8.024994850158691,13.069846847560257,-62.86423968610777
100,25,two_opt,longest,12,model_route,8.024994850158691,8.362127670552582,-4.201034725738465
100,25,two_opt,longest,12,model_learned,8.024994850158691,8.024994799401611,6.324873880204406e-07
100,26,raw,longest,4,original_order,7.766927719116211,7.766927362768911,4.588008450692725e-06
100,26,raw,longest,4,exact_fixed_orientation,7.766927719116211,7.766927362768911,4.588008450692725e-06
100,26,raw,longest,4,exact_reversible,7.766927719116211,7.766927362768911,4.588008450692725e-06
100,26,raw,longest,4,greedy_pair,7.766927719116211,7.766927362768911,4.588008450692725e-06
100,26,raw,longest,4,random_mean,7.766927719116211,9.349022142007016,-20.369629795793042
100,26,raw,longest,4,random_best,7.766927719116211,7.766927362768911,4.588008450692725e-06
100,26,raw,longest,4,model_route,7.766927719116211,7.766927362768911,4.588008450692725e-06
100,26,raw,longest,4,model_learned,7.766927719116211,7.766927362768911,4.588008450692725e-06
100,26,raw,longest,8,original_order,7.766927719116211,7.766927362768911,4.588008450692725e-06
100,26,raw,longest,8,exact_fixed_orientation,7.766927719116211,7.766927362768911,4.588008450692725e-06
100,26,raw,longest,8,exact_reversible,7.766927719116211,7.766927362768911,4.588008450692725e-06
100,26,raw,longest,8,greedy_pair,7.766927719116211,7.766927362768911,4.588008450692725e-06
100,26,raw,longest,8,random_mean,7.766927719116211,11.428628416149877,-47.144776280347905
100,26,raw,longest,8,random_best,7.766927719116211,11.00405828782823,-41.678391840118316
100,26,raw,longest,8,model_route,7.766927719116211,7.766927362768911,4.588008450692725e-06
100,26,raw,longest,8,model_learned,7.766927719116211,7.766927362768911,4.588008450692725e-06
100,26,raw,longest,12,original_order,7.766927719116211,7.766927362768911,4.588008450692725e-06
100,26,raw,longest,12,exact_fixed_orientation,7.766927719116211,7.766927362768911,4.588008450692725e-06
100,26,raw,longest,12,exact_reversible,7.766927719116211,7.766927362768911,4.588008450692725e-06
100,26,raw,longest,12,greedy_pair,7.766927719116211,8.424867333262227,-8.47104077622191
100,26,raw,longest,12,random_mean,7.766927719116211,13.047050060122274,-67.98212281556911
100,26,raw,longest,12,random_best,7.766927719116211,11.971936674206518,-54.1399264569027
100,26,raw,longest,12,model_route,7.766927719116211,7.766927362768911,4.588008450692725e-06
100,26,raw,longest,12,model_learned,7.766927719116211,7.766927362768911,4.588008450692725e-06
100,26,two_opt,longest,4,original_order,7.730808734893799,7.73080921114888,-6.160482013277138e-06
100,26,two_opt,longest,4,exact_fixed_orientation,7.730808734893799,7.73080921114888,-6.160482013277138e-06
100,26,two_opt,longest,4,exact_reversible,7.730808734893799,7.73080921114888,-6.160482013277138e-06
100,26,two_opt,longest,4,greedy_pair,7.730808734893799,7.73080921114888,-6.160482013277138e-06
100,26,two_opt,longest,4,random_mean,7.730808734893799,9.312903990386985,-20.464809177754418
100,26,two_opt,longest,4,random_best,7.730808734893799,7.73080921114888,-6.160482013277138e-06
100,26,two_opt,longest,4,model_route,7.730808734893799,7.73080921114888,-6.160482013277138e-06
100,26,two_opt,longest,4,model_learned,7.730808734893799,7.73080921114888,-6.160482013277138e-06
100,26,two_opt,longest,8,original_order,7.730808734893799,7.73080921114888,-6.160482013277138e-06
100,26,two_opt,longest,8,exact_fixed_orientation,7.730808734893799,7.73080921114888,-6.160482013277138e-06
100,26,two_opt,longest,8,exact_reversible,7.730808734893799,7.73080921114888,-6.160482013277138e-06
100,26,two_opt,longest,8,greedy_pair,7.730808734893799,7.73080921114888,-6.160482013277138e-06
100,26,two_opt,longest,8,random_mean,7.730808734893799,11.27554067352321,-45.852019629329334
100,26,two_opt,longest,8,random_best,7.730808734893799,10.856823801412247,-40.435809159381456
100,26,two_opt,longest,8,model_route,7.730808734893799,8.42892958165612,-9.030372768262676
100,26,two_opt,longest,8,model_learned,7.730808734893799,8.559448226704262,-10.71866502233219
100,26,two_opt,longest,12,original_order,7.730808734893799,7.73080921114888,-6.160482013277138e-06
100,26,two_opt,longest,12,exact_fixed_orientation,7.730808734893799,7.73080921114888,-6.160482013277138e-06
100,26,two_opt,longest,12,exact_reversible,7.730808734893799,7.73080921114888,-6.160482013277138e-06
100,26,two_opt,longest,12,greedy_pair,7.730808734893799,8.388749181642197,-8.510628956304616
100,26,two_opt,longest,12,random_mean,7.730808734893799,12.912982379435562,-67.0327493830172
100,26,two_opt,longest,12,random_best,7.730808734893799,11.800919174565934,-52.647925711850476
100,26,two_opt,longest,12,model_route,7.730808734893799,8.42892958165612,-9.030372768262676
100,26,two_opt,longest,12,model_learned,7.730808734893799,7.73080921114888,-6.160482013277138e-06
100,27,raw,longest,4,original_order,7.68520450592041,7.685204200912267,3.968770680748986e-06
100,27,raw,longest,4,exact_fixed_orientation,7.68520450592041,7.685204200912267,3.968770680748986e-06
100,27,raw,longest,4,exact_reversible,7.68520450592041,7.685204200912267,3.968770680748986e-06
100,27,raw,longest,4,greedy_pair,7.68520450592041,7.685204200912267,3.968770680748986e-06
100,27,raw,longest,4,random_mean,7.68520450592041,9.26535875024274,-20.56099148832064
100,27,raw,longest,4,random_best,7.68520450592041,8.886980183888227,-15.637523725517141
100,27,raw,longest,4,model_route,7.68520450592041,7.685204200912267,3.968770680748986e-06
100,27,raw,longest,4,model_learned,7.68520450592041,7.685204200912267,3.968770680748986e-06
100,27,raw,longest,8,original_order,7.68520450592041,7.685204200912267,3.968770680748986e-06
100,27,raw,longest,8,exact_fixed_orientation,7.68520450592041,7.685204200912267,3.968770680748986e-06
100,27,raw,longest,8,exact_reversible,7.68520450592041,7.671408556867391,0.1795131026427647
100,27,raw,longest,8,greedy_pair,7.68520450592041,7.685204200912267,3.968770680748986e-06
100,27,raw,longest,8,random_mean,7.68520450592041,9.98388844402507,-29.910510986842763
100,27,raw,longest,8,random_best,7.68520450592041,8.87772534089163,-15.517099565178043
100,27,raw,longest,8,model_route,7.68520450592041,7.685204200912267,3.968770680748986e-06
100,27,raw,longest,8,model_learned,7.68520450592041,7.685204200912267,3.968770680748986e-06
100,27,raw,longest,12,original_order,7.68520450592041,7.685204200912267,3.968770680748986e-06
100,27,raw,longest,12,exact_fixed_orientation,7.68520450592041,7.685204200912267,3.968770680748986e-06
100,27,raw,longest,12,exact_reversible,7.68520450592041,7.671408556867391,0.1795131026427647
100,27,raw,longest,12,greedy_pair,7.68520450592041,7.685204200912267,3.968770680748986e-06
100,27,raw,longest,12,random_mean,7.68520450592041,11.851488048676401,-54.21174595349328
100,27,raw,longest,12,random_best,7.68520450592041,10.999007426667958,-43.11925490329778
100,27,raw,longest,12,model_route,7.68520450592041,7.685204200912267,3.968770680748986e-06
100,27,raw,longest,12,model_learned,7.68520450592041,8.76847916143015,-14.095586586866018
100,27,two_opt,longest,4,original_order,7.643451690673828,7.643451266456395,5.550076718022044e-06
100,27,two_opt,longest,4,exact_fixed_orientation,7.643451690673828,7.643451266456395,5.550076718022044e-06
100,27,two_opt,longest,4,exact_reversible,7.643451690673828,7.643451266456395,5.550076718022044e-06
100,27,two_opt,longest,4,greedy_pair,7.643451690673828,7.643451266456395,5.550076718022044e-06
100,27,two_opt,longest,4,random_mean,7.643451690673828,8.73882032604888,-14.33081125784531
100,27,two_opt,longest,4,random_best,7.643451690673828,8.435520478058606,-10.362710715516426
100,27,two_opt,longest,4,model_route,7.643451690673828,7.643451266456395,5.550076718022044e-06
100,27,two_opt,longest,4,model_learned,7.643451690673828,7.643451266456395,5.550076718022044e-06
100,27,two_opt,longest,8,original_order,7.643451690673828,7.643451266456395,5.550076718022044e-06
100,27,two_opt,longest,8,exact_fixed_orientation,7.643451690673828,7.643451266456395,5.550076718022044e-06
100,27,two_opt,longest,8,exact_reversible,7.643451690673828,7.643451266456395,5.550076718022044e-06
100,27,two_opt,longest,8,greedy_pair,7.643451690673828,7.643451266456395,5.550076718022044e-06
100,27,two_opt,longest,8,random_mean,7.643451690673828,10.273395978379995,-34.40780937904138
100,27,two_opt,longest,8,random_best,7.643451690673828,9.047002010513097,-18.362781327601162
100,27,two_opt,longest,8,model_route,7.643451690673828,9.16293164389208,-19.879499664690073
100,27,two_opt,longest,8,model_learned,7.643451690673828,8.688261159230024,-13.669340905641121
100,27,two_opt,longest,12,original_order,7.643451690673828,7.643451266456395,5.550076718022044e-06
100,27,two_opt,longest,12,exact_fixed_orientation,7.643451690673828,7.643451266456395,5.550076718022044e-06
100,27,two_opt,longest,12,exact_reversible,7.643451690673828,7.643451266456395,5.550076718022044e-06
100,27,two_opt,longest,12,greedy_pair,7.643451690673828,7.973485686350614,-4.31786592017684
100,27,two_opt,longest,12,random_mean,7.643451690673828,11.962812001351267,-56.51059868603232
100,27,two_opt,longest,12,random_best,7.643451690673828,11.083926611114293,-45.0120581600374
100,27,two_opt,longest,12,model_route,7.643451690673828,8.712064393330365,-13.98076086436717
100,27,two_opt,longest,12,model_learned,7.643451690673828,7.712550305295736,-0.9040236979088685
100,28,raw,longest,4,original_order,8.208041191101074,8.208041320554912,-1.5771587259077318e-06
100,28,raw,longest,4,exact_fixed_orientation,8.208041191101074,8.208041320554912,-1.5771587259077318e-06
100,28,raw,longest,4,exact_reversible,8.208041191101074,8.208041320554912,-1.5771587259077318e-06
100,28,raw,longest,4,greedy_pair,8.208041191101074,8.33326047193259,-1.5255683775962892
100,28,raw,longest,4,random_mean,8.208041191101074,8.662380321882665,-5.535293015758407
100,28,raw,longest,4,random_best,8.208041191101074,8.33326047193259,-1.5255683775962892
100,28,raw,longest,4,model_route,8.208041191101074,8.33326047193259,-1.5255683775962892
100,28,raw,longest,4,model_learned,8.208041191101074,8.208041320554912,-1.5771587259077318e-06
100,28,raw,longest,8,original_order,8.208041191101074,8.208041320554912,-1.5771587259077318e-06
100,28,raw,longest,8,exact_fixed_orientation,8.208041191101074,8.208041320554912,-1.5771587259077318e-06
100,28,raw,longest,8,exact_reversible,8.208041191101074,8.208041320554912,-1.5771587259077318e-06
100,28,raw,longest,8,greedy_pair,8.208041191101074,8.33326047193259,-1.5255683775962892
100,28,raw,longest,8,random_mean,8.208041191101074,11.016148996539414,-34.21166804672972
100,28,raw,longest,8,random_best,8.208041191101074,9.822112063877285,-19.664507465266382
100,28,raw,longest,8,model_route,8.208041191101074,8.208041320554912,-1.5771587259077318e-06
100,28,raw,longest,8,model_learned,8.208041191101074,8.33326047193259,-1.5255683775962892
100,28,raw,longest,12,original_order,8.208041191101074,8.208041320554912,-1.5771587259077318e-06
100,28,raw,longest,12,exact_fixed_orientation,8.208041191101074,8.208041320554912,-1.5771587259077318e-06
100,28,raw,longest,12,exact_reversible,8.208041191101074,8.20661115180701,0.017422418586476553
100,28,raw,longest,12,greedy_pair,8.208041191101074,8.33326047193259,-1.5255683775962892
100,28,raw,longest,12,random_mean,8.208041191101074,13.567327386699617,-65.29312013454475
100,28,raw,longest,12,random_best,8.208041191101074,11.55156237911433,-40.73470283797073
100,28,raw,longest,12,model_route,8.208041191101074,8.33326047193259,-1.5255683775962892
100,28,raw,longest,12,model_learned,8.208041191101074,9.52087568771094,-15.994492060215348
100,28,two_opt,longest,4,original_order,8.198811531066895,8.198812230490148,-8.530788284204038e-06
100,28,two_opt,longest,4,exact_fixed_orientation,8.198811531066895,8.198812230490148,-8.530788284204038e-06
100,28,two_opt,longest,4,exact_reversible,8.198811531066895,8.198812230490148,-8.530788284204038e-06
100,28,two_opt,longest,4,greedy_pair,8.198811531066895,8.198812230490148,-8.530788284204038e-06
100,28,two_opt,longest,4,random_mean,8.198811531066895,9.5941970506683,-17.019363285935004
100,28,two_opt,longest,4,random_best,8.198811531066895,8.761922418139875,-6.86820138430117
100,28,two_opt,longest,4,model_route,8.198811531066895,8.198812230490148,-8.530788284204038e-06
100,28,two_opt,longest,4,model_learned,8.198811531066895,8.198812230490148,-8.530788284204038e-06
100,28,two_opt,longest,8,original_order,8.198811531066895,8.198812230490148,-8.530788284204038e-06
100,28,two_opt,longest,8,exact_fixed_orientation,8.198811531066895,8.198812230490148,-8.530788284204038e-06
100,28,two_opt,longest,8,exact_reversible,8.198811531066895,8.198812230490148,-8.530788284204038e-06
100,28,two_opt,longest,8,greedy_pair,8.198811531066895,8.324031381867826,-1.5272927097598115
100,28,two_opt,longest,8,random_mean,8.198811531066895,11.446069012396038,-39.606441360734436
100,28,two_opt,longest,8,random_best,8.198811531066895,10.500315873883665,-28.071194637124194
100,28,two_opt,longest,8,model_route,8.198811531066895,8.198812230490148,-8.530788284204038e-06
100,28,two_opt,longest,8,model_learned,8.198811531066895,9.057616456411779,-10.474748957098296
100,28,two_opt,longest,12,original_order,8.198811531066895,8.198812230490148,-8.530788284204038e-06
100,28,two_opt,longest,12,exact_fixed_orientation,8.198811531066895,8.198812230490148,-8.530788284204038e-06
100,28,two_opt,longest,12,exact_reversible,8.198811531066895,8.198812230490148,-8.530788284204038e-06
100,28,two_opt,longest,12,greedy_pair,8.198811531066895,8.324031381867826,-1.5272927097598115
100,28,two_opt,longest,12,random_mean,8.198811531066895,13.403319186531007,-63.47880587013397
100,28,two_opt,longest,12,random_best,8.198811531066895,11.748529165051877,-43.29551448443974
100,28,two_opt,longest,12,model_route,8.198811531066895,8.324031381867826,-1.5272927097598115
100,28,two_opt,longest,12,model_learned,8.198811531066895,10.078727304004133,-22.92912534717832
100,29,raw,longest,4,original_order,7.710553169250488,7.710553308017552,-1.7997030896707412e-06
100,29,raw,longest,4,exact_fixed_orientation,7.710553169250488,7.710553308017552,-1.7997030896707412e-06
100,29,raw,longest,4,exact_reversible,7.710553169250488,7.710553308017552,-1.7997030896707412e-06
100,29,raw,longest,4,greedy_pair,7.710553169250488,7.710553308017552,-1.7997030896707412e-06
100,29,raw,longest,4,random_mean,7.710553169250488,9.078398526646197,-17.7399121356253
100,29,raw,longest,4,random_best,7.710553169250488,7.710553308017552,-1.7997030896707412e-06
100,29,raw,longest,4,model_route,7.710553169250488,7.710553308017552,-1.7997030896707412e-06
100,29,raw,longest,4,model_learned,7.710553169250488,7.710553308017552,-1.7997030896707412e-06
100,29,raw,longest,8,original_order,7.710553169250488,7.710553308017552,-1.7997030896707412e-06
100,29,raw,longest,8,exact_fixed_orientation,7.710553169250488,7.710553308017552,-1.7997030896707412e-06
100,29,raw,longest,8,exact_reversible,7.710553169250488,7.710553308017552,-1.7997030896707412e-06
100,29,raw,longest,8,greedy_pair,7.710553169250488,7.710553308017552,-1.7997030896707412e-06
100,29,raw,longest,8,random_mean,7.710553169250488,10.80103397089988,-40.08118138623516
100,29,raw,longest,8,random_best,7.710553169250488,9.75040862429887,-26.4553711033766
100,29,raw,longest,8,model_route,7.710553169250488,7.710553308017552,-1.7997030896707412e-06
100,29,raw,longest,8,model_learned,7.710553169250488,7.710553308017552,-1.7997030896707412e-06
100,29,raw,longest,12,original_order,7.710553169250488,7.710553308017552,-1.7997030896707412e-06
100,29,raw,longest,12,exact_fixed_orientation,7.710553169250488,7.710553308017552,-1.7997030896707412e-06
100,29,raw,longest,12,exact_reversible,7.710553169250488,7.710553308017552,-1.7997030896707412e-06
100,29,raw,longest,12,greedy_pair,7.710553169250488,7.939507839269936,-2.969367631527578
100,29,raw,longest,12,random_mean,7.710553169250488,12.77560364548117,-65.68984565763697
100,29,raw,longest,12,random_best,7.710553169250488,11.584524606354535,-50.24245799320024
100,29,raw,longest,12,model_route,7.710553169250488,8.023995202966034,-4.065104368458879
100,29,raw,longest,12,model_learned,7.710553169250488,8.633565661497414,-11.9707687890394
100,29,two_opt,longest,4,original_order,7.634886741638184,7.634886451996863,3.7936557608091873e-06
100,29,two_opt,longest,4,exact_fixed_orientation,7.634886741638184,7.634886451996863,3.7936557608091873e-06
100,29,two_opt,longest,4,exact_reversible,7.634886741638184,7.634886451996863,3.7936557608091873e-06
100,29,two_opt,longest,4,greedy_pair,7.634886741638184,7.634886451996863,3.7936557608091873e-06
100,29,two_opt,longest,4,random_mean,7.634886741638184,8.784902068786323,-15.062637679696422
100,29,two_opt,longest,4,random_best,7.634886741638184,7.634886451996863,3.7936557608091873e-06
100,29,two_opt,longest,4,model_route,7.634886741638184,7.634886451996863,3.7936557608091873e-06
100,29,two_opt,longest,4,model_learned,7.634886741638184,7.634886451996863,3.7936557608091873e-06
100,29,two_opt,longest,8,original_order,7.634886741638184,7.634886451996863,3.7936557608091873e-06
100,29,two_opt,longest,8,exact_fixed_orientation,7.634886741638184,7.634886451996863,3.7936557608091873e-06
100,29,two_opt,longest,8,exact_reversible,7.634886741638184,7.634886451996863,3.7936557608091873e-06
100,29,two_opt,longest,8,greedy_pair,7.634886741638184,9.070182302035391,-18.799172914636358
100,29,two_opt,longest,8,random_mean,7.634886741638184,10.69632665347308,-40.098039636119296
100,29,two_opt,longest,8,random_best,7.634886741638184,9.449624859727919,-23.769024734744857
100,29,two_opt,longest,8,model_route,7.634886741638184,8.562913008965552,-12.155075755953463
100,29,two_opt,longest,8,model_learned,7.634886741638184,7.634886451996863,3.7936557608091873e-06
100,29,two_opt,longest,12,original_order,7.634886741638184,7.634886451996863,3.7936557608091873e-06
100,29,two_opt,longest,12,exact_fixed_orientation,7.634886741638184,7.634886451996863,3.7936557608091873e-06
100,29,two_opt,longest,12,exact_reversible,7.634886741638184,7.634886451996863,3.7936557608091873e-06
100,29,two_opt,longest,12,greedy_pair,7.634886741638184,9.070182302035391,-18.799172914636358
100,29,two_opt,longest,12,random_mean,7.634886741638184,12.53600071463734,-64.19366964895599
100,29,two_opt,longest,12,random_best,7.634886741638184,11.508478336967528,-50.735416600275656
100,29,two_opt,longest,12,model_route,7.634886741638184,8.21298932377249,-7.571855375162586
100,29,two_opt,longest,12,model_learned,7.634886741638184,8.81888356152922,-15.507719498102086
100,30,raw,longest,4,original_order,7.726775169372559,7.726775501854718,-4.302987363416769e-06
100,30,raw,longest,4,exact_fixed_orientation,7.726775169372559,7.726775501854718,-4.302987363416769e-06
100,30,raw,longest,4,exact_reversible,7.726775169372559,7.726775501854718,-4.302987363416769e-06
100,30,raw,longest,4,greedy_pair,7.726775169372559,7.726775501854718,-4.302987363416769e-06
100,30,raw,longest,4,random_mean,7.726775169372559,9.317622131668031,-20.588756983654477
100,30,raw,longest,4,random_best,7.726775169372559,7.726775501854718,-4.302987363416769e-06
100,30,raw,longest,4,model_route,7.726775169372559,7.726775501854718,-4.302987363416769e-06
100,30,raw,longest,4,model_learned,7.726775169372559,7.726775501854718,-4.302987363416769e-06
100,30,raw,longest,8,original_order,7.726775169372559,7.726775501854718,-4.302987363416769e-06
100,30,raw,longest,8,exact_fixed_orientation,7.726775169372559,7.726775501854718,-4.302987363416769e-06
100,30,raw,longest,8,exact_reversible,7.726775169372559,7.726775501854718,-4.302987363416769e-06
100,30,raw,longest,8,greedy_pair,7.726775169372559,8.858577911742032,-14.647802188624823
100,30,raw,longest,8,random_mean,7.726775169372559,11.514813317917287,-49.02482685868458
100,30,raw,longest,8,random_best,7.726775169372559,10.337083299644291,-33.78263341501755
100,30,raw,longest,8,model_route,7.726775169372559,7.726775501854718,-4.302987363416769e-06
100,30,raw,longest,8,model_learned,7.726775169372559,7.726775501854718,-4.302987363416769e-06
100,30,raw,longest,12,original_order,7.726775169372559,7.726775501854718,-4.302987363416769e-06
100,30,raw,longest,12,exact_fixed_orientation,7.726775169372559,7.726775501854718,-4.302987363416769e-06
100,30,raw,longest,12,exact_reversible,7.726775169372559,7.726775501854718,-4.302987363416769e-06
100,30,raw,longest,12,greedy_pair,7.726775169372559,8.858577911742032,-14.647802188624823
100,30,raw,longest,12,random_mean,7.726775169372559,12.534341816790402,-62.21957468717489
100,30,raw,longest,12,random_best,7.726775169372559,11.596389819867909,-50.08059074675492
100,30,raw,longest,12,model_route,7.726775169372559,7.726775501854718,-4.302987363416769e-06
100,30,raw,longest,12,model_learned,7.726775169372559,8.431749840267003,-9.12378910271425
100,30,two_opt,longest,4,original_order,7.726775169372559,7.726775501854718,-4.302987363416769e-06
100,30,two_opt,longest,4,exact_fixed_orientation,7.726775169372559,7.726775501854718,-4.302987363416769e-06
100,30,two_opt,longest,4,exact_reversible,7.726775169372559,7.726775501854718,-4.302987363416769e-06
100,30,two_opt,longest,4,greedy_pair,7.726775169372559,7.726775501854718,-4.302987363416769e-06
100,30,two_opt,longest,4,random_mean,7.726775169372559,9.317622131668031,-20.588756983654477
100,30,two_opt,longest,4,random_best,7.726775169372559,7.726775501854718,-4.302987363416769e-06
100,30,two_opt,longest,4,model_route,7.726775169372559,7.726775501854718,-4.302987363416769e-06
100,30,two_opt,longest,4,model_learned,7.726775169372559,7.726775501854718,-4.302987363416769e-06
100,30,two_opt,longest,8,original_order,7.726775169372559,7.726775501854718,-4.302987363416769e-06
100,30,two_opt,longest,8,exact_fixed_orientation,7.726775169372559,7.726775501854718,-4.302987363416769e-06
100,30,two_opt,longest,8,exact_reversible,7.726775169372559,7.726775501854718,-4.302987363416769e-06
100,30,two_opt,longest,8,greedy_pair,7.726775169372559,8.858577911742032,-14.647802188624823
100,30,two_opt,longest,8,random_mean,7.726775169372559,11.514813317917287,-49.02482685868458
100,30,two_opt,longest,8,random_best,7.726775169372559,10.337083299644291,-33.78263341501755
100,30,two_opt,longest,8,model_route,7.726775169372559,7.726775501854718,-4.302987363416769e-06
100,30,two_opt,longest,8,model_learned,7.726775169372559,7.726775501854718,-4.302987363416769e-06
100,30,two_opt,longest,12,original_order,7.726775169372559,7.726775501854718,-4.302987363416769e-06
100,30,two_opt,longest,12,exact_fixed_orientation,7.726775169372559,7.726775501854718,-4.302987363416769e-06
100,30,two_opt,longest,12,exact_reversible,7.726775169372559,7.726775501854718,-4.302987363416769e-06
100,30,two_opt,longest,12,greedy_pair,7.726775169372559,8.858577911742032,-14.647802188624823
100,30,two_opt,longest,12,random_mean,7.726775169372559,12.534341816790402,-62.21957468717489
100,30,two_opt,longest,12,random_best,7.726775169372559,11.596389819867909,-50.08059074675492
100,30,two_opt,longest,12,model_route,7.726775169372559,7.726775501854718,-4.302987363416769e-06
100,30,two_opt,longest,12,model_learned,7.726775169372559,8.431749840267003,-9.12378910271425
100,31,raw,longest,4,original_order,7.690843105316162,7.690842906013131,2.5914328018204875e-06
100,31,raw,longest,4,exact_fixed_orientation,7.690843105316162,7.690842906013131,2.5914328018204875e-06
100,31,raw,longest,4,exact_reversible,7.690843105316162,7.690842906013131,2.5914328018204875e-06
100,31,raw,longest,4,greedy_pair,7.690843105316162,7.690842906013131,2.5914328018204875e-06
100,31,raw,longest,4,random_mean,7.690843105316162,8.959751406684518,-16.498949256827835
100,31,raw,longest,4,random_best,7.690843105316162,7.690842906013131,2.5914328018204875e-06
100,31,raw,longest,4,model_route,7.690843105316162,7.690842906013131,2.5914328018204875e-06
100,31,raw,longest,4,model_learned,7.690843105316162,7.690842906013131,2.5914328018204875e-06
100,31,raw,longest,8,original_order,7.690843105316162,7.690842906013131,2.5914328018204875e-06
100,31,raw,longest,8,exact_fixed_orientation,7.690843105316162,7.690842906013131,2.5914328018204875e-06
100,31,raw,longest,8,exact_reversible,7.690843105316162,7.690842906013131,2.5914328018204875e-06
100,31,raw,longest,8,greedy_pair,7.690843105316162,8.203475007787347,-6.665483815640925
100,31,raw,longest,8,random_mean,7.690843105316162,10.350555093958974,-34.58284029750044
100,31,raw,longest,8,random_best,7.690843105316162,9.158935049548745,-19.08882971774304
100,31,raw,longest,8,model_route,7.690843105316162,7.690842906013131,2.5914328018204875e-06
100,31,raw,longest,8,model_learned,7.690843105316162,8.527185807004571,-10.87452559148296
100,31,raw,longest,12,original_order,7.690843105316162,7.690842906013131,2.5914328018204875e-06
100,31,raw,longest,12,exact_fixed_orientation,7.690843105316162,7.690842906013131,2.5914328018204875e-06
100,31,raw,longest,12,exact_reversible,7.690843105316162,7.690842906013131,2.5914328018204875e-06
100,31,raw,longest,12,greedy_pair,7.690843105316162,8.203475007787347,-6.665483815640925
100,31,raw,longest,12,random_mean,7.690843105316162,12.852462410926819,-67.11382919829397
100,31,raw,longest,12,random_best,7.690843105316162,12.188090713694692,-58.47535240017944
100,31,raw,longest,12,model_route,7.690843105316162,7.690842906013131,2.5914328018204875e-06
100,31,raw,longest,12,model_learned,7.690843105316162,7.690842906013131,2.5914328018204875e-06
100,31,two_opt,longest,4,original_order,7.676248550415039,7.676248641684651,-1.1889871948893855e-06
100,31,two_opt,longest,4,exact_fixed_orientation,7.676248550415039,7.676248641684651,-1.1889871948893855e-06
100,31,two_opt,longest,4,exact_reversible,7.676248550415039,7.676248641684651,-1.1889871948893855e-06
100,31,two_opt,longest,4,greedy_pair,7.676248550415039,7.676248641684651,-1.1889871948893855e-06
100,31,two_opt,longest,4,random_mean,7.676248550415039,8.945157142356038,-16.530321857183633
100,31,two_opt,longest,4,random_best,7.676248550415039,7.676248641684651,-1.1889871948893855e-06
100,31,two_opt,longest,4,model_route,7.676248550415039,7.676248641684651,-1.1889871948893855e-06
100,31,two_opt,longest,4,model_learned,7.676248550415039,7.676248641684651,-1.1889871948893855e-06
100,31,two_opt,longest,8,original_order,7.676248550415039,7.676248641684651,-1.1889871948893855e-06
100,31,two_opt,longest,8,exact_fixed_orientation,7.676248550415039,7.676248641684651,-1.1889871948893855e-06
100,31,two_opt,longest,8,exact_reversible,7.676248550415039,7.676248641684651,-1.1889871948893855e-06
100,31,two_opt,longest,8,greedy_pair,7.676248550415039,8.188880743458867,-6.6781604279360005
100,31,two_opt,longest,8,random_mean,7.676248550415039,11.15004289150238,-45.25380227428306
100,31,two_opt,longest,8,random_best,7.676248550415039,10.003380673006177,-30.316007973260774
100,31,two_opt,longest,8,model_route,7.676248550415039,7.676248641684651,-1.1889871948893855e-06
100,31,two_opt,longest,8,model_learned,7.676248550415039,7.676248641684651,-1.1889871948893855e-06
100,31,two_opt,longest,12,original_order,7.676248550415039,7.676248641684651,-1.1889871948893855e-06
100,31,two_opt,longest,12,exact_fixed_orientation,7.676248550415039,7.676248641684651,-1.1889871948893855e-06
100,31,two_opt,longest,12,exact_reversible,7.676248550415039,7.676248641684651,-1.1889871948893855e-06
100,31,two_opt,longest,12,greedy_pair,7.676248550415039,8.188880743458867,-6.6781604279360005
100,31,two_opt,longest,12,random_mean,7.676248550415039,12.845377054065466,-67.33925392985019
100,31,two_opt,longest,12,random_best,7.676248550415039,12.182054976001382,-58.6980267248215
100,31,two_opt,longest,12,model_route,7.676248550415039,7.676248641684651,-1.1889871948893855e-06
100,31,two_opt,longest,12,model_learned,7.676248550415039,7.676248641684651,-1.1889871948893855e-06
100,32,raw,longest,4,original_order,7.6209869384765625,7.620986722409725,2.835155591461791e-06
100,32,raw,longest,4,exact_fixed_orientation,7.6209869384765625,7.620986722409725,2.835155591461791e-06
100,32,raw,longest,4,exact_reversible,7.6209869384765625,7.620986722409725,2.835155591461791e-06
100,32,raw,longest,4,greedy_pair,7.6209869384765625,7.620986722409725,2.835155591461791e-06
100,32,raw,longest,4,random_mean,7.6209869384765625,8.432887304574251,-10.653480614152421
100,32,raw,longest,4,random_best,7.6209869384765625,7.620986722409725,2.835155591461791e-06
100,32,raw,longest,4,model_route,7.6209869384765625,7.620986722409725,2.835155591461791e-06
100,32,raw,longest,4,model_learned,7.6209869384765625,7.620986722409725,2.835155591461791e-06
100,32,raw,longest,8,original_order,7.6209869384765625,7.620986722409725,2.835155591461791e-06
100,32,raw,longest,8,exact_fixed_orientation,7.6209869384765625,7.620986722409725,2.835155591461791e-06
100,32,raw,longest,8,exact_reversible,7.6209869384765625,7.620986722409725,2.835155591461791e-06
100,32,raw,longest,8,greedy_pair,7.6209869384765625,7.620986722409725,2.835155591461791e-06
100,32,raw,longest,8,random_mean,7.6209869384765625,11.046949656680226,-44.954318198694025
100,32,raw,longest,8,random_best,7.6209869384765625,9.971444457769394,-30.84190457571744
100,32,raw,longest,8,model_route,7.6209869384765625,7.620986722409725,2.835155591461791e-06
100,32,raw,longest,8,model_learned,7.6209869384765625,8.418168984353542,-10.460351819423755
100,32,raw,longest,12,original_order,7.6209869384765625,7.620986722409725,2.835155591461791e-06
100,32,raw,longest,12,exact_fixed_orientation,7.6209869384765625,7.620986722409725,2.835155591461791e-06
100,32,raw,longest,12,exact_reversible,7.6209869384765625,7.620986722409725,2.835155591461791e-06
100,32,raw,longest,12,greedy_pair,7.6209869384765625,7.620986722409725,2.835155591461791e-06
100,32,raw,longest,12,random_mean,7.6209869384765625,12.65456605143845,-66.04891405270014
100,32,raw,longest,12,random_best,7.6209869384765625,11.63446943461895,-52.663553008853256
100,32,raw,longest,12,model_route,7.6209869384765625,7.620986722409725,2.835155591461791e-06
100,32,raw,longest,12,model_learned,7.6209869384765625,8.706530161201954,-14.244129159239732
100,32,two_opt,longest,4,original_order,7.6209869384765625,7.620986722409725,2.835155591461791e-06
100,32,two_opt,longest,4,exact_fixed_orientation,7.6209869384765625,7.620986722409725,2.835155591461791e-06
100,32,two_opt,longest,4,exact_reversible,7.6209869384765625,7.620986722409725,2.835155591461791e-06
100,32,two_opt,longest,4,greedy_pair,7.6209869384765625,7.620986722409725,2.835155591461791e-06
100,32,two_opt,longest,4,random_mean,7.6209869384765625,8.432887304574251,-10.653480614152421
100,32,two_opt,longest,4,random_best,7.6209869384765625,7.620986722409725,2.835155591461791e-06
100,32,two_opt,longest,4,model_route,7.6209869384765625,7.620986722409725,2.835155591461791e-06
100,32,two_opt,longest,4,model_learned,7.6209869384765625,7.620986722409725,2.835155591461791e-06
100,32,two_opt,longest,8,original_order,7.6209869384765625,7.620986722409725,2.835155591461791e-06
100,32,two_opt,longest,8,exact_fixed_orientation,7.6209869384765625,7.620986722409725,2.835155591461791e-06
100,32,two_opt,longest,8,exact_reversible,7.6209869384765625,7.620986722409725,2.835155591461791e-06
100,32,two_opt,longest,8,greedy_pair,7.6209869384765625,7.620986722409725,2.835155591461791e-06
100,32,two_opt,longest,8,random_mean,7.6209869384765625,11.046949656680226,-44.954318198694025
100,32,two_opt,longest,8,random_best,7.6209869384765625,9.971444457769394,-30.84190457571744
100,32,two_opt,longest,8,model_route,7.6209869384765625,7.620986722409725,2.835155591461791e-06
100,32,two_opt,longest,8,model_learned,7.6209869384765625,8.418168984353542,-10.460351819423755
100,32,two_opt,longest,12,original_order,7.6209869384765625,7.620986722409725,2.835155591461791e-06
100,32,two_opt,longest,12,exact_fixed_orientation,7.6209869384765625,7.620986722409725,2.835155591461791e-06
100,32,two_opt,longest,12,exact_reversible,7.6209869384765625,7.620986722409725,2.835155591461791e-06
100,32,two_opt,longest,12,greedy_pair,7.6209869384765625,7.620986722409725,2.835155591461791e-06
100,32,two_opt,longest,12,random_mean,7.6209869384765625,12.65456605143845,-66.04891405270014
100,32,two_opt,longest,12,random_best,7.6209869384765625,11.63446943461895,-52.663553008853256
100,32,two_opt,longest,12,model_route,7.6209869384765625,7.620986722409725,2.835155591461791e-06
100,32,two_opt,longest,12,model_learned,7.6209869384765625,8.706530161201954,-14.244129159239732
100,33,raw,longest,4,original_order,7.758317947387695,7.758318684995174,-9.507311818070293e-06
100,33,raw,longest,4,exact_fixed_orientation,7.758317947387695,7.758318684995174,-9.507311818070293e-06
100,33,raw,longest,4,exact_reversible,7.758317947387695,7.758318684995174,-9.507311818070293e-06
100,33,raw,longest,4,greedy_pair,7.758317947387695,7.758318684995174,-9.507311818070293e-06
100,33,raw,longest,4,random_mean,7.758317947387695,9.115946851670742,-17.49901091305718
100,33,raw,longest,4,random_best,7.758317947387695,7.758318684995174,-9.507311818070293e-06
100,33,raw,longest,4,model_route,7.758317947387695,7.758318684995174,-9.507311818070293e-06
100,33,raw,longest,4,model_learned,7.758317947387695,7.758318684995174,-9.507311818070293e-06
100,33,raw,longest,8,original_order,7.758317947387695,7.758318684995174,-9.507311818070293e-06
100,33,raw,longest,8,exact_fixed_orientation,7.758317947387695,7.758318684995174,-9.507311818070293e-06
100,33,raw,longest,8,exact_reversible,7.758317947387695,7.758318684995174,-9.507311818070293e-06
100,33,raw,longest,8,greedy_pair,7.758317947387695,7.758318684995174,-9.507311818070293e-06
100,33,raw,longest,8,random_mean,7.758317947387695,11.250297404825687,-45.009491504711754
100,33,raw,longest,8,random_best,7.758317947387695,9.994876988232136,-28.827885838289376
100,33,raw,longest,8,model_route,7.758317947387695,7.758318684995174,-9.507311818070293e-06
100,33,raw,longest,8,model_learned,7.758317947387695,9.056596659123898,-16.73402302587181
100,33,raw,longest,12,original_order,7.758317947387695,7.758318684995174,-9.507311818070293e-06
100,33,raw,longest,12,exact_fixed_orientation,7.758317947387695,7.758318684995174,-9.507311818070293e-06
100,33,raw,longest,12,exact_reversible,7.758317947387695,7.758318684995174,-9.507311818070293e-06
100,33,raw,longest,12,greedy_pair,7.758317947387695,9.871763214468956,-27.24102416803992
100,33,raw,longest,12,random_mean,7.758317947387695,13.129943571984768,-69.23698746331675
100,33,raw,longest,12,random_best,7.758317947387695,11.49938865751028,-48.220126263093434
100,33,raw,longest,12,model_route,7.758317947387695,7.758318684995174,-9.507311818070293e-06
100,33,raw,longest,12,model_learned,7.758317947387695,7.758318684995174,-9.507311818070293e-06
100,33,two_opt,longest,4,original_order,7.74650764465332,7.746508505195379,-1.110877441060363e-05
100,33,two_opt,longest,4,exact_fixed_orientation,7.74650764465332,7.746508505195379,-1.110877441060363e-05
100,33,two_opt,longest,4,exact_reversible,7.74650764465332,7.746508505195379,-1.110877441060363e-05
100,33,two_opt,longest,4,greedy_pair,7.74650764465332,7.746508505195379,-1.110877441060363e-05
100,33,two_opt,longest,4,random_mean,7.74650764465332,9.104136671870947,-17.525691440512155
100,33,two_opt,longest,4,random_best,7.74650764465332,7.746508505195379,-1.110877441060363e-05
100,33,two_opt,longest,4,model_route,7.74650764465332,7.746508505195379,-1.110877441060363e-05
100,33,two_opt,longest,4,model_learned,7.74650764465332,7.746508505195379,-1.110877441060363e-05
100,33,two_opt,longest,8,original_order,7.74650764465332,7.746508505195379,-1.110877441060363e-05
100,33,two_opt,longest,8,exact_fixed_orientation,7.74650764465332,7.746508505195379,-1.110877441060363e-05
100,33,two_opt,longest,8,exact_reversible,7.74650764465332,7.746508505195379,-1.110877441060363e-05
100,33,two_opt,longest,8,greedy_pair,7.74650764465332,7.746508505195379,-1.110877441060363e-05
100,33,two_opt,longest,8,random_mean,7.74650764465332,11.238487225025892,-45.07811442983283
100,33,two_opt,longest,8,random_best,7.74650764465332,9.98306680843234,-28.871838335081293
100,33,two_opt,longest,8,model_route,7.74650764465332,7.746508505195379,-1.110877441060363e-05
100,33,two_opt,longest,8,model_learned,7.74650764465332,9.044786479324102,-16.75953725504758
100,33,two_opt,longest,12,original_order,7.74650764465332,7.746508505195379,-1.110877441060363e-05
100,33,two_opt,longest,12,exact_fixed_orientation,7.74650764465332,7.746508505195379,-1.110877441060363e-05
100,33,two_opt,longest,12,exact_reversible,7.74650764465332,7.746508505195379,-1.110877441060363e-05
100,33,two_opt,longest,12,greedy_pair,7.74650764465332,9.85995303466916,-27.282557340204157
100,33,two_opt,longest,12,random_mean,7.74650764465332,13.118133392184973,-69.34254755740383
100,33,two_opt,longest,12,random_best,7.74650764465332,11.487578477710485,-48.29364411250884
100,33,two_opt,longest,12,model_route,7.74650764465332,7.746508505195379,-1.110877441060363e-05
100,33,two_opt,longest,12,model_learned,7.74650764465332,7.746508505195379,-1.110877441060363e-05
100,34,raw,longest,4,original_order,7.3474907875061035,7.347490901593119,-1.5527343781688456e-06
100,34,raw,longest,4,exact_fixed_orientation,7.3474907875061035,7.347490901593119,-1.5527343781688456e-06
100,34,raw,longest,4,exact_reversible,7.3474907875061035,7.347490901593119,-1.5527343781688456e-06
100,34,raw,longest,4,greedy_pair,7.3474907875061035,7.347490901593119,-1.5527343781688456e-06
100,34,raw,longest,4,random_mean,7.3474907875061035,8.097217098344117,-10.203841454457775
100,34,raw,longest,4,random_best,7.3474907875061035,7.347490901593119,-1.5527343781688456e-06
100,34,raw,longest,4,model_route,7.3474907875061035,7.347490901593119,-1.5527343781688456e-06
100,34,raw,longest,4,model_learned,7.3474907875061035,7.347490901593119,-1.5527343781688456e-06
100,34,raw,longest,8,original_order,7.3474907875061035,7.347490901593119,-1.5527343781688456e-06
100,34,raw,longest,8,exact_fixed_orientation,7.3474907875061035,7.347490901593119,-1.5527343781688456e-06
100,34,raw,longest,8,exact_reversible,7.3474907875061035,7.347490901593119,-1.5527343781688456e-06
100,34,raw,longest,8,greedy_pair,7.3474907875061035,7.347490901593119,-1.5527343781688456e-06
100,34,raw,longest,8,random_mean,7.3474907875061035,10.449954821262509,-42.22481012200695
100,34,raw,longest,8,random_best,7.3474907875061035,9.656285832170397,-31.422904926811732
100,34,raw,longest,8,model_route,7.3474907875061035,7.347490901593119,-1.5527343781688456e-06
100,34,raw,longest,8,model_learned,7.3474907875061035,8.375968734268099,-13.99767589380106
100,34,raw,longest,12,original_order,7.3474907875061035,7.347490901593119,-1.5527343781688456e-06
100,34,raw,longest,12,exact_fixed_orientation,7.3474907875061035,7.347490901593119,-1.5527343781688456e-06
100,34,raw,longest,12,exact_reversible,7.3474907875061035,7.347490901593119,-1.5527343781688456e-06
100,34,raw,longest,12,greedy_pair,7.3474907875061035,8.01462339842692,-9.079733887590974
100,34,raw,longest,12,random_mean,7.3474907875061035,11.606271336320788,-57.96238024628005
100,34,raw,longest,12,random_best,7.3474907875061035,10.307480449322611,-40.28572130841952
100,34,raw,longest,12,model_route,7.3474907875061035,7.554221967700869,-2.813629661792803
100,34,raw,longest,12,model_learned,7.3474907875061035,7.347490901593119,-1.5527343781688456e-06
100,34,two_opt,longest,4,original_order,7.337338447570801,7.337338639888912,-2.6210881920237408e-06
100,34,two_opt,longest,4,exact_fixed_orientation,7.337338447570801,7.337338639888912,-2.6210881920237408e-06
100,34,two_opt,longest,4,exact_reversible,7.337338447570801,7.337338639888912,-2.6210881920237408e-06
100,34,two_opt,longest,4,greedy_pair,7.337338447570801,7.337338639888912,-2.6210881920237408e-06
100,34,two_opt,longest,4,random_mean,7.337338447570801,8.087064836639911,-10.217961109826204
100,34,two_opt,longest,4,random_best,7.337338447570801,7.337338639888912,-2.6210881920237408e-06
100,34,two_opt,longest,4,model_route,7.337338447570801,7.337338639888912,-2.6210881920237408e-06
100,34,two_opt,longest,4,model_learned,7.337338447570801,7.337338639888912,-2.6210881920237408e-06
100,34,two_opt,longest,8,original_order,7.337338447570801,7.337338639888912,-2.6210881920237408e-06
100,34,two_opt,longest,8,exact_fixed_orientation,7.337338447570801,7.337338639888912,-2.6210881920237408e-06
100,34,two_opt,longest,8,exact_reversible,7.337338447570801,7.337338639888912,-2.6210881920237408e-06
100,34,two_opt,longest,8,greedy_pair,7.337338447570801,7.337338639888912,-2.6210881920237408e-06
100,34,two_opt,longest,8,random_mean,7.337338447570801,10.439802559558302,-42.28323572854467
100,34,two_opt,longest,8,random_best,7.337338447570801,9.64613357046619,-31.466384430716438
100,34,two_opt,longest,8,model_route,7.337338447570801,7.337338639888912,-2.6210881920237408e-06
100,34,two_opt,longest,8,model_learned,7.337338447570801,8.365816472563893,-14.01704490452657
100,34,two_opt,longest,12,original_order,7.337338447570801,7.337338639888912,-2.6210881920237408e-06
100,34,two_opt,longest,12,exact_fixed_orientation,7.337338447570801,7.337338639888912,-2.6210881920237408e-06
100,34,two_opt,longest,12,exact_reversible,7.337338447570801,7.337338639888912,-2.6210881920237408e-06
100,34,two_opt,longest,12,greedy_pair,7.337338447570801,8.004471136722714,-9.092298166684445
100,34,two_opt,longest,12,random_mean,7.337338447570801,11.596119074616581,-58.042581209481355
100,34,two_opt,longest,12,random_best,7.337338447570801,10.297328187618405,-40.3414638863712
100,34,two_opt,longest,12,model_route,7.337338447570801,7.544069705996662,-2.8175238187943323
100,34,two_opt,longest,12,model_learned,7.337338447570801,7.337338639888912,-2.6210881920237408e-06
100,35,raw,longest,4,original_order,7.8336687088012695,7.833667776547372,1.1900604070002216e-05
100,35,raw,longest,4,exact_fixed_orientation,7.8336687088012695,7.833667776547372,1.1900604070002216e-05
100,35,raw,longest,4,exact_reversible,7.8336687088012695,7.833667776547372,1.1900604070002216e-05
100,35,raw,longest,4,greedy_pair,7.8336687088012695,7.833667776547372,1.1900604070002216e-05
100,35,raw,longest,4,random_mean,7.8336687088012695,8.574746294878423,-9.460159902403577
100,35,raw,longest,4,random_best,7.8336687088012695,7.833667776547372,1.1900604070002216e-05
100,35,raw,longest,4,model_route,7.8336687088012695,7.833667776547372,1.1900604070002216e-05
100,35,raw,longest,4,model_learned,7.8336687088012695,7.833667776547372,1.1900604070002216e-05
100,35,raw,longest,8,original_order,7.8336687088012695,7.833667776547372,1.1900604070002216e-05
100,35,raw,longest,8,exact_fixed_orientation,7.8336687088012695,7.833667776547372,1.1900604070002216e-05
100,35,raw,longest,8,exact_reversible,7.8336687088012695,7.833667776547372,1.1900604070002216e-05
100,35,raw,longest,8,greedy_pair,7.8336687088012695,7.833667776547372,1.1900604070002216e-05
100,35,raw,longest,8,random_mean,7.8336687088012695,11.970566702075303,-52.809202776550315
100,35,raw,longest,8,random_best,7.8336687088012695,11.5033865487203,-46.84545615001609
100,35,raw,longest,8,model_route,7.8336687088012695,7.833667776547372,1.1900604070002216e-05
100,35,raw,longest,8,model_learned,7.8336687088012695,7.833667776547372,1.1900604070002216e-05
100,35,raw,longest,12,original_order,7.8336687088012695,7.833667776547372,1.1900604070002216e-05
100,35,raw,longest,12,exact_fixed_orientation,7.8336687088012695,7.833667776547372,1.1900604070002216e-05
100,35,raw,longest,12,exact_reversible,7.8336687088012695,7.833667776547372,1.1900604070002216e-05
100,35,raw,longest,12,greedy_pair,7.8336687088012695,7.833667776547372,1.1900604070002216e-05
100,35,raw,longest,12,random_mean,7.8336687088012695,13.265002149157226,-69.33320315491201
100,35,raw,longest,12,random_best,7.8336687088012695,11.746841466985643,-49.95325821971323
100,35,raw,longest,12,model_route,7.8336687088012695,7.833667776547372,1.1900604070002216e-05
100,35,raw,longest,12,model_learned,7.8336687088012695,7.833667776547372,1.1900604070002216e-05
100,35,two_opt,longest,4,original_order,7.820817470550537,7.8208175068721175,-4.64421788985274e-07
100,35,two_opt,longest,4,exact_fixed_orientation,7.820817470550537,7.8208175068721175,-4.64421788985274e-07
100,35,two_opt,longest,4,exact_reversible,7.820817470550537,7.8208175068721175,-4.64421788985274e-07
100,35,two_opt,longest,4,greedy_pair,7.820817470550537,7.8208175068721175,-4.64421788985274e-07
100,35,two_opt,longest,4,random_mean,7.820817470550537,9.114767921157181,-16.54495141305936
100,35,two_opt,longest,4,random_best,7.820817470550537,7.8208175068721175,-4.64421788985274e-07
100,35,two_opt,longest,4,model_route,7.820817470550537,7.8208175068721175,-4.64421788985274e-07
100,35,two_opt,longest,4,model_learned,7.820817470550537,7.8208175068721175,-4.64421788985274e-07
100,35,two_opt,longest,8,original_order,7.820817470550537,7.8208175068721175,-4.64421788985274e-07
100,35,two_opt,longest,8,exact_fixed_orientation,7.820817470550537,7.8208175068721175,-4.64421788985274e-07
100,35,two_opt,longest,8,exact_reversible,7.820817470550537,7.8208175068721175,-4.64421788985274e-07
100,35,two_opt,longest,8,greedy_pair,7.820817470550537,7.8208175068721175,-4.64421788985274e-07
100,35,two_opt,longest,8,random_mean,7.820817470550537,11.960721616633236,-52.93441717149903
100,35,two_opt,longest,8,random_best,7.820817470550537,11.497227138839662,-47.00799733701404
100,35,two_opt,longest,8,model_route,7.820817470550537,7.8208175068721175,-4.64421788985274e-07
100,35,two_opt,longest,8,model_learned,7.820817470550537,7.8208175068721175,-4.64421788985274e-07
100,35,two_opt,longest,12,original_order,7.820817470550537,7.8208175068721175,-4.64421788985274e-07
100,35,two_opt,longest,12,exact_fixed_orientation,7.820817470550537,7.8208175068721175,-4.64421788985274e-07
100,35,two_opt,longest,12,exact_reversible,7.820817470550537,7.8208175068721175,-4.64421788985274e-07
100,35,two_opt,longest,12,greedy_pair,7.820817470550537,7.8208175068721175,-4.64421788985274e-07
100,35,two_opt,longest,12,random_mean,7.820817470550537,13.253128412179649,-69.45963081333377
100,35,two_opt,longest,12,random_best,7.820817470550537,11.724703661166131,-49.916600218784865
100,35,two_opt,longest,12,model_route,7.820817470550537,7.8208175068721175,-4.64421788985274e-07
100,35,two_opt,longest,12,model_learned,7.820817470550537,7.8208175068721175,-4.64421788985274e-07
100,36,raw,longest,4,original_order,7.449422359466553,7.449422022327781,4.525703547770722e-06
100,36,raw,longest,4,exact_fixed_orientation,7.449422359466553,7.449422022327781,4.525703547770722e-06
100,36,raw,longest,4,exact_reversible,7.449422359466553,7.449422022327781,4.525703547770722e-06
100,36,raw,longest,4,greedy_pair,7.449422359466553,7.449422022327781,4.525703547770722e-06
100,36,raw,longest,4,random_mean,7.449422359466553,8.729760838672519,-17.187084010331912
100,36,raw,longest,4,random_best,7.449422359466553,7.449422022327781,4.525703547770722e-06
100,36,raw,longest,4,model_route,7.449422359466553,7.449422022327781,4.525703547770722e-06
100,36,raw,longest,4,model_learned,7.449422359466553,7.449422022327781,4.525703547770722e-06
100,36,raw,longest,8,original_order,7.449422359466553,7.449422022327781,4.525703547770722e-06
100,36,raw,longest,8,exact_fixed_orientation,7.449422359466553,7.449422022327781,4.525703547770722e-06
100,36,raw,longest,8,exact_reversible,7.449422359466553,7.449422022327781,4.525703547770722e-06
100,36,raw,longest,8,greedy_pair,7.449422359466553,7.449422022327781,4.525703547770722e-06
100,36,raw,longest,8,random_mean,7.449422359466553,10.682323539629579,-43.398011606292265
100,36,raw,longest,8,random_best,7.449422359466553,10.19857438467443,-36.90423085911243
100,36,raw,longest,8,model_route,7.449422359466553,7.449422022327781,4.525703547770722e-06
100,36,raw,longest,8,model_learned,7.449422359466553,7.449422022327781,4.525703547770722e-06
100,36,raw,longest,12,original_order,7.449422359466553,7.449422022327781,4.525703547770722e-06
100,36,raw,longest,12,exact_fixed_orientation,7.449422359466553,7.449422022327781,4.525703547770722e-06
100,36,raw,longest,12,exact_reversible,7.449422359466553,7.449422022327781,4.525703547770722e-06
100,36,raw,longest,12,greedy_pair,7.449422359466553,8.674327058717608,-16.442948730037777
100,36,raw,longest,12,random_mean,7.449422359466553,12.300145122222602,-65.11542142045234
100,36,raw,longest,12,random_best,7.449422359466553,10.668600162491202,-43.21379091808096
100,36,raw,longest,12,model_route,7.449422359466553,7.449422022327781,4.525703547770722e-06
100,36,raw,longest,12,model_learned,7.449422359466553,7.449422022327781,4.525703547770722e-06
100,36,two_opt,longest,4,original_order,7.428232669830322,7.428232172504067,6.6950818175708215e-06
100,36,two_opt,longest,4,exact_fixed_orientation,7.428232669830322,7.428232172504067,6.6950818175708215e-06
100,36,two_opt,longest,4,exact_reversible,7.428232669830322,7.428232172504067,6.6950818175708215e-06
100,36,two_opt,longest,4,greedy_pair,7.428232669830322,7.428232172504067,6.6950818175708215e-06
100,36,two_opt,longest,4,random_mean,7.428232669830322,8.708570988848805,-17.236109528698016
100,36,two_opt,longest,4,random_best,7.428232669830322,7.428232172504067,6.6950818175708215e-06
100,36,two_opt,longest,4,model_route,7.428232669830322,7.428232172504067,6.6950818175708215e-06
100,36,two_opt,longest,4,model_learned,7.428232669830322,7.428232172504067,6.6950818175708215e-06
100,36,two_opt,longest,8,original_order,7.428232669830322,7.428232172504067,6.6950818175708215e-06
100,36,two_opt,longest,8,exact_fixed_orientation,7.428232669830322,7.428232172504067,6.6950818175708215e-06
100,36,two_opt,longest,8,exact_reversible,7.428232669830322,7.428232172504067,6.6950818175708215e-06
100,36,two_opt,longest,8,greedy_pair,7.428232669830322,7.428232172504067,6.6950818175708215e-06
100,36,two_opt,longest,8,random_mean,7.428232669830322,10.661133689805865,-43.52180611016577
100,36,two_opt,longest,8,random_best,7.428232669830322,10.177384534850717,-37.00950127997527
100,36,two_opt,longest,8,model_route,7.428232669830322,7.428232172504067,6.6950818175708215e-06
100,36,two_opt,longest,8,model_learned,7.428232669830322,7.428232172504067,6.6950818175708215e-06
100,36,two_opt,longest,12,original_order,7.428232669830322,7.428232172504067,6.6950818175708215e-06
100,36,two_opt,longest,12,exact_fixed_orientation,7.428232669830322,7.428232172504067,6.6950818175708215e-06
100,36,two_opt,longest,12,exact_reversible,7.428232669830322,7.428232172504067,6.6950818175708215e-06
100,36,two_opt,longest,12,greedy_pair,7.428232669830322,8.923331247642636,-20.127244854413878
100,36,two_opt,longest,12,random_mean,7.428232669830322,12.262551286257803,-65.08033379274734
100,36,two_opt,longest,12,random_best,7.428232669830322,10.619301671162248,-42.95865710147198
100,36,two_opt,longest,12,model_route,7.428232669830322,7.428232172504067,6.6950818175708215e-06
100,36,two_opt,longest,12,model_learned,7.428232669830322,7.428232172504067,6.6950818175708215e-06
100,37,raw,longest,4,original_order,7.946717262268066,7.946716777514666,6.100045894284195e-06
100,37,raw,longest,4,exact_fixed_orientation,7.946717262268066,7.946716777514666,6.100045894284195e-06
100,37,raw,longest,4,exact_reversible,7.946717262268066,7.946716777514666,6.100045894284195e-06
100,37,raw,longest,4,greedy_pair,7.946717262268066,7.946716777514666,6.100045894284195e-06
100,37,raw,longest,4,random_mean,7.946717262268066,8.922839954029769,-12.28334492780366
100,37,raw,longest,4,random_best,7.946717262268066,7.946716777514666,6.100045894284195e-06
100,37,raw,longest,4,model_route,7.946717262268066,7.946716777514666,6.100045894284195e-06
100,37,raw,longest,4,model_learned,7.946717262268066,7.946716777514666,6.100045894284195e-06
100,37,raw,longest,8,original_order,7.946717262268066,7.946716777514666,6.100045894284195e-06
100,37,raw,longest,8,exact_fixed_orientation,7.946717262268066,7.946716777514666,6.100045894284195e-06
100,37,raw,longest,8,exact_reversible,7.946717262268066,7.946716777514666,6.100045894284195e-06
100,37,raw,longest,8,greedy_pair,7.946717262268066,7.946716777514666,6.100045894284195e-06
100,37,raw,longest,8,random_mean,7.946717262268066,11.041552941780537,-38.944831901936524
100,37,raw,longest,8,random_best,7.946717262268066,10.488624669145793,-31.986886194466702
100,37,raw,longest,8,model_route,7.946717262268066,7.946716777514666,6.100045894284195e-06
100,37,raw,longest,8,model_learned,7.946717262268066,8.500181085895747,-6.9646849807478475
100,37,raw,longest,12,original_order,7.946717262268066,7.946716777514666,6.100045894284195e-06
100,37,raw,longest,12,exact_fixed_orientation,7.946717262268066,7.946716777514666,6.100045894284195e-06
100,37,raw,longest,12,exact_reversible,7.946717262268066,7.946716777514666,6.100045894284195e-06
100,37,raw,longest,12,greedy_pair,7.946717262268066,7.946716777514666,6.100045894284195e-06
100,37,raw,longest,12,random_mean,7.946717262268066,13.047349925618619,-64.18540505485134
100,37,raw,longest,12,random_best,7.946717262268066,11.548037848901004,-45.318343006016136
100,37,raw,longest,12,model_route,7.946717262268066,7.946716777514666,6.100045894284195e-06
100,37,raw,longest,12,model_learned,7.946717262268066,8.329902506899089,-4.821931270292327
100,37,two_opt,longest,4,original_order,7.916368007659912,7.916368379723281,-4.699925119687128e-06
100,37,two_opt,longest,4,exact_fixed_orientation,7.916368007659912,7.916368379723281,-4.699925119687128e-06
100,37,two_opt,longest,4,exact_reversible,7.916368007659912,7.916368379723281,-4.699925119687128e-06
100,37,two_opt,longest,4,greedy_pair,7.916368007659912,7.916368379723281,-4.699925119687128e-06
100,37,two_opt,longest,4,random_mean,7.916368007659912,8.933139778207988,-12.843917432391251
100,37,two_opt,longest,4,random_best,7.916368007659912,7.916368379723281,-4.699925119687128e-06
100,37,two_opt,longest,4,model_route,7.916368007659912,7.916368379723281,-4.699925119687128e-06
100,37,two_opt,longest,4,model_learned,7.916368007659912,7.916368379723281,-4.699925119687128e-06
100,37,two_opt,longest,8,original_order,7.916368007659912,7.916368379723281,-4.699925119687128e-06
100,37,two_opt,longest,8,exact_fixed_orientation,7.916368007659912,7.916368379723281,-4.699925119687128e-06
100,37,two_opt,longest,8,exact_reversible,7.916368007659912,7.916368379723281,-4.699925119687128e-06
100,37,two_opt,longest,8,greedy_pair,7.916368007659912,7.916368379723281,-4.699925119687128e-06
100,37,two_opt,longest,8,random_mean,7.916368007659912,11.086410887073725,-40.04415757764755
100,37,two_opt,longest,8,random_best,7.916368007659912,10.556386619340628,-33.3488616133841
100,37,two_opt,longest,8,model_route,7.916368007659912,7.916368379723281,-4.699925119687128e-06
100,37,two_opt,longest,8,model_learned,7.916368007659912,8.469832688104361,-6.991396558483819
100,37,two_opt,longest,12,original_order,7.916368007659912,7.916368379723281,-4.699925119687128e-06
100,37,two_opt,longest,12,exact_fixed_orientation,7.916368007659912,7.916368379723281,-4.699925119687128e-06
100,37,two_opt,longest,12,exact_reversible,7.916368007659912,7.916368379723281,-4.699925119687128e-06
100,37,two_opt,longest,12,greedy_pair,7.916368007659912,7.916368379723281,-4.699925119687128e-06
100,37,two_opt,longest,12,random_mean,7.916368007659912,13.076496619265527,-65.18303098861311
100,37,two_opt,longest,12,random_best,7.916368007659912,11.628049805294722,-46.8861704514415
100,37,two_opt,longest,12,model_route,7.916368007659912,7.916368379723281,-4.699925119687128e-06
100,37,two_opt,longest,12,model_learned,7.916368007659912,8.469832688104361,-6.991396558483819
100,38,raw,longest,4,original_order,7.969367027282715,7.969367143698037,-1.4607850463956923e-06
100,38,raw,longest,4,exact_fixed_orientation,7.969367027282715,7.969367143698037,-1.4607850463956923e-06
100,38,raw,longest,4,exact_reversible,7.969367027282715,7.969367143698037,-1.4607850463956923e-06
100,38,raw,longest,4,greedy_pair,7.969367027282715,7.969367143698037,-1.4607850463956923e-06
100,38,raw,longest,4,random_mean,7.969367027282715,9.92025435063988,-24.479827779024397
100,38,raw,longest,4,random_best,7.969367027282715,7.969367143698037,-1.4607850463956923e-06
100,38,raw,longest,4,model_route,7.969367027282715,7.969367143698037,-1.4607850463956923e-06
100,38,raw,longest,4,model_learned,7.969367027282715,7.969367143698037,-1.4607850463956923e-06
100,38,raw,longest,8,original_order,7.969367027282715,7.969367143698037,-1.4607850463956923e-06
100,38,raw,longest,8,exact_fixed_orientation,7.969367027282715,7.969367143698037,-1.4607850463956923e-06
100,38,raw,longest,8,exact_reversible,7.969367027282715,7.969367143698037,-1.4607850463956923e-06
100,38,raw,longest,8,greedy_pair,7.969367027282715,9.615898040123284,-20.660750185099463
100,38,raw,longest,8,random_mean,7.969367027282715,10.349349916912615,-29.864139541850093
100,38,raw,longest,8,random_best,7.969367027282715,8.794870835728943,-10.358461413813155
100,38,raw,longest,8,model_route,7.969367027282715,7.969367143698037,-1.4607850463956923e-06
100,38,raw,longest,8,model_learned,7.969367027282715,7.969367143698037,-1.4607850463956923e-06
100,38,raw,longest,12,original_order,7.969367027282715,7.969367143698037,-1.4607850463956923e-06
100,38,raw,longest,12,exact_fixed_orientation,7.969367027282715,7.969367143698037,-1.4607850463956923e-06
100,38,raw,longest,12,exact_reversible,7.969367027282715,7.969367143698037,-1.4607850463956923e-06
100,38,raw,longest,12,greedy_pair,7.969367027282715,9.615898040123284,-20.660750185099463
100,38,raw,longest,12,random_mean,7.969367027282715,12.655223852954805,-58.79835637673986
100,38,raw,longest,12,random_best,7.969367027282715,12.313623649068177,-54.511940621044616
100,38,raw,longest,12,model_route,7.969367027282715,7.969367143698037,-1.4607850463956923e-06
100,38,raw,longest,12,model_learned,7.969367027282715,9.009974730201066,-13.057595406961232
100,38,two_opt,longest,4,original_order,7.96291446685791,7.962914274074137,2.4210202652280237e-06
100,38,two_opt,longest,4,exact_fixed_orientation,7.96291446685791,7.962914274074137,2.4210202652280237e-06
100,38,two_opt,longest,4,exact_reversible,7.96291446685791,7.962914274074137,2.4210202652280237e-06
100,38,two_opt,longest,4,greedy_pair,7.96291446685791,7.962914274074137,2.4210202652280237e-06
100,38,two_opt,longest,4,random_mean,7.96291446685791,9.91380148101598,-24.499660548631656
100,38,two_opt,longest,4,random_best,7.96291446685791,7.962914274074137,2.4210202652280237e-06
100,38,two_opt,longest,4,model_route,7.96291446685791,7.962914274074137,2.4210202652280237e-06
100,38,two_opt,longest,4,model_learned,7.96291446685791,7.962914274074137,2.4210202652280237e-06
100,38,two_opt,longest,8,original_order,7.96291446685791,7.962914274074137,2.4210202652280237e-06
100,38,two_opt,longest,8,exact_fixed_orientation,7.96291446685791,7.962914274074137,2.4210202652280237e-06
100,38,two_opt,longest,8,exact_reversible,7.96291446685791,7.962914274074137,2.4210202652280237e-06
100,38,two_opt,longest,8,greedy_pair,7.96291446685791,9.609445170499384,-20.677488255015497
100,38,two_opt,longest,8,random_mean,7.96291446685791,10.342897047288716,-29.88833536183799
100,38,two_opt,longest,8,random_best,7.96291446685791,8.788417966105044,-10.366851266366416
100,38,two_opt,longest,8,model_route,7.96291446685791,7.962914274074137,2.4210202652280237e-06
100,38,two_opt,longest,8,model_learned,7.96291446685791,7.962914274074137,2.4210202652280237e-06
100,38,two_opt,longest,12,original_order,7.96291446685791,7.962914274074137,2.4210202652280237e-06
100,38,two_opt,longest,12,exact_fixed_orientation,7.96291446685791,7.962914274074137,2.4210202652280237e-06
100,38,two_opt,longest,12,exact_reversible,7.96291446685791,7.962914274074137,2.4210202652280237e-06
100,38,two_opt,longest,12,greedy_pair,7.96291446685791,9.609445170499384,-20.677488255015497
100,38,two_opt,longest,12,random_mean,7.96291446685791,12.639722338877618,-58.73236352700812
100,38,two_opt,longest,12,random_best,7.96291446685791,12.300489963032305,-54.47221007116959
100,38,two_opt,longest,12,model_route,7.96291446685791,7.962914274074137,2.4210202652280237e-06
100,38,two_opt,longest,12,model_learned,7.96291446685791,8.485389874316752,-6.561359030458173
100,39,raw,longest,4,original_order,7.60223913192749,7.602239165455103,-4.4102286318973705e-07
100,39,raw,longest,4,exact_fixed_orientation,7.60223913192749,7.602239165455103,-4.4102286318973705e-07
100,39,raw,longest,4,exact_reversible,7.60223913192749,7.602239165455103,-4.4102286318973705e-07
100,39,raw,longest,4,greedy_pair,7.60223913192749,7.602239165455103,-4.4102286318973705e-07
100,39,raw,longest,4,random_mean,7.60223913192749,8.98800065368414,-18.228333754154082
100,39,raw,longest,4,random_best,7.60223913192749,7.602239165455103,-4.4102286318973705e-07
100,39,raw,longest,4,model_route,7.60223913192749,7.602239165455103,-4.4102286318973705e-07
100,39,raw,longest,4,model_learned,7.60223913192749,8.876905832439661,-16.766990335240727
100,39,raw,longest,8,original_order,7.60223913192749,7.602239165455103,-4.4102286318973705e-07
100,39,raw,longest,8,exact_fixed_orientation,7.60223913192749,7.602239165455103,-4.4102286318973705e-07
100,39,raw,longest,8,exact_reversible,7.60223913192749,7.602239165455103,-4.4102286318973705e-07
100,39,raw,longest,8,greedy_pair,7.60223913192749,7.602239165455103,-4.4102286318973705e-07
100,39,raw,longest,8,random_mean,7.60223913192749,11.22967598028481,-47.71537418657351
100,39,raw,longest,8,random_best,7.60223913192749,10.429105821996927,-37.18465890131381
100,39,raw,longest,8,model_route,7.60223913192749,7.602239165455103,-4.4102286318973705e-07
100,39,raw,longest,8,model_learned,7.60223913192749,8.603857520967722,-13.175307585809643
100,39,raw,longest,12,original_order,7.60223913192749,7.602239165455103,-4.4102286318973705e-07
100,39,raw,longest,12,exact_fixed_orientation,7.60223913192749,7.602239165455103,-4.4102286318973705e-07
100,39,raw,longest,12,exact_reversible,7.60223913192749,7.602239165455103,-4.4102286318973705e-07
100,39,raw,longest,12,greedy_pair,7.60223913192749,7.696707587689161,-1.2426398870423234
100,39,raw,longest,12,random_mean,7.60223913192749,12.458472603932023,-63.878988647036564
100,39,raw,longest,12,random_best,7.60223913192749,10.497532162815332,-38.084740306685966
100,39,raw,longest,12,model_route,7.60223913192749,8.01802945509553,-5.469313921234399
100,39,raw,longest,12,model_learned,7.60223913192749,8.725676465779543,-14.777716332730165
100,39,two_opt,longest,4,original_order,7.60223913192749,7.602239165455103,-4.4102286318973705e-07
100,39,two_opt,longest,4,exact_fixed_orientation,7.60223913192749,7.602239165455103,-4.4102286318973705e-07
100,39,two_opt,longest,4,exact_reversible,7.60223913192749,7.602239165455103,-4.4102286318973705e-07
100,39,two_opt,longest,4,greedy_pair,7.60223913192749,7.602239165455103,-4.4102286318973705e-07
100,39,two_opt,longest,4,random_mean,7.60223913192749,8.98800065368414,-18.228333754154082
100,39,two_opt,longest,4,random_best,7.60223913192749,7.602239165455103,-4.4102286318973705e-07
100,39,two_opt,longest,4,model_route,7.60223913192749,7.602239165455103,-4.4102286318973705e-07
100,39,two_opt,longest,4,model_learned,7.60223913192749,8.876905832439661,-16.766990335240727
100,39,two_opt,longest,8,original_order,7.60223913192749,7.602239165455103,-4.4102286318973705e-07
100,39,two_opt,longest,8,exact_fixed_orientation,7.60223913192749,7.602239165455103,-4.4102286318973705e-07
100,39,two_opt,longest,8,exact_reversible,7.60223913192749,7.602239165455103,-4.4102286318973705e-07
100,39,two_opt,longest,8,greedy_pair,7.60223913192749,7.602239165455103,-4.4102286318973705e-07
100,39,two_opt,longest,8,random_mean,7.60223913192749,11.22967598028481,-47.71537418657351
100,39,two_opt,longest,8,random_best,7.60223913192749,10.429105821996927,-37.18465890131381
100,39,two_opt,longest,8,model_route,7.60223913192749,7.602239165455103,-4.4102286318973705e-07
100,39,two_opt,longest,8,model_learned,7.60223913192749,8.603857520967722,-13.175307585809643
100,39,two_opt,longest,12,original_order,7.60223913192749,7.602239165455103,-4.4102286318973705e-07
100,39,two_opt,longest,12,exact_fixed_orientation,7.60223913192749,7.602239165455103,-4.4102286318973705e-07
100,39,two_opt,longest,12,exact_reversible,7.60223913192749,7.602239165455103,-4.4102286318973705e-07
100,39,two_opt,longest,12,greedy_pair,7.60223913192749,7.696707587689161,-1.2426398870423234
100,39,two_opt,longest,12,random_mean,7.60223913192749,12.458472603932023,-63.878988647036564
100,39,two_opt,longest,12,random_best,7.60223913192749,10.497532162815332,-38.084740306685966
100,39,two_opt,longest,12,model_route,7.60223913192749,8.01802945509553,-5.469313921234399
100,39,two_opt,longest,12,model_learned,7.60223913192749,8.725676465779543,-14.777716332730165
100,40,raw,longest,4,original_order,7.9711995124816895,7.971199949155562,-5.478145058206954e-06
100,40,raw,longest,4,exact_fixed_orientation,7.9711995124816895,7.971199949155562,-5.478145058206954e-06
100,40,raw,longest,4,exact_reversible,7.9711995124816895,7.971199949155562,-5.478145058206954e-06
100,40,raw,longest,4,greedy_pair,7.9711995124816895,7.971199949155562,-5.478145058206954e-06
100,40,raw,longest,4,random_mean,7.9711995124816895,9.300487895379774,-16.67613990612857
100,40,raw,longest,4,random_best,7.9711995124816895,8.754814674030058,-9.830580207173917
100,40,raw,longest,4,model_route,7.9711995124816895,7.971199949155562,-5.478145058206954e-06
100,40,raw,longest,4,model_learned,7.9711995124816895,7.971199949155562,-5.478145058206954e-06
100,40,raw,longest,8,original_order,7.9711995124816895,7.971199949155562,-5.478145058206954e-06
100,40,raw,longest,8,exact_fixed_orientation,7.9711995124816895,7.971199949155562,-5.478145058206954e-06
100,40,raw,longest,8,exact_reversible,7.9711995124816895,7.971199949155562,-5.478145058206954e-06
100,40,raw,longest,8,greedy_pair,7.9711995124816895,8.252312202821486,-3.526604620792848
100,40,raw,longest,8,random_mean,7.9711995124816895,11.010811556945555,-38.13242962623497
100,40,raw,longest,8,random_best,7.9711995124816895,9.956301187048666,-24.9034247789007
100,40,raw,longest,8,model_route,7.9711995124816895,7.971199949155562,-5.478145058206954e-06
100,40,raw,longest,8,model_learned,7.9711995124816895,9.035514612565748,-13.352006789160187
100,40,raw,longest,12,original_order,7.9711995124816895,7.971199949155562,-5.478145058206954e-06
100,40,raw,longest,12,exact_fixed_orientation,7.9711995124816895,7.971199949155562,-5.478145058206954e-06
100,40,raw,longest,12,exact_reversible,7.9711995124816895,7.971199949155562,-5.478145058206954e-06
100,40,raw,longest,12,greedy_pair,7.9711995124816895,8.252312202821486,-3.526604620792848
100,40,raw,longest,12,random_mean,7.9711995124816895,12.70582887053024,-59.39669871058727
100,40,raw,longest,12,random_best,7.9711995124816895,11.160672624479048,-40.012461198633
100,40,raw,longest,12,model_route,7.9711995124816895,7.971199949155562,-5.478145058206954e-06
100,40,raw,longest,12,model_learned,7.9711995124816895,7.971199949155562,-5.478145058206954e-06
100,40,two_opt,longest,4,original_order,7.908422470092773,7.908422767068259,-3.755179836479157e-06
100,40,two_opt,longest,4,exact_fixed_orientation,7.908422470092773,7.908422767068259,-3.755179836479157e-06
100,40,two_opt,longest,4,exact_reversible,7.908422470092773,7.908422767068259,-3.755179836479157e-06
100,40,two_opt,longest,4,greedy_pair,7.908422470092773,7.908422767068259,-3.755179836479157e-06
100,40,two_opt,longest,4,random_mean,7.908422470092773,9.663515335763805,-22.192704958646985
100,40,two_opt,longest,4,random_best,7.908422470092773,9.00296160473954,-13.840170258809225
100,40,two_opt,longest,4,model_route,7.908422470092773,7.908422767068259,-3.755179836479157e-06
100,40,two_opt,longest,4,model_learned,7.908422470092773,9.00296160473954,-13.840170258809225
100,40,two_opt,longest,8,original_order,7.908422470092773,7.908422767068259,-3.755179836479157e-06
100,40,two_opt,longest,8,exact_fixed_orientation,7.908422470092773,7.908422767068259,-3.755179836479157e-06
100,40,two_opt,longest,8,exact_reversible,7.908422470092773,7.908422767068259,-3.755179836479157e-06
100,40,two_opt,longest,8,greedy_pair,7.908422470092773,9.21307781233918,-16.49703650987554
100,40,two_opt,longest,8,random_mean,7.908422470092773,11.057410695473664,-39.81815889691524
100,40,two_opt,longest,8,random_best,7.908422470092773,9.893524004961364,-25.1011063505476
100,40,two_opt,longest,8,model_route,7.908422470092773,7.908422767068259,-3.755179836479157e-06
100,40,two_opt,longest,8,model_learned,7.908422470092773,7.908422767068259,-3.755179836479157e-06
100,40,two_opt,longest,12,original_order,7.908422470092773,7.908422767068259,-3.755179836479157e-06
100,40,two_opt,longest,12,exact_fixed_orientation,7.908422470092773,7.908422767068259,-3.755179836479157e-06
100,40,two_opt,longest,12,exact_reversible,7.908422470092773,7.908422767068259,-3.755179836479157e-06
100,40,two_opt,longest,12,greedy_pair,7.908422470092773,9.21307781233918,-16.49703650987554
100,40,two_opt,longest,12,random_mean,7.908422470092773,12.76958839118015,-61.46821239597169
100,40,two_opt,longest,12,random_best,7.908422470092773,11.280146255041473,-42.63459365884314
100,40,two_opt,longest,12,model_route,7.908422470092773,7.908422767068259,-3.755179836479157e-06
100,40,two_opt,longest,12,model_learned,7.908422470092773,7.908422767068259,-3.755179836479157e-06
100,41,raw,longest,4,original_order,7.57034969329834,7.570350277703255,-7.719655488154766e-06
100,41,raw,longest,4,exact_fixed_orientation,7.57034969329834,7.570350277703255,-7.719655488154766e-06
100,41,raw,longest,4,exact_reversible,7.57034969329834,7.570350277703255,-7.719655488154766e-06
100,41,raw,longest,4,greedy_pair,7.57034969329834,7.570350277703255,-7.719655488154766e-06
100,41,raw,longest,4,random_mean,7.57034969329834,8.474494950380176,-11.943242963825462
100,41,raw,longest,4,random_best,7.57034969329834,8.285275760572404,-9.4437654301089
100,41,raw,longest,4,model_route,7.57034969329834,7.570350277703255,-7.719655488154766e-06
100,41,raw,longest,4,model_learned,7.57034969329834,7.570350277703255,-7.719655488154766e-06
100,41,raw,longest,8,original_order,7.57034969329834,7.570350277703255,-7.719655488154766e-06
100,41,raw,longest,8,exact_fixed_orientation,7.57034969329834,7.570350277703255,-7.719655488154766e-06
100,41,raw,longest,8,exact_reversible,7.57034969329834,7.570350277703255,-7.719655488154766e-06
100,41,raw,longest,8,greedy_pair,7.57034969329834,7.570350277703255,-7.719655488154766e-06
100,41,raw,longest,8,random_mean,7.57034969329834,11.233876443933696,-48.39309806095875
100,41,raw,longest,8,random_best,7.57034969329834,10.193677115719765,-34.65265844646158
100,41,raw,longest,8,model_route,7.57034969329834,8.593614372890443,-13.516742568681456
100,41,raw,longest,8,model_learned,7.57034969329834,8.593614372890443,-13.516742568681456
100,41,raw,longest,12,original_order,7.57034969329834,7.570350277703255,-7.719655488154766e-06
100,41,raw,longest,12,exact_fixed_orientation,7.57034969329834,7.570350277703255,-7.719655488154766e-06
100,41,raw,longest,12,exact_reversible,7.57034969329834,7.570350277703255,-7.719655488154766e-06
100,41,raw,longest,12,greedy_pair,7.57034969329834,8.28960896609351,-9.501004602626159
100,41,raw,longest,12,random_mean,7.57034969329834,12.052014434244484,-59.200234104291674
100,41,raw,longest,12,random_best,7.57034969329834,11.461000013630837,-51.393270825741375
100,41,raw,longest,12,model_route,7.57034969329834,7.570350277703255,-7.719655488154766e-06
100,41,raw,longest,12,model_learned,7.57034969329834,8.232417884748429,-8.745543049830125
100,41,two_opt,longest,4,original_order,7.57034969329834,7.570350277703255,-7.719655488154766e-06
100,41,two_opt,longest,4,exact_fixed_orientation,7.57034969329834,7.570350277703255,-7.719655488154766e-06
100,41,two_opt,longest,4,exact_reversible,7.57034969329834,7.570350277703255,-7.719655488154766e-06
100,41,two_opt,longest,4,greedy_pair,7.57034969329834,7.570350277703255,-7.719655488154766e-06
100,41,two_opt,longest,4,random_mean,7.57034969329834,8.474494950380176,-11.943242963825462
100,41,two_opt,longest,4,random_best,7.57034969329834,8.285275760572404,-9.4437654301089
100,41,two_opt,longest,4,model_route,7.57034969329834,7.570350277703255,-7.719655488154766e-06
100,41,two_opt,longest,4,model_learned,7.57034969329834,7.570350277703255,-7.719655488154766e-06
100,41,two_opt,longest,8,original_order,7.57034969329834,7.570350277703255,-7.719655488154766e-06
100,41,two_opt,longest,8,exact_fixed_orientation,7.57034969329834,7.570350277703255,-7.719655488154766e-06
100,41,two_opt,longest,8,exact_reversible,7.57034969329834,7.570350277703255,-7.719655488154766e-06
100,41,two_opt,longest,8,greedy_pair,7.57034969329834,7.570350277703255,-7.719655488154766e-06
100,41,two_opt,longest,8,random_mean,7.57034969329834,11.233876443933696,-48.39309806095875
100,41,two_opt,longest,8,random_best,7.57034969329834,10.193677115719765,-34.65265844646158
100,41,two_opt,longest,8,model_route,7.57034969329834,8.593614372890443,-13.516742568681456
100,41,two_opt,longest,8,model_learned,7.57034969329834,8.593614372890443,-13.516742568681456
100,41,two_opt,longest,12,original_order,7.57034969329834,7.570350277703255,-7.719655488154766e-06
100,41,two_opt,longest,12,exact_fixed_orientation,7.57034969329834,7.570350277703255,-7.719655488154766e-06
100,41,two_opt,longest,12,exact_reversible,7.57034969329834,7.570350277703255,-7.719655488154766e-06
100,41,two_opt,longest,12,greedy_pair,7.57034969329834,8.28960896609351,-9.501004602626159
100,41,two_opt,longest,12,random_mean,7.57034969329834,12.052014434244484,-59.200234104291674
100,41,two_opt,longest,12,random_best,7.57034969329834,11.461000013630837,-51.393270825741375
100,41,two_opt,longest,12,model_route,7.57034969329834,7.570350277703255,-7.719655488154766e-06
100,41,two_opt,longest,12,model_learned,7.57034969329834,8.232417884748429,-8.745543049830125
100,42,raw,longest,4,original_order,7.7944488525390625,7.794449389912188,-6.894305623393505e-06
100,42,raw,longest,4,exact_fixed_orientation,7.7944488525390625,7.794449389912188,-6.894305623393505e-06
100,42,raw,longest,4,exact_reversible,7.7944488525390625,7.794449389912188,-6.894305623393505e-06
100,42,raw,longest,4,greedy_pair,7.7944488525390625,7.794449389912188,-6.894305623393505e-06
100,42,raw,longest,4,random_mean,7.7944488525390625,9.345822569914162,-19.90357171783526
100,42,raw,longest,4,random_best,7.7944488525390625,7.794449389912188,-6.894305623393505e-06
100,42,raw,longest,4,model_route,7.7944488525390625,7.794449389912188,-6.894305623393505e-06
100,42,raw,longest,4,model_learned,7.7944488525390625,7.794449389912188,-6.894305623393505e-06
100,42,raw,longest,8,original_order,7.7944488525390625,7.794449389912188,-6.894305623393505e-06
100,42,raw,longest,8,exact_fixed_orientation,7.7944488525390625,7.794449389912188,-6.894305623393505e-06
100,42,raw,longest,8,exact_reversible,7.7944488525390625,7.794449389912188,-6.894305623393505e-06
100,42,raw,longest,8,greedy_pair,7.7944488525390625,7.794449389912188,-6.894305623393505e-06
100,42,raw,longest,8,random_mean,7.7944488525390625,10.274597843177617,-31.819427358621244
100,42,raw,longest,8,random_best,7.7944488525390625,9.436037854291499,-21.061001653987173
100,42,raw,longest,8,model_route,7.7944488525390625,7.794449389912188,-6.894305623393505e-06
100,42,raw,longest,8,model_learned,7.7944488525390625,7.794449389912188,-6.894305623393505e-06
100,42,raw,longest,12,original_order,7.7944488525390625,7.794449389912188,-6.894305623393505e-06
100,42,raw,longest,12,exact_fixed_orientation,7.7944488525390625,7.794449389912188,-6.894305623393505e-06
100,42,raw,longest,12,exact_reversible,7.7944488525390625,7.794449389912188,-6.894305623393505e-06
100,42,raw,longest,12,greedy_pair,7.7944488525390625,8.142178879119456,-4.461252272726369
100,42,raw,longest,12,random_mean,7.7944488525390625,12.011480602435768,-54.10301394848458
100,42,raw,longest,12,random_best,7.7944488525390625,10.915068448521197,-40.03643689271993
100,42,raw,longest,12,model_route,7.7944488525390625,7.794449389912188,-6.894305623393505e-06
100,42,raw,longest,12,model_learned,7.7944488525390625,9.103273541666567,-16.7917541559228
100,42,two_opt,longest,4,original_order,7.765407085418701,7.7654071459546685,-7.795594832842183e-07
100,42,two_opt,longest,4,exact_fixed_orientation,7.765407085418701,7.7654071459546685,-7.795594832842183e-07
100,42,two_opt,longest,4,exact_reversible,7.765407085418701,7.7654071459546685,-7.795594832842183e-07
100,42,two_opt,longest,4,greedy_pair,7.765407085418701,7.7654071459546685,-7.795594832842183e-07
100,42,two_opt,longest,4,random_mean,7.765407085418701,9.316780325956643,-19.978002743101438
100,42,two_opt,longest,4,random_best,7.765407085418701,7.7654071459546685,-7.795594832842183e-07
100,42,two_opt,longest,4,model_route,7.765407085418701,7.7654071459546685,-7.795594832842183e-07
100,42,two_opt,longest,4,model_learned,7.765407085418701,7.7654071459546685,-7.795594832842183e-07
100,42,two_opt,longest,8,original_order,7.765407085418701,7.7654071459546685,-7.795594832842183e-07
100,42,two_opt,longest,8,exact_fixed_orientation,7.765407085418701,7.7654071459546685,-7.795594832842183e-07
100,42,two_opt,longest,8,exact_reversible,7.765407085418701,7.7654071459546685,-7.795594832842183e-07
100,42,two_opt,longest,8,greedy_pair,7.765407085418701,7.7654071459546685,-7.795594832842183e-07
100,42,two_opt,longest,8,random_mean,7.765407085418701,10.181499098427594,-31.113526778855533
100,42,two_opt,longest,8,random_best,7.765407085418701,9.364848599769175,-20.59700794506685
100,42,two_opt,longest,8,model_route,7.765407085418701,7.7654071459546685,-7.795594832842183e-07
100,42,two_opt,longest,8,model_learned,7.765407085418701,8.827202291227877,-13.673400430003667
100,42,two_opt,longest,12,original_order,7.765407085418701,7.7654071459546685,-7.795594832842183e-07
100,42,two_opt,longest,12,exact_fixed_orientation,7.765407085418701,7.7654071459546685,-7.795594832842183e-07
100,42,two_opt,longest,12,exact_reversible,7.765407085418701,7.7654071459546685,-7.795594832842183e-07
100,42,two_opt,longest,12,greedy_pair,7.765407085418701,8.128471517004073,-4.675407581234301
100,42,two_opt,longest,12,random_mean,7.765407085418701,11.94408536888659,-53.81145170501489
100,42,two_opt,longest,12,random_best,7.765407085418701,10.987544232048094,-41.49347369926917
100,42,two_opt,longest,12,model_route,7.765407085418701,7.7654071459546685,-7.795594832842183e-07
100,42,two_opt,longest,12,model_learned,7.765407085418701,10.797323116101325,-39.0438775112734
100,43,raw,longest,4,original_order,7.499762058258057,7.4997624615207314,-5.3770062526779226e-06
100,43,raw,longest,4,exact_fixed_orientation,7.499762058258057,7.4997624615207314,-5.3770062526779226e-06
100,43,raw,longest,4,exact_reversible,7.499762058258057,7.4997624615207314,-5.3770062526779226e-06
100,43,raw,longest,4,greedy_pair,7.499762058258057,7.4997624615207314,-5.3770062526779226e-06
100,43,raw,longest,4,random_mean,7.499762058258057,8.502047046087682,-13.364223825287903
100,43,raw,longest,4,random_best,7.499762058258057,7.4997624615207314,-5.3770062526779226e-06
100,43,raw,longest,4,model_route,7.499762058258057,7.4997624615207314,-5.3770062526779226e-06
100,43,raw,longest,4,model_learned,7.499762058258057,7.4997624615207314,-5.3770062526779226e-06
100,43,raw,longest,8,original_order,7.499762058258057,7.4997624615207314,-5.3770062526779226e-06
100,43,raw,longest,8,exact_fixed_orientation,7.499762058258057,7.4997624615207314,-5.3770062526779226e-06
100,43,raw,longest,8,exact_reversible,7.499762058258057,7.4997624615207314,-5.3770062526779226e-06
100,43,raw,longest,8,greedy_pair,7.499762058258057,7.4997624615207314,-5.3770062526779226e-06
100,43,raw,longest,8,random_mean,7.499762058258057,10.193824891932309,-35.92197742737444
100,43,raw,longest,8,random_best,7.499762058258057,8.9699696758762,-19.603390163549047
100,43,raw,longest,8,model_route,7.499762058258057,7.4997624615207314,-5.3770062526779226e-06
100,43,raw,longest,8,model_learned,7.499762058258057,7.4997624615207314,-5.3770062526779226e-06
100,43,raw,longest,12,original_order,7.499762058258057,7.4997624615207314,-5.3770062526779226e-06
100,43,raw,longest,12,exact_fixed_orientation,7.499762058258057,7.4997624615207314,-5.3770062526779226e-06
100,43,raw,longest,12,exact_reversible,7.499762058258057,7.4997624615207314,-5.3770062526779226e-06
100,43,raw,longest,12,greedy_pair,7.499762058258057,7.4997624615207314,-5.3770062526779226e-06
100,43,raw,longest,12,random_mean,7.499762058258057,12.384442635811865,-65.13114068966017
100,43,raw,longest,12,random_best,7.499762058258057,10.340399728156626,-37.876370581260204
100,43,raw,longest,12,model_route,7.499762058258057,7.4997624615207314,-5.3770062526779226e-06
100,43,raw,longest,12,model_learned,7.499762058258057,7.4997624615207314,-5.3770062526779226e-06
100,43,two_opt,longest,4,original_order,7.486317157745361,7.486316726543009,5.759872884905011e-06
100,43,two_opt,longest,4,exact_fixed_orientation,7.486317157745361,7.486316726543009,5.759872884905011e-06
100,43,two_opt,longest,4,exact_reversible,7.486317157745361,7.486316726543009,5.759872884905011e-06
100,43,two_opt,longest,4,greedy_pair,7.486317157745361,7.486316726543009,5.759872884905011e-06
100,43,two_opt,longest,4,random_mean,7.486317157745361,8.48860131110996,-13.388213887353587
100,43,two_opt,longest,4,random_best,7.486317157745361,7.486316726543009,5.759872884905011e-06
100,43,two_opt,longest,4,model_route,7.486317157745361,7.486316726543009,5.759872884905011e-06
100,43,two_opt,longest,4,model_learned,7.486317157745361,7.486316726543009,5.759872884905011e-06
100,43,two_opt,longest,8,original_order,7.486317157745361,7.486316726543009,5.759872884905011e-06
100,43,two_opt,longest,8,exact_fixed_orientation,7.486317157745361,7.486316726543009,5.759872884905011e-06
100,43,two_opt,longest,8,exact_reversible,7.486317157745361,7.486316726543009,5.759872884905011e-06
100,43,two_opt,longest,8,greedy_pair,7.486317157745361,7.486316726543009,5.759872884905011e-06
100,43,two_opt,longest,8,random_mean,7.486317157745361,10.180379156954587,-35.98647963267148
100,43,two_opt,longest,8,random_best,7.486317157745361,8.956523940898478,-19.638585330732848
100,43,two_opt,longest,8,model_route,7.486317157745361,7.486316726543009,5.759872884905011e-06
100,43,two_opt,longest,8,model_learned,7.486317157745361,7.486316726543009,5.759872884905011e-06
100,43,two_opt,longest,12,original_order,7.486317157745361,7.486316726543009,5.759872884905011e-06
100,43,two_opt,longest,12,exact_fixed_orientation,7.486317157745361,7.486316726543009,5.759872884905011e-06
100,43,two_opt,longest,12,exact_reversible,7.486317157745361,7.486316726543009,5.759872884905011e-06
100,43,two_opt,longest,12,greedy_pair,7.486317157745361,7.486316726543009,5.759872884905011e-06
100,43,two_opt,longest,12,random_mean,7.486317157745361,12.362373159267008,-65.13290712612768
100,43,two_opt,longest,12,random_best,7.486317157745361,10.319859833456576,-37.84962106206821
100,43,two_opt,longest,12,model_route,7.486317157745361,7.486316726543009,5.759872884905011e-06
100,43,two_opt,longest,12,model_learned,7.486317157745361,7.486316726543009,5.759872884905011e-06
100,44,raw,longest,4,original_order,7.977739334106445,7.9777390609961,3.4234052225595697e-06
100,44,raw,longest,4,exact_fixed_orientation,7.977739334106445,7.9777390609961,3.4234052225595697e-06
100,44,raw,longest,4,exact_reversible,7.977739334106445,7.9777390609961,3.4234052225595697e-06
100,44,raw,longest,4,greedy_pair,7.977739334106445,7.9777390609961,3.4234052225595697e-06
100,44,raw,longest,4,random_mean,7.977739334106445,8.93017120170407,-11.938618544802363
100,44,raw,longest,4,random_best,7.977739334106445,7.9777390609961,3.4234052225595697e-06
100,44,raw,longest,4,model_route,7.977739334106445,7.9777390609961,3.4234052225595697e-06
100,44,raw,longest,4,model_learned,7.977739334106445,7.9777390609961,3.4234052225595697e-06
100,44,raw,longest,8,original_order,7.977739334106445,7.9777390609961,3.4234052225595697e-06
100,44,raw,longest,8,exact_fixed_orientation,7.977739334106445,7.9777390609961,3.4234052225595697e-06
100,44,raw,longest,8,exact_reversible,7.977739334106445,7.9777390609961,3.4234052225595697e-06
100,44,raw,longest,8,greedy_pair,7.977739334106445,7.9777390609961,3.4234052225595697e-06
100,44,raw,longest,8,random_mean,7.977739334106445,11.936762458411977,-49.625877187788134
100,44,raw,longest,8,random_best,7.977739334106445,11.072733039734885,-38.79537267401953
100,44,raw,longest,8,model_route,7.977739334106445,7.9777390609961,3.4234052225595697e-06
100,44,raw,longest,8,model_learned,7.977739334106445,7.9777390609961,3.4234052225595697e-06
100,44,raw,longest,12,original_order,7.977739334106445,7.9777390609961,3.4234052225595697e-06
100,44,raw,longest,12,exact_fixed_orientation,7.977739334106445,7.9777390609961,3.4234052225595697e-06
100,44,raw,longest,12,exact_reversible,7.977739334106445,7.9777390609961,3.4234052225595697e-06
100,44,raw,longest,12,greedy_pair,7.977739334106445,9.69421428698115,-21.515806433238907
100,44,raw,longest,12,random_mean,7.977739334106445,13.093053389107808,-64.11984449193976
100,44,raw,longest,12,random_best,7.977739334106445,11.342149118660018,-42.17247071698673
100,44,raw,longest,12,model_route,7.977739334106445,7.9777390609961,3.4234052225595697e-06
100,44,raw,longest,12,model_learned,7.977739334106445,7.9777390609961,3.4234052225595697e-06
100,44,two_opt,longest,4,original_order,7.977739334106445,7.9777390609961,3.4234052225595697e-06
100,44,two_opt,longest,4,exact_fixed_orientation,7.977739334106445,7.9777390609961,3.4234052225595697e-06
100,44,two_opt,longest,4,exact_reversible,7.977739334106445,7.9777390609961,3.4234052225595697e-06
100,44,two_opt,longest,4,greedy_pair,7.977739334106445,7.9777390609961,3.4234052225595697e-06
100,44,two_opt,longest,4,random_mean,7.977739334106445,8.93017120170407,-11.938618544802363
100,44,two_opt,longest,4,random_best,7.977739334106445,7.9777390609961,3.4234052225595697e-06
100,44,two_opt,longest,4,model_route,7.977739334106445,7.9777390609961,3.4234052225595697e-06
100,44,two_opt,longest,4,model_learned,7.977739334106445,7.9777390609961,3.4234052225595697e-06
100,44,two_opt,longest,8,original_order,7.977739334106445,7.9777390609961,3.4234052225595697e-06
100,44,two_opt,longest,8,exact_fixed_orientation,7.977739334106445,7.9777390609961,3.4234052225595697e-06
100,44,two_opt,longest,8,exact_reversible,7.977739334106445,7.9777390609961,3.4234052225595697e-06
100,44,two_opt,longest,8,greedy_pair,7.977739334106445,7.9777390609961,3.4234052225595697e-06
100,44,two_opt,longest,8,random_mean,7.977739334106445,11.936762458411977,-49.625877187788134
100,44,two_opt,longest,8,random_best,7.977739334106445,11.072733039734885,-38.79537267401953
100,44,two_opt,longest,8,model_route,7.977739334106445,7.9777390609961,3.4234052225595697e-06
100,44,two_opt,longest,8,model_learned,7.977739334106445,7.9777390609961,3.4234052225595697e-06
100,44,two_opt,longest,12,original_order,7.977739334106445,7.9777390609961,3.4234052225595697e-06
100,44,two_opt,longest,12,exact_fixed_orientation,7.977739334106445,7.9777390609961,3.4234052225595697e-06
100,44,two_opt,longest,12,exact_reversible,7.977739334106445,7.9777390609961,3.4234052225595697e-06
100,44,two_opt,longest,12,greedy_pair,7.977739334106445,9.69421428698115,-21.515806433238907
100,44,two_opt,longest,12,random_mean,7.977739334106445,13.093053389107808,-64.11984449193976
100,44,two_opt,longest,12,random_best,7.977739334106445,11.342149118660018,-42.17247071698673
100,44,two_opt,longest,12,model_route,7.977739334106445,7.9777390609961,3.4234052225595697e-06
100,44,two_opt,longest,12,model_learned,7.977739334106445,7.9777390609961,3.4234052225595697e-06
100,45,raw,longest,4,original_order,7.6711015701293945,7.671100805979222,9.961413826764265e-06
100,45,raw,longest,4,exact_fixed_orientation,7.6711015701293945,7.671100805979222,9.961413826764265e-06
100,45,raw,longest,4,exact_reversible,7.6711015701293945,7.671100805979222,9.961413826764265e-06
100,45,raw,longest,4,greedy_pair,7.6711015701293945,7.671100805979222,9.961413826764265e-06
100,45,raw,longest,4,random_mean,7.6711015701293945,9.823775404598564,-28.062121388817154
100,45,raw,longest,4,random_best,7.6711015701293945,8.827194090466946,-15.070749745242274
100,45,raw,longest,4,model_route,7.6711015701293945,8.827194090466946,-15.070749745242274
100,45,raw,longest,4,model_learned,7.6711015701293945,7.671100805979222,9.961413826764265e-06
100,45,raw,longest,8,original_order,7.6711015701293945,7.671100805979222,9.961413826764265e-06
100,45,raw,longest,8,exact_fixed_orientation,7.6711015701293945,7.671100805979222,9.961413826764265e-06
100,45,raw,longest,8,exact_reversible,7.6711015701293945,7.671100805979222,9.961413826764265e-06
100,45,raw,longest,8,greedy_pair,7.6711015701293945,8.889518554788083,-15.883207561780939
100,45,raw,longest,8,random_mean,7.6711015701293945,10.825795769225806,-41.12439615426965
100,45,raw,longest,8,random_best,7.6711015701293945,9.836782361846417,-28.231679269506692
100,45,raw,longest,8,model_route,7.6711015701293945,7.671100805979222,9.961413826764265e-06
100,45,raw,longest,8,model_learned,7.6711015701293945,7.671100805979222,9.961413826764265e-06
100,45,raw,longest,12,original_order,7.6711015701293945,7.671100805979222,9.961413826764265e-06
100,45,raw,longest,12,exact_fixed_orientation,7.6711015701293945,7.671100805979222,9.961413826764265e-06
100,45,raw,longest,12,exact_reversible,7.6711015701293945,7.671100805979222,9.961413826764265e-06
100,45,raw,longest,12,greedy_pair,7.6711015701293945,8.889518554788083,-15.883207561780939
100,45,raw,longest,12,random_mean,7.6711015701293945,11.764461097773165,-53.36077863423107
100,45,raw,longest,12,random_best,7.6711015701293945,10.46375673590228,-36.404877972770464
100,45,raw,longest,12,model_route,7.6711015701293945,7.671100805979222,9.961413826764265e-06
100,45,raw,longest,12,model_learned,7.6711015701293945,7.8771959650330245,-2.68663363428981
100,45,two_opt,longest,4,original_order,7.601651191711426,7.601650876458734,4.1471607096505556e-06
100,45,two_opt,longest,4,exact_fixed_orientation,7.601651191711426,7.601650876458734,4.1471607096505556e-06
100,45,two_opt,longest,4,exact_reversible,7.601651191711426,7.601650876458734,4.1471607096505556e-06
100,45,two_opt,longest,4,greedy_pair,7.601651191711426,7.601650876458734,4.1471607096505556e-06
100,45,two_opt,longest,4,random_mean,7.601651191711426,9.888674562331289,-30.085876251643242
100,45,two_opt,longest,4,random_best,7.601651191711426,8.938173187430948,-17.58199583238993
100,45,two_opt,longest,4,model_route,7.601651191711426,7.601650876458734,4.1471607096505556e-06
100,45,two_opt,longest,4,model_learned,7.601651191711426,7.601650876458734,4.1471607096505556e-06
100,45,two_opt,longest,8,original_order,7.601651191711426,7.601650876458734,4.1471607096505556e-06
100,45,two_opt,longest,8,exact_fixed_orientation,7.601651191711426,7.601650876458734,4.1471607096505556e-06
100,45,two_opt,longest,8,exact_reversible,7.601651191711426,7.601650876458734,4.1471607096505556e-06
100,45,two_opt,longest,8,greedy_pair,7.601651191711426,8.842940566595644,-16.329207215370214
100,45,two_opt,longest,8,random_mean,7.601651191711426,10.962117073591799,-44.207051825062784
100,45,two_opt,longest,8,random_best,7.601651191711426,10.197741848882288,-34.1516677324204
100,45,two_opt,longest,8,model_route,7.601651191711426,7.601650876458734,4.1471607096505556e-06
100,45,two_opt,longest,8,model_learned,7.601651191711426,7.807746035512537,-2.711185222834607
100,45,two_opt,longest,12,original_order,7.601651191711426,7.601650876458734,4.1471607096505556e-06
100,45,two_opt,longest,12,exact_fixed_orientation,7.601651191711426,7.601650876458734,4.1471607096505556e-06
100,45,two_opt,longest,12,exact_reversible,7.601651191711426,7.601650876458734,4.1471607096505556e-06
100,45,two_opt,longest,12,greedy_pair,7.601651191711426,8.842940566595644,-16.329207215370214
100,45,two_opt,longest,12,random_mean,7.601651191711426,11.906166038941592,-56.62605056022116
100,45,two_opt,longest,12,random_best,7.601651191711426,10.600147513207048,-39.445328993325525
100,45,two_opt,longest,12,model_route,7.601651191711426,7.601650876458734,4.1471607096505556e-06
100,45,two_opt,longest,12,model_learned,7.601651191711426,7.601650876458734,4.1471607096505556e-06
100,46,raw,longest,4,original_order,8.038000106811523,8.03800021391362,-1.3324470596861535e-06
100,46,raw,longest,4,exact_fixed_orientation,8.038000106811523,8.03800021391362,-1.3324470596861535e-06
100,46,raw,longest,4,exact_reversible,8.038000106811523,8.03800021391362,-1.3324470596861535e-06
100,46,raw,longest,4,greedy_pair,8.038000106811523,8.03800021391362,-1.3324470596861535e-06
100,46,raw,longest,4,random_mean,8.038000106811523,8.988272453658283,-11.8222484973779
100,46,raw,longest,4,random_best,8.038000106811523,8.65163269918412,-7.634145113441771
100,46,raw,longest,4,model_route,8.038000106811523,8.03800021391362,-1.3324470596861535e-06
100,46,raw,longest,4,model_learned,8.038000106811523,8.03800021391362,-1.3324470596861535e-06
100,46,raw,longest,8,original_order,8.038000106811523,8.03800021391362,-1.3324470596861535e-06
100,46,raw,longest,8,exact_fixed_orientation,8.038000106811523,8.03800021391362,-1.3324470596861535e-06
100,46,raw,longest,8,exact_reversible,8.038000106811523,8.03800021391362,-1.3324470596861535e-06
100,46,raw,longest,8,greedy_pair,8.038000106811523,8.62769019883126,-7.336278728337219
100,46,raw,longest,8,random_mean,8.038000106811523,11.5358428908512,-43.51633164418038
100,46,raw,longest,8,random_best,8.038000106811523,10.807399007491767,-34.453830105493694
100,46,raw,longest,8,model_route,8.038000106811523,8.03800021391362,-1.3324470596861535e-06
100,46,raw,longest,8,model_learned,8.038000106811523,8.03800021391362,-1.3324470596861535e-06
100,46,raw,longest,12,original_order,8.038000106811523,8.03800021391362,-1.3324470596861535e-06
100,46,raw,longest,12,exact_fixed_orientation,8.038000106811523,8.03800021391362,-1.3324470596861535e-06
100,46,raw,longest,12,exact_reversible,8.038000106811523,8.03800021391362,-1.3324470596861535e-06
100,46,raw,longest,12,greedy_pair,8.038000106811523,8.62769019883126,-7.336278728337219
100,46,raw,longest,12,random_mean,8.038000106811523,12.862551153637469,-60.02178381084553
100,46,raw,longest,12,random_best,8.038000106811523,11.272568519227207,-40.240960057647435
100,46,raw,longest,12,model_route,8.038000106811523,8.03800021391362,-1.3324470596861535e-06
100,46,raw,longest,12,model_learned,8.038000106811523,9.097122768871486,-13.176444986140845
100,46,two_opt,longest,4,original_order,8.026278495788574,8.02627823036164,3.306973884655038e-06
100,46,two_opt,longest,4,exact_fixed_orientation,8.026278495788574,8.02627823036164,3.306973884655038e-06
100,46,two_opt,longest,4,exact_reversible,8.026278495788574,8.02627823036164,3.306973884655038e-06
100,46,two_opt,longest,4,greedy_pair,8.026278495788574,8.02627823036164,3.306973884655038e-06
100,46,two_opt,longest,4,random_mean,8.026278495788574,8.952517726458609,-11.540083379315046
100,46,two_opt,longest,4,random_best,8.026278495788574,8.63991071563214,-7.645289409849685
100,46,two_opt,longest,4,model_route,8.026278495788574,8.02627823036164,3.306973884655038e-06
100,46,two_opt,longest,4,model_learned,8.026278495788574,8.02627823036164,3.306973884655038e-06
100,46,two_opt,longest,8,original_order,8.026278495788574,8.02627823036164,3.306973884655038e-06
100,46,two_opt,longest,8,exact_fixed_orientation,8.026278495788574,8.02627823036164,3.306973884655038e-06
100,46,two_opt,longest,8,exact_reversible,8.026278495788574,8.02627823036164,3.306973884655038e-06
100,46,two_opt,longest,8,greedy_pair,8.026278495788574,8.615968215279281,-7.346988019417964
100,46,two_opt,longest,8,random_mean,8.026278495788574,11.662668633274734,-45.30605484713981
100,46,two_opt,longest,8,random_best,8.026278495788574,10.896488758735359,-35.76016287564401
100,46,two_opt,longest,8,model_route,8.026278495788574,8.36321862321347,-4.197962076716997
100,46,two_opt,longest,8,model_learned,8.026278495788574,9.41760057490319,-17.33458513612067
100,46,two_opt,longest,12,original_order,8.026278495788574,8.02627823036164,3.306973884655038e-06
100,46,two_opt,longest,12,exact_fixed_orientation,8.026278495788574,8.02627823036164,3.306973884655038e-06
100,46,two_opt,longest,12,exact_reversible,8.026278495788574,8.02627823036164,3.306973884655038e-06
100,46,two_opt,longest,12,greedy_pair,8.026278495788574,8.615968215279281,-7.346988019417964
100,46,two_opt,longest,12,random_mean,8.026278495788574,13.351511266082525,-66.3474706626256
100,46,two_opt,longest,12,random_best,8.026278495788574,12.795099052600563,-59.41508956254397
100,46,two_opt,longest,12,model_route,8.026278495788574,11.03645860683173,-37.5040576105428
100,46,two_opt,longest,12,model_learned,8.026278495788574,11.830540898256004,-47.397587866699915
100,47,raw,longest,4,original_order,8.07889175415039,8.078892200253904,-5.5218404555505554e-06
100,47,raw,longest,4,exact_fixed_orientation,8.07889175415039,8.078892200253904,-5.5218404555505554e-06
100,47,raw,longest,4,exact_reversible,8.07889175415039,8.078892200253904,-5.5218404555505554e-06
100,47,raw,longest,4,greedy_pair,8.07889175415039,8.078892200253904,-5.5218404555505554e-06
100,47,raw,longest,4,random_mean,8.07889175415039,9.298953562043607,-15.101846206398681
100,47,raw,longest,4,random_best,8.07889175415039,8.860422848723829,-9.673741378846177
100,47,raw,longest,4,model_route,8.07889175415039,8.078892200253904,-5.5218404555505554e-06
100,47,raw,longest,4,model_learned,8.07889175415039,8.078892200253904,-5.5218404555505554e-06
100,47,raw,longest,8,original_order,8.07889175415039,8.078892200253904,-5.5218404555505554e-06
100,47,raw,longest,8,exact_fixed_orientation,8.07889175415039,8.078892200253904,-5.5218404555505554e-06
100,47,raw,longest,8,exact_reversible,8.07889175415039,8.078892200253904,-5.5218404555505554e-06
100,47,raw,longest,8,greedy_pair,8.07889175415039,8.078892200253904,-5.5218404555505554e-06
100,47,raw,longest,8,random_mean,8.07889175415039,10.45102743525058,-29.3621421512616
100,47,raw,longest,8,random_best,8.07889175415039,9.685825928114355,-19.89052735034393
100,47,raw,longest,8,model_route,8.07889175415039,8.078892200253904,-5.5218404555505554e-06
100,47,raw,longest,8,model_learned,8.07889175415039,9.2946617892012,-15.048722919529508
100,47,raw,longest,12,original_order,8.07889175415039,8.078892200253904,-5.5218404555505554e-06
100,47,raw,longest,12,exact_fixed_orientation,8.07889175415039,8.078892200253904,-5.5218404555505554e-06
100,47,raw,longest,12,exact_reversible,8.07889175415039,8.078892200253904,-5.5218404555505554e-06
100,47,raw,longest,12,greedy_pair,8.07889175415039,8.602988763712347,-6.487238912350945
100,47,raw,longest,12,random_mean,8.07889175415039,12.674166516400874,-56.88001401788482
100,47,raw,longest,12,random_best,8.07889175415039,11.871661960147321,-46.946664485861696
100,47,raw,longest,12,model_route,8.07889175415039,9.388741253875196,-16.21323245297714
100,47,raw,longest,12,model_learned,8.07889175415039,9.580046220682561,-18.581192968218428
100,47,two_opt,longest,4,original_order,8.06643295288086,8.06643274333328,2.5977725286075117e-06
100,47,two_opt,longest,4,exact_fixed_orientation,8.06643295288086,8.06643274333328,2.5977725286075117e-06
100,47,two_opt,longest,4,exact_reversible,8.06643295288086,8.06643274333328,2.5977725286075117e-06
100,47,two_opt,longest,4,greedy_pair,8.06643295288086,8.06643274333328,2.5977725286075117e-06
100,47,two_opt,longest,4,random_mean,8.06643295288086,9.27725609112531,-15.010639093107626
100,47,two_opt,longest,4,random_best,8.06643295288086,8.830967797897756,-9.477979293732918
100,47,two_opt,longest,4,model_route,8.06643295288086,8.06643274333328,2.5977725286075117e-06
100,47,two_opt,longest,4,model_learned,8.06643295288086,8.06643274333328,2.5977725286075117e-06
100,47,two_opt,longest,8,original_order,8.06643295288086,8.06643274333328,2.5977725286075117e-06
100,47,two_opt,longest,8,exact_fixed_orientation,8.06643295288086,8.06643274333328,2.5977725286075117e-06
100,47,two_opt,longest,8,exact_reversible,8.06643295288086,8.06643274333328,2.5977725286075117e-06
100,47,two_opt,longest,8,greedy_pair,8.06643295288086,8.573533712886274,-6.286555196920191
100,47,two_opt,longest,8,random_mean,8.06643295288086,10.122026129625738,-25.483298364374804
100,47,two_opt,longest,8,random_best,8.06643295288086,9.525913610123098,-18.093259632450017
100,47,two_opt,longest,8,model_route,8.06643295288086,8.06643274333328,2.5977725286075117e-06
100,47,two_opt,longest,8,model_learned,8.06643295288086,9.199078558944166,-14.041468052601756
100,47,two_opt,longest,12,original_order,8.06643295288086,8.06643274333328,2.5977725286075117e-06
100,47,two_opt,longest,12,exact_fixed_orientation,8.06643295288086,8.06643274333328,2.5977725286075117e-06
100,47,two_opt,longest,12,exact_reversible,8.06643295288086,8.06643274333328,2.5977725286075117e-06
100,47,two_opt,longest,12,greedy_pair,8.06643295288086,8.573533712886274,-6.286555196920191
100,47,two_opt,longest,12,random_mean,8.06643295288086,12.72831227723509,-57.79356689116569
100,47,two_opt,longest,12,random_best,8.06643295288086,11.910348712466657,-47.653228906005786
100,47,two_opt,longest,12,model_route,8.06643295288086,8.06643274333328,2.5977725286075117e-06
100,47,two_opt,longest,12,model_learned,8.06643295288086,8.97197565343231,-11.226061207488785
