n,instance,origin,fragments,cut_samples,method,baseline_cost,cost,improvement_pct
50,0,raw,4,64,single_random_fixed_mean,5.743530750274658,5.7435302417725325,8.853476160386788e-06
50,0,raw,4,64,best_random_fixed,5.743530750274658,5.7435302417725325,8.853476160386788e-06
50,0,raw,4,64,best_random_reversible,5.743530750274658,5.7435302417725325,8.853476160386788e-06
50,0,raw,4,64,longest_fixed,5.743530750274658,5.7435302417725325,8.853476160386788e-06
50,0,raw,4,64,longest_reversible,5.743530750274658,5.7435302417725325,8.853476160386788e-06
50,0,raw,4,64,best_combined_reversible,5.743530750274658,5.7435302417725325,8.853476160386788e-06
50,0,raw,8,64,single_random_fixed_mean,5.743530750274658,5.7435302417725325,8.853476160386788e-06
50,0,raw,8,64,best_random_fixed,5.743530750274658,5.7435302417725325,8.853476160386788e-06
50,0,raw,8,64,best_random_reversible,5.743530750274658,5.7435302417725325,8.853476160386788e-06
50,0,raw,8,64,longest_fixed,5.743530750274658,5.7435302417725325,8.853476160386788e-06
50,0,raw,8,64,longest_reversible,5.743530750274658,5.7435302417725325,8.853476160386788e-06
50,0,raw,8,64,best_combined_reversible,5.743530750274658,5.7435302417725325,8.853476160386788e-06
50,0,two_opt,4,64,single_random_fixed_mean,5.741904258728027,5.741903962567449,5.1578808245982315e-06
50,0,two_opt,4,64,best_random_fixed,5.741904258728027,5.741903962567449,5.1578808245982315e-06
50,0,two_opt,4,64,best_random_reversible,5.741904258728027,5.741903962567449,5.1578808245982315e-06
50,0,two_opt,4,64,longest_fixed,5.741904258728027,5.741903962567449,5.1578808245982315e-06
50,0,two_opt,4,64,longest_reversible,5.741904258728027,5.741903962567449,5.1578808245982315e-06
50,0,two_opt,4,64,best_combined_reversible,5.741904258728027,5.741903962567449,5.1578808245982315e-06
50,0,two_opt,8,64,single_random_fixed_mean,5.741904258728027,5.741903962567449,5.1578808245982315e-06
50,0,two_opt,8,64,best_random_fixed,5.741904258728027,5.741903962567449,5.1578808245982315e-06
50,0,two_opt,8,64,best_random_reversible,5.741904258728027,5.741903962567449,5.1578808245982315e-06
50,0,two_opt,8,64,longest_fixed,5.741904258728027,5.741903962567449,5.1578808245982315e-06
50,0,two_opt,8,64,longest_reversible,5.741904258728027,5.741903962567449,5.1578808245982315e-06
50,0,two_opt,8,64,best_combined_reversible,5.741904258728027,5.741903962567449,5.1578808245982315e-06
50,1,raw,4,64,single_random_fixed_mean,5.46506929397583,5.465068988036364,5.5980894166963834e-06
50,1,raw,4,64,best_random_fixed,5.46506929397583,5.465068988036364,5.5980894166963834e-06
50,1,raw,4,64,best_random_reversible,5.46506929397583,5.465068988036364,5.5980894166963834e-06
50,1,raw,4,64,longest_fixed,5.46506929397583,5.465068988036364,5.5980894166963834e-06
50,1,raw,4,64,longest_reversible,5.46506929397583,5.465068988036364,5.5980894166963834e-06
50,1,raw,4,64,best_combined_reversible,5.46506929397583,5.465068988036364,5.5980894166963834e-06
50,1,raw,8,64,single_random_fixed_mean,5.46506929397583,5.465068988036364,5.5980894166963834e-06
50,1,raw,8,64,best_random_fixed,5.46506929397583,5.465068988036364,5.5980894166963834e-06
50,1,raw,8,64,best_random_reversible,5.46506929397583,5.465068988036364,5.5980894166963834e-06
50,1,raw,8,64,longest_fixed,5.46506929397583,5.465068988036364,5.5980894166963834e-06
50,1,raw,8,64,longest_reversible,5.46506929397583,5.465068988036364,5.5980894166963834e-06
50,1,raw,8,64,best_combined_reversible,5.46506929397583,5.465068988036364,5.5980894166963834e-06
50,1,two_opt,4,64,single_random_fixed_mean,5.46506929397583,5.465068988036364,5.5980894166963834e-06
50,1,two_opt,4,64,best_random_fixed,5.46506929397583,5.465068988036364,5.5980894166963834e-06
50,1,two_opt,4,64,best_random_reversible,5.46506929397583,5.465068988036364,5.5980894166963834e-06
50,1,two_opt,4,64,longest_fixed,5.46506929397583,5.465068988036364,5.5980894166963834e-06
50,1,two_opt,4,64,longest_reversible,5.46506929397583,5.465068988036364,5.5980894166963834e-06
50,1,two_opt,4,64,best_combined_reversible,5.46506929397583,5.465068988036364,5.5980894166963834e-06
50,1,two_opt,8,64,single_random_fixed_mean,5.46506929397583,5.465068988036364,5.5980894166963834e-06
50,1,two_opt,8,64,best_random_fixed,5.46506929397583,5.465068988036364,5.5980894166963834e-06
50,1,two_opt,8,64,best_random_reversible,5.46506929397583,5.465068988036364,5.5980894166963834e-06
50,1,two_opt,8,64,longest_fixed,5.46506929397583,5.465068988036364,5.5980894166963834e-06
50,1,two_opt,8,64,longest_reversible,5.46506929397583,5.465068988036364,5.5980894166963834e-06
50,1,two_opt,8,64,best_combined_reversible,5.46506929397583,5.465068988036364,5.5980894166963834e-06
50,2,raw,4,64,single_random_fixed_mean,5.552214622497559,5.552214992232621,-6.659235769168207e-06
50,2,raw,4,64,best_random_fixed,5.552214622497559,5.552214992232621,-6.659235769168207e-06
50,2,raw,4,64,best_random_reversible,5.552214622497559,5.552214992232621,-6.659235769168207e-06
50,2,raw,4,64,longest_fixed,5.552214622497559,5.552214992232621,-6.659235769168207e-06
50,2,raw,4,64,longest_reversible,5.552214622497559,5.552214992232621,-6.659235769168207e-06
50,2,raw,4,64,best_combined_reversible,5.552214622497559,5.552214992232621,-6.659235769168207e-06
50,2,raw,8,64,single_random_fixed_mean,5.552214622497559,5.552214992232621,-6.659235769168207e-06
50,2,raw,8,64,best_random_fixed,5.552214622497559,5.552214992232621,-6.659235769168207e-06
50,2,raw,8,64,best_random_reversible,5.552214622497559,5.552214992232621,-6.659235769168207e-06
50,2,raw,8,64,longest_fixed,5.552214622497559,5.552214992232621,-6.659235769168207e-06
50,2,raw,8,64,longest_reversible,5.552214622497559,5.552214992232621,-6.659235769168207e-06
50,2,raw,8,64,best_combined_reversible,5.552214622497559,5.552214992232621,-6.659235769168207e-06
50,2,two_opt,4,64,single_random_fixed_mean,5.536808013916016,5.5368080558255315,-7.569255743085664e-07
50,2,two_opt,4,64,best_random_fixed,5.536808013916016,5.5368080558255315,-7.569255743085664e-07
50,2,two_opt,4,64,best_random_reversible,5.536808013916016,5.5368080558255315,-7.569255743085664e-07
50,2,two_opt,4,64,longest_fixed,5.536808013916016,5.5368080558255315,-7.569255743085664e-07
50,2,two_opt,4,64,longest_reversible,5.536808013916016,5.5368080558255315,-7.569255743085664e-07
50,2,two_opt,4,64,best_combined_reversible,5.536808013916016,5.5368080558255315,-7.569255743085664e-07
50,2,two_opt,8,64,single_random_fixed_mean,5.536808013916016,5.5368080558255315,-7.569255743085664e-07
50,2,two_opt,8,64,best_random_fixed,5.536808013916016,5.5368080558255315,-7.569255743085664e-07
50,2,two_opt,8,64,best_random_reversible,5.536808013916016,5.5368080558255315,-7.569255743085664e-07
50,2,two_opt,8,64,longest_fixed,5.536808013916016,5.5368080558255315,-7.569255743085664e-07
50,2,two_opt,8,64,longest_reversible,5.536808013916016,5.5368080558255315,-7.569255743085664e-07
50,2,two_opt,8,64,best_combined_reversible,5.536808013916016,5.5368080558255315,-7.569255743085664e-07
50,3,raw,4,64,single_random_fixed_mean,5.57831335067749,5.578312977217138,6.694861492057449e-06
50,3,raw,4,64,best_random_fixed,5.57831335067749,5.578312977217138,6.694861492057449e-06
50,3,raw,4,64,best_random_reversible,5.57831335067749,5.578312977217138,6.694861492057449e-06
50,3,raw,4,64,longest_fixed,5.57831335067749,5.578312977217138,6.694861492057449e-06
50,3,raw,4,64,longest_reversible,5.57831335067749,5.578312977217138,6.694861492057449e-06
50,3,raw,4,64,best_combined_reversible,5.57831335067749,5.578312977217138,6.694861492057449e-06
50,3,raw,8,64,single_random_fixed_mean,5.57831335067749,5.578312977217138,6.694861492057449e-06
50,3,raw,8,64,best_random_fixed,5.57831335067749,5.578312977217138,6.694861492057449e-06
50,3,raw,8,64,best_random_reversible,5.57831335067749,5.575554384849966,0.04945878178732257
50,3,raw,8,64,longest_fixed,5.57831335067749,5.578312977217138,6.694861492057449e-06
50,3,raw,8,64,longest_reversible,5.57831335067749,5.578312977217138,6.694861492057449e-06
50,3,raw,8,64,best_combined_reversible,5.57831335067749,5.575554384849966,0.04945878178732257
50,3,two_opt,4,64,single_random_fixed_mean,5.566641807556152,5.566641747020185,1.0874773237220807e-06
50,3,two_opt,4,64,best_random_fixed,5.566641807556152,5.566641747020185,1.0874773237220807e-06
50,3,two_opt,4,64,best_random_reversible,5.566641807556152,5.566641747020185,1.0874773237220807e-06
50,3,two_opt,4,64,longest_fixed,5.566641807556152,5.566641747020185,1.0874773237220807e-06
50,3,two_opt,4,64,longest_reversible,5.566641807556152,5.566641747020185,1.0874773237220807e-06
50,3,two_opt,4,64,best_combined_reversible,5.566641807556152,5.566641747020185,1.0874773237220807e-06
50,3,two_opt,8,64,single_random_fixed_mean,5.566641807556152,5.566641747020185,1.0874773237220807e-06
50,3,two_opt,8,64,best_random_fixed,5.566641807556152,5.566641747020185,1.0874773237220807e-06
50,3,two_opt,8,64,best_random_reversible,5.566641807556152,5.566641747020185,1.0874773237220807e-06
50,3,two_opt,8,64,longest_fixed,5.566641807556152,5.566641747020185,1.0874773237220807e-06
50,3,two_opt,8,64,longest_reversible,5.566641807556152,5.566641747020185,1.0874773237220807e-06
50,3,two_opt,8,64,best_combined_reversible,5.566641807556152,5.566641747020185,1.0874773237220807e-06
50,4,raw,4,64,single_random_fixed_mean,5.533407211303711,5.53340700827539,3.6691375406354627e-06
50,4,raw,4,64,best_random_fixed,5.533407211303711,5.53340700827539,3.6691375406354627e-06
50,4,raw,4,64,best_random_reversible,5.533407211303711,5.53340700827539,3.6691375406354627e-06
50,4,raw,4,64,longest_fixed,5.533407211303711,5.53340700827539,3.6691375406354627e-06
50,4,raw,4,64,longest_reversible,5.533407211303711,5.53340700827539,3.6691375406354627e-06
50,4,raw,4,64,best_combined_reversible,5.533407211303711,5.53340700827539,3.6691375406354627e-06
50,4,raw,8,64,single_random_fixed_mean,5.533407211303711,5.53340700827539,3.6691375406354627e-06
50,4,raw,8,64,best_random_fixed,5.533407211303711,5.53340700827539,3.6691375406354627e-06
50,4,raw,8,64,best_random_reversible,5.533407211303711,5.53340700827539,3.6691375406354627e-06
50,4,raw,8,64,longest_fixed,5.533407211303711,5.53340700827539,3.6691375406354627e-06
50,4,raw,8,64,longest_reversible,5.533407211303711,5.53340700827539,3.6691375406354627e-06
50,4,raw,8,64,best_combined_reversible,5.533407211303711,5.53340700827539,3.6691375406354627e-06
50,4,two_opt,4,64,single_random_fixed_mean,5.533407211303711,5.53340700827539,3.6691375406354627e-06
50,4,two_opt,4,64,best_random_fixed,5.533407211303711,5.53340700827539,3.6691375406354627e-06
50,4,two_opt,4,64,best_random_reversible,5.533407211303711,5.53340700827539,3.6691375406354627e-06
50,4,two_opt,4,64,longest_fixed,5.533407211303711,5.53340700827539,3.6691375406354627e-06
50,4,two_opt,4,64,longest_reversible,5.533407211303711,5.53340700827539,3.6691375406354627e-06
50,4,two_opt,4,64,best_combined_reversible,5.533407211303711,5.53340700827539,3.6691375406354627e-06
50,4,two_opt,8,64,single_random_fixed_mean,5.533407211303711,5.53340700827539,3.6691375406354627e-06
50,4,two_opt,8,64,best_random_fixed,5.533407211303711,5.53340700827539,3.6691375406354627e-06
50,4,two_opt,8,64,best_random_reversible,5.533407211303711,5.53340700827539,3.6691375406354627e-06
50,4,two_opt,8,64,longest_fixed,5.533407211303711,5.53340700827539,3.6691375406354627e-06
50,4,two_opt,8,64,longest_reversible,5.533407211303711,5.53340700827539,3.6691375406354627e-06
50,4,two_opt,8,64,best_combined_reversible,5.533407211303711,5.53340700827539,3.6691375406354627e-06
50,5,raw,4,64,single_random_fixed_mean,5.503448963165283,5.503449220210314,-4.670617140529161e-06
50,5,raw,4,64,best_random_fixed,5.503448963165283,5.503449220210314,-4.670617140529161e-06
50,5,raw,4,64,best_random_reversible,5.503448963165283,5.503449220210314,-4.670617140529161e-06
50,5,raw,4,64,longest_fixed,5.503448963165283,5.503449220210314,-4.670617140529161e-06
50,5,raw,4,64,longest_reversible,5.503448963165283,5.503449220210314,-4.670617140529161e-06
50,5,raw,4,64,best_combined_reversible,5.503448963165283,5.503449220210314,-4.670617140529161e-06
50,5,raw,8,64,single_random_fixed_mean,5.503448963165283,5.503449220210314,-4.670617140529161e-06
50,5,raw,8,64,best_random_fixed,5.503448963165283,5.503449220210314,-4.670617140529161e-06
50,5,raw,8,64,best_random_reversible,5.503448963165283,5.503449220210314,-4.670617140529161e-06
50,5,raw,8,64,longest_fixed,5.503448963165283,5.503449220210314,-4.670617140529161e-06
50,5,raw,8,64,longest_reversible,5.503448963165283,5.503449220210314,-4.670617140529161e-06
50,5,raw,8,64,best_combined_reversible,5.503448963165283,5.503449220210314,-4.670617140529161e-06
50,5,two_opt,4,64,single_random_fixed_mean,5.503448963165283,5.503449220210314,-4.670617140529161e-06
50,5,two_opt,4,64,best_random_fixed,5.503448963165283,5.503449220210314,-4.670617140529161e-06
50,5,two_opt,4,64,best_random_reversible,5.503448963165283,5.503449220210314,-4.670617140529161e-06
50,5,two_opt,4,64,longest_fixed,5.503448963165283,5.503449220210314,-4.670617140529161e-06
50,5,two_opt,4,64,longest_reversible,5.503448963165283,5.503449220210314,-4.670617140529161e-06
50,5,two_opt,4,64,best_combined_reversible,5.503448963165283,5.503449220210314,-4.670617140529161e-06
50,5,two_opt,8,64,single_random_fixed_mean,5.503448963165283,5.503449220210314,-4.670617140529161e-06
50,5,two_opt,8,64,best_random_fixed,5.503448963165283,5.503449220210314,-4.670617140529161e-06
50,5,two_opt,8,64,best_random_reversible,5.503448963165283,5.503449220210314,-4.670617140529161e-06
50,5,two_opt,8,64,longest_fixed,5.503448963165283,5.503449220210314,-4.670617140529161e-06
50,5,two_opt,8,64,longest_reversible,5.503448963165283,5.503449220210314,-4.670617140529161e-06
50,5,two_opt,8,64,best_combined_reversible,5.503448963165283,5.503449220210314,-4.670617140529161e-06
50,6,raw,4,64,single_random_fixed_mean,6.003438949584961,6.003438780084252,2.823393558316026e-06
50,6,raw,4,64,best_random_fixed,6.003438949584961,6.003438780084252,2.823393558316026e-06
50,6,raw,4,64,best_random_reversible,6.003438949584961,6.003438780084252,2.823393558316026e-06
50,6,raw,4,64,longest_fixed,6.003438949584961,6.003438780084252,2.823393558316026e-06
50,6,raw,4,64,longest_reversible,6.003438949584961,6.003438780084252,2.823393558316026e-06
50,6,raw,4,64,best_combined_reversible,6.003438949584961,6.003438780084252,2.823393558316026e-06
50,6,raw,8,64,single_random_fixed_mean,6.003438949584961,6.003438780084252,2.823393558316026e-06
50,6,raw,8,64,best_random_fixed,6.003438949584961,6.003438780084252,2.823393558316026e-06
50,6,raw,8,64,best_random_reversible,6.003438949584961,6.003438780084252,2.823393558316026e-06
50,6,raw,8,64,longest_fixed,6.003438949584961,6.003438780084252,2.823393558316026e-06
50,6,raw,8,64,longest_reversible,6.003438949584961,6.003438780084252,2.823393558316026e-06
50,6,raw,8,64,best_combined_reversible,6.003438949584961,6.003438780084252,2.823393558316026e-06
50,6,two_opt,4,64,single_random_fixed_mean,6.003438949584961,6.003438780084252,2.823393558316026e-06
50,6,two_opt,4,64,best_random_fixed,6.003438949584961,6.003438780084252,2.823393558316026e-06
50,6,two_opt,4,64,best_random_reversible,6.003438949584961,6.003438780084252,2.823393558316026e-06
50,6,two_opt,4,64,longest_fixed,6.003438949584961,6.003438780084252,2.823393558316026e-06
50,6,two_opt,4,64,longest_reversible,6.003438949584961,6.003438780084252,2.823393558316026e-06
50,6,two_opt,4,64,best_combined_reversible,6.003438949584961,6.003438780084252,2.823393558316026e-06
50,6,two_opt,8,64,single_random_fixed_mean,6.003438949584961,6.003438780084252,2.823393558316026e-06
50,6,two_opt,8,64,best_random_fixed,6.003438949584961,6.003438780084252,2.823393558316026e-06
50,6,two_opt,8,64,best_random_reversible,6.003438949584961,6.003438780084252,2.823393558316026e-06
50,6,two_opt,8,64,longest_fixed,6.003438949584961,6.003438780084252,2.823393558316026e-06
50,6,two_opt,8,64,longest_reversible,6.003438949584961,6.003438780084252,2.823393558316026e-06
50,6,two_opt,8,64,best_combined_reversible,6.003438949584961,6.003438780084252,2.823393558316026e-06
50,7,raw,4,64,single_random_fixed_mean,5.534050941467285,5.534051411785185,-8.498618916871005e-06
50,7,raw,4,64,best_random_fixed,5.534050941467285,5.534051411785185,-8.498618916871005e-06
50,7,raw,4,64,best_random_reversible,5.534050941467285,5.534051411785185,-8.498618916871005e-06
50,7,raw,4,64,longest_fixed,5.534050941467285,5.534051411785185,-8.498618916871005e-06
50,7,raw,4,64,longest_reversible,5.534050941467285,5.534051411785185,-8.498618916871005e-06
50,7,raw,4,64,best_combined_reversible,5.534050941467285,5.534051411785185,-8.498618916871005e-06
50,7,raw,8,64,single_random_fixed_mean,5.534050941467285,5.534051411785185,-8.498618916871005e-06
50,7,raw,8,64,best_random_fixed,5.534050941467285,5.534051411785185,-8.498618916871005e-06
50,7,raw,8,64,best_random_reversible,5.534050941467285,5.531352804042399,0.04875519675232424
50,7,raw,8,64,longest_fixed,5.534050941467285,5.534051411785185,-8.498618916871005e-06
50,7,raw,8,64,longest_reversible,5.534050941467285,5.534051411785185,-8.498618916871005e-06
50,7,raw,8,64,best_combined_reversible,5.534050941467285,5.531352804042399,0.04875519675232424
50,7,two_opt,4,64,single_random_fixed_mean,5.531352996826172,5.531352804042399,3.4852914477890166e-06
50,7,two_opt,4,64,best_random_fixed,5.531352996826172,5.531352804042399,3.4852914477890166e-06
50,7,two_opt,4,64,best_random_reversible,5.531352996826172,5.531352804042399,3.4852914477890166e-06
50,7,two_opt,4,64,longest_fixed,5.531352996826172,5.531352804042399,3.4852914477890166e-06
50,7,two_opt,4,64,longest_reversible,5.531352996826172,5.531352804042399,3.4852914477890166e-06
50,7,two_opt,4,64,best_combined_reversible,5.531352996826172,5.531352804042399,3.4852914477890166e-06
50,7,two_opt,8,64,single_random_fixed_mean,5.531352996826172,5.531352804042399,3.4852914477890166e-06
50,7,two_opt,8,64,best_random_fixed,5.531352996826172,5.531352804042399,3.4852914477890166e-06
50,7,two_opt,8,64,best_random_reversible,5.531352996826172,5.531352804042399,3.4852914477890166e-06
50,7,two_opt,8,64,longest_fixed,5.531352996826172,5.531352804042399,3.4852914477890166e-06
50,7,two_opt,8,64,longest_reversible,5.531352996826172,5.531352804042399,3.4852914477890166e-06
50,7,two_opt,8,64,best_combined_reversible,5.531352996826172,5.531352804042399,3.4852914477890166e-06
50,8,raw,4,64,single_random_fixed_mean,5.643372058868408,5.643372589722276,-9.406678524705812e-06
50,8,raw,4,64,best_random_fixed,5.643372058868408,5.643372589722276,-9.406678524705812e-06
50,8,raw,4,64,best_random_reversible,5.643372058868408,5.643372589722276,-9.406678524705812e-06
50,8,raw,4,64,longest_fixed,5.643372058868408,5.643372589722276,-9.406678524705812e-06
50,8,raw,4,64,longest_reversible,5.643372058868408,5.643372589722276,-9.406678524705812e-06
50,8,raw,4,64,best_combined_reversible,5.643372058868408,5.643372589722276,-9.406678524705812e-06
50,8,raw,8,64,single_random_fixed_mean,5.643372058868408,5.643372589722276,-9.406678524705812e-06
50,8,raw,8,64,best_random_fixed,5.643372058868408,5.643372589722276,-9.406678524705812e-06
50,8,raw,8,64,best_random_reversible,5.643372058868408,5.643372589722276,-9.406678524705812e-06
50,8,raw,8,64,longest_fixed,5.643372058868408,5.643372589722276,-9.406678524705812e-06
50,8,raw,8,64,longest_reversible,5.643372058868408,5.643372589722276,-9.406678524705812e-06
50,8,raw,8,64,best_combined_reversible,5.643372058868408,5.643372589722276,-9.406678524705812e-06
50,8,two_opt,4,64,single_random_fixed_mean,5.643372058868408,5.643372589722276,-9.406678524705812e-06
50,8,two_opt,4,64,best_random_fixed,5.643372058868408,5.643372589722276,-9.406678524705812e-06
50,8,two_opt,4,64,best_random_reversible,5.643372058868408,5.643372589722276,-9.406678524705812e-06
50,8,two_opt,4,64,longest_fixed,5.643372058868408,5.643372589722276,-9.406678524705812e-06
50,8,two_opt,4,64,longest_reversible,5.643372058868408,5.643372589722276,-9.406678524705812e-06
50,8,two_opt,4,64,best_combined_reversible,5.643372058868408,5.643372589722276,-9.406678524705812e-06
50,8,two_opt,8,64,single_random_fixed_mean,5.643372058868408,5.643372589722276,-9.406678524705812e-06
50,8,two_opt,8,64,best_random_fixed,5.643372058868408,5.643372589722276,-9.406678524705812e-06
50,8,two_opt,8,64,best_random_reversible,5.643372058868408,5.643372589722276,-9.406678524705812e-06
50,8,two_opt,8,64,longest_fixed,5.643372058868408,5.643372589722276,-9.406678524705812e-06
50,8,two_opt,8,64,longest_reversible,5.643372058868408,5.643372589722276,-9.406678524705812e-06
50,8,two_opt,8,64,best_combined_reversible,5.643372058868408,5.643372589722276,-9.406678524705812e-06
50,9,raw,4,64,single_random_fixed_mean,6.254759311676025,6.254759838571772,-8.423917217807698e-06
50,9,raw,4,64,best_random_fixed,6.254759311676025,6.254759838571772,-8.423917217807698e-06
50,9,raw,4,64,best_random_reversible,6.254759311676025,6.254759838571772,-8.423917217807698e-06
50,9,raw,4,64,longest_fixed,6.254759311676025,6.254759838571772,-8.423917217807698e-06
50,9,raw,4,64,longest_reversible,6.254759311676025,6.254759838571772,-8.423917217807698e-06
50,9,raw,4,64,best_combined_reversible,6.254759311676025,6.254759838571772,-8.423917217807698e-06
50,9,raw,8,64,single_random_fixed_mean,6.254759311676025,6.254759838571772,-8.423917217807698e-06
50,9,raw,8,64,best_random_fixed,6.254759311676025,6.254759838571772,-8.423917217807698e-06
50,9,raw,8,64,best_random_reversible,6.254759311676025,6.2513803818728775,0.05402173984281569
50,9,raw,8,64,longest_fixed,6.254759311676025,6.254759838571772,-8.423917217807698e-06
50,9,raw,8,64,longest_reversible,6.254759311676025,6.254759838571772,-8.423917217807698e-06
50,9,raw,8,64,best_combined_reversible,6.254759311676025,6.2513803818728775,0.05402173984281569
50,9,two_opt,4,64,single_random_fixed_mean,6.24640417098999,6.246404034784064,2.1805493658270035e-06
50,9,two_opt,4,64,best_random_fixed,6.24640417098999,6.246404034784064,2.1805493658270035e-06
50,9,two_opt,4,64,best_random_reversible,6.24640417098999,6.246404034784064,2.1805493658270035e-06
50,9,two_opt,4,64,longest_fixed,6.24640417098999,6.246404034784064,2.1805493658270035e-06
50,9,two_opt,4,64,longest_reversible,6.24640417098999,6.246404034784064,2.1805493658270035e-06
50,9,two_opt,4,64,best_combined_reversible,6.24640417098999,6.246404034784064,2.1805493658270035e-06
50,9,two_opt,8,64,single_random_fixed_mean,6.24640417098999,6.246404034784064,2.1805493658270035e-06
50,9,two_opt,8,64,best_random_fixed,6.24640417098999,6.246404034784064,2.1805493658270035e-06
50,9,two_opt,8,64,best_random_reversible,6.24640417098999,6.246404034784064,2.1805493658270035e-06
50,9,two_opt,8,64,longest_fixed,6.24640417098999,6.246404034784064,2.1805493658270035e-06
50,9,two_opt,8,64,longest_reversible,6.24640417098999,6.246404034784064,2.1805493658270035e-06
50,9,two_opt,8,64,best_combined_reversible,6.24640417098999,6.246404034784064,2.1805493658270035e-06
50,10,raw,4,64,single_random_fixed_mean,5.672022819519043,5.672022696584463,2.1673851421434754e-06
50,10,raw,4,64,best_random_fixed,5.672022819519043,5.672022696584463,2.1673851421434754e-06
50,10,raw,4,64,best_random_reversible,5.672022819519043,5.672022696584463,2.1673851421434754e-06
50,10,raw,4,64,longest_fixed,5.672022819519043,5.672022696584463,2.1673851421434754e-06
50,10,raw,4,64,longest_reversible,5.672022819519043,5.672022696584463,2.1673851421434754e-06
50,10,raw,4,64,best_combined_reversible,5.672022819519043,5.672022696584463,2.1673851421434754e-06
50,10,raw,8,64,single_random_fixed_mean,5.672022819519043,5.672022696584463,2.1673851421434754e-06
50,10,raw,8,64,best_random_fixed,5.672022819519043,5.672022696584463,2.1673851421434754e-06
50,10,raw,8,64,best_random_reversible,5.672022819519043,5.672022696584463,2.1673851421434754e-06
50,10,raw,8,64,longest_fixed,5.672022819519043,5.672022696584463,2.1673851421434754e-06
50,10,raw,8,64,longest_reversible,5.672022819519043,5.672022696584463,2.1673851421434754e-06
50,10,raw,8,64,best_combined_reversible,5.672022819519043,5.672022696584463,2.1673851421434754e-06
50,10,two_opt,4,64,single_random_fixed_mean,5.626871585845947,5.626871544867754,7.2825890297833e-07
50,10,two_opt,4,64,best_random_fixed,5.626871585845947,5.626871544867754,7.2825890297833e-07
50,10,two_opt,4,64,best_random_reversible,5.626871585845947,5.626871544867754,7.2825890297833e-07
50,10,two_opt,4,64,longest_fixed,5.626871585845947,5.626871544867754,7.2825890297833e-07
50,10,two_opt,4,64,longest_reversible,5.626871585845947,5.626871544867754,7.2825890297833e-07
50,10,two_opt,4,64,best_combined_reversible,5.626871585845947,5.626871544867754,7.2825890297833e-07
50,10,two_opt,8,64,single_random_fixed_mean,5.626871585845947,5.626871544867754,7.2825890297833e-07
50,10,two_opt,8,64,best_random_fixed,5.626871585845947,5.626871544867754,7.2825890297833e-07
50,10,two_opt,8,64,best_random_reversible,5.626871585845947,5.626871544867754,7.2825890297833e-07
50,10,two_opt,8,64,longest_fixed,5.626871585845947,5.626871544867754,7.2825890297833e-07
50,10,two_opt,8,64,longest_reversible,5.626871585845947,5.626871544867754,7.2825890297833e-07
50,10,two_opt,8,64,best_combined_reversible,5.626871585845947,5.626871544867754,7.2825890297833e-07
50,11,raw,4,64,single_random_fixed_mean,5.948694705963135,5.948694618418813,1.471655990785645e-06
50,11,raw,4,64,best_random_fixed,5.948694705963135,5.948694618418813,1.471655990785645e-06
50,11,raw,4,64,best_random_reversible,5.948694705963135,5.948694618418813,1.471655990785645e-06
50,11,raw,4,64,longest_fixed,5.948694705963135,5.948694618418813,1.471655990785645e-06
50,11,raw,4,64,longest_reversible,5.948694705963135,5.948694618418813,1.471655990785645e-06
50,11,raw,4,64,best_combined_reversible,5.948694705963135,5.948694618418813,1.471655990785645e-06
50,11,raw,8,64,single_random_fixed_mean,5.948694705963135,5.948694618418813,1.471655990785645e-06
50,11,raw,8,64,best_random_fixed,5.948694705963135,5.948694618418813,1.471655990785645e-06
50,11,raw,8,64,best_random_reversible,5.948694705963135,5.948694618418813,1.471655990785645e-06
50,11,raw,8,64,longest_fixed,5.948694705963135,5.948694618418813,1.471655990785645e-06
50,11,raw,8,64,longest_reversible,5.948694705963135,5.948694618418813,1.471655990785645e-06
50,11,raw,8,64,best_combined_reversible,5.948694705963135,5.948694618418813,1.471655990785645e-06
50,11,two_opt,4,64,single_random_fixed_mean,5.948694705963135,5.948694618418813,1.471655990785645e-06
50,11,two_opt,4,64,best_random_fixed,5.948694705963135,5.948694618418813,1.471655990785645e-06
50,11,two_opt,4,64,best_random_reversible,5.948694705963135,5.948694618418813,1.471655990785645e-06
50,11,two_opt,4,64,longest_fixed,5.948694705963135,5.948694618418813,1.471655990785645e-06
50,11,two_opt,4,64,longest_reversible,5.948694705963135,5.948694618418813,1.471655990785645e-06
50,11,two_opt,4,64,best_combined_reversible,5.948694705963135,5.948694618418813,1.471655990785645e-06
50,11,two_opt,8,64,single_random_fixed_mean,5.948694705963135,5.948694618418813,1.471655990785645e-06
50,11,two_opt,8,64,best_random_fixed,5.948694705963135,5.948694618418813,1.471655990785645e-06
50,11,two_opt,8,64,best_random_reversible,5.948694705963135,5.948694618418813,1.471655990785645e-06
50,11,two_opt,8,64,longest_fixed,5.948694705963135,5.948694618418813,1.471655990785645e-06
50,11,two_opt,8,64,longest_reversible,5.948694705963135,5.948694618418813,1.471655990785645e-06
50,11,two_opt,8,64,best_combined_reversible,5.948694705963135,5.948694618418813,1.471655990785645e-06
50,12,raw,4,64,single_random_fixed_mean,5.4853081703186035,5.485308165661991,8.489245687734847e-08
50,12,raw,4,64,best_random_fixed,5.4853081703186035,5.485308165661991,8.489245687734847e-08
50,12,raw,4,64,best_random_reversible,5.4853081703186035,5.485308165661991,8.489245687734847e-08
50,12,raw,4,64,longest_fixed,5.4853081703186035,5.485308165661991,8.489245687734847e-08
50,12,raw,4,64,longest_reversible,5.4853081703186035,5.485308165661991,8.489245687734847e-08
50,12,raw,4,64,best_combined_reversible,5.4853081703186035,5.485308165661991,8.489245687734847e-08
50,12,raw,8,64,single_random_fixed_mean,5.4853081703186035,5.485308165661991,8.489245687734847e-08
50,12,raw,8,64,best_random_fixed,5.4853081703186035,5.485308165661991,8.489245687734847e-08
50,12,raw,8,64,best_random_reversible,5.4853081703186035,5.485308165661991,8.489245687734847e-08
50,12,raw,8,64,longest_fixed,5.4853081703186035,5.485308165661991,8.489245687734847e-08
50,12,raw,8,64,longest_reversible,5.4853081703186035,5.485308165661991,8.489245687734847e-08
50,12,raw,8,64,best_combined_reversible,5.4853081703186035,5.485308165661991,8.489245687734847e-08
50,12,two_opt,4,64,single_random_fixed_mean,5.484707832336426,5.4847082598134875,-7.793980551310498e-06
50,12,two_opt,4,64,best_random_fixed,5.484707832336426,5.4847082598134875,-7.793980551310498e-06
50,12,two_opt,4,64,best_random_reversible,5.484707832336426,5.4847082598134875,-7.793980551310498e-06
50,12,two_opt,4,64,longest_fixed,5.484707832336426,5.4847082598134875,-7.793980551310498e-06
50,12,two_opt,4,64,longest_reversible,5.484707832336426,5.4847082598134875,-7.793980551310498e-06
50,12,two_opt,4,64,best_combined_reversible,5.484707832336426,5.4847082598134875,-7.793980551310498e-06
50,12,two_opt,8,64,single_random_fixed_mean,5.484707832336426,5.4847082598134875,-7.793980551310498e-06
50,12,two_opt,8,64,best_random_fixed,5.484707832336426,5.4847082598134875,-7.793980551310498e-06
50,12,two_opt,8,64,best_random_reversible,5.484707832336426,5.4847082598134875,-7.793980551310498e-06
50,12,two_opt,8,64,longest_fixed,5.484707832336426,5.4847082598134875,-7.793980551310498e-06
50,12,two_opt,8,64,longest_reversible,5.484707832336426,5.4847082598134875,-7.793980551310498e-06
50,12,two_opt,8,64,best_combined_reversible,5.484707832336426,5.4847082598134875,-7.793980551310498e-06
50,13,raw,4,64,single_random_fixed_mean,5.807859897613525,5.807859668508172,3.944746557153489e-06
50,13,raw,4,64,best_random_fixed,5.807859897613525,5.807859668508172,3.944746557153489e-06
50,13,raw,4,64,best_random_reversible,5.807859897613525,5.807859668508172,3.944746557153489e-06
50,13,raw,4,64,longest_fixed,5.807859897613525,5.807859668508172,3.944746557153489e-06
50,13,raw,4,64,longest_reversible,5.807859897613525,5.807859668508172,3.944746557153489e-06
50,13,raw,4,64,best_combined_reversible,5.807859897613525,5.807859668508172,3.944746557153489e-06
50,13,raw,8,64,single_random_fixed_mean,5.807859897613525,5.807859668508172,3.944746557153489e-06
50,13,raw,8,64,best_random_fixed,5.807859897613525,5.807859668508172,3.944746557153489e-06
50,13,raw,8,64,best_random_reversible,5.807859897613525,5.807859668508172,3.944746557153489e-06
50,13,raw,8,64,longest_fixed,5.807859897613525,5.807859668508172,3.944746557153489e-06
50,13,raw,8,64,longest_reversible,5.807859897613525,5.807859668508172,3.944746557153489e-06
50,13,raw,8,64,best_combined_reversible,5.807859897613525,5.807859668508172,3.944746557153489e-06
50,13,two_opt,4,64,single_random_fixed_mean,5.807621479034424,5.807621339336038,2.405432011997243e-06
50,13,two_opt,4,64,best_random_fixed,5.807621479034424,5.807621339336038,2.405432011997243e-06
50,13,two_opt,4,64,best_random_reversible,5.807621479034424,5.807621339336038,2.405432011997243e-06
50,13,two_opt,4,64,longest_fixed,5.807621479034424,5.807621339336038,2.405432011997243e-06
50,13,two_opt,4,64,longest_reversible,5.807621479034424,5.807621339336038,2.405432011997243e-06
50,13,two_opt,4,64,best_combined_reversible,5.807621479034424,5.807621339336038,2.405432011997243e-06
50,13,two_opt,8,64,single_random_fixed_mean,5.807621479034424,5.807621339336038,2.405432011997243e-06
50,13,two_opt,8,64,best_random_fixed,5.807621479034424,5.807621339336038,2.405432011997243e-06
50,13,two_opt,8,64,best_random_reversible,5.807621479034424,5.807621339336038,2.405432011997243e-06
50,13,two_opt,8,64,longest_fixed,5.807621479034424,5.807621339336038,2.405432011997243e-06
50,13,two_opt,8,64,longest_reversible,5.807621479034424,5.807621339336038,2.405432011997243e-06
50,13,two_opt,8,64,best_combined_reversible,5.807621479034424,5.807621339336038,2.405432011997243e-06
50,14,raw,4,64,single_random_fixed_mean,5.636694431304932,5.636694550514221,-2.1148794032317895e-06
50,14,raw,4,64,best_random_fixed,5.636694431304932,5.636694550514221,-2.1148794032317895e-06
50,14,raw,4,64,best_random_reversible,5.636694431304932,5.636694550514221,-2.1148794032317895e-06
50,14,raw,4,64,longest_fixed,5.636694431304932,5.636694550514221,-2.1148794032317895e-06
50,14,raw,4,64,longest_reversible,5.636694431304932,5.636694550514221,-2.1148794032317895e-06
50,14,raw,4,64,best_combined_reversible,5.636694431304932,5.636694550514221,-2.1148794032317895e-06
50,14,raw,8,64,single_random_fixed_mean,5.636694431304932,5.636694550514221,-2.1148794032317895e-06
50,14,raw,8,64,best_random_fixed,5.636694431304932,5.636694550514221,-2.1148794032317895e-06
50,14,raw,8,64,best_random_reversible,5.636694431304932,5.636694550514221,-2.1148794032317895e-06
50,14,raw,8,64,longest_fixed,5.636694431304932,5.636694550514221,-2.1148794032317895e-06
50,14,raw,8,64,longest_reversible,5.636694431304932,5.636694550514221,-2.1148794032317895e-06
50,14,raw,8,64,best_combined_reversible,5.636694431304932,5.636694550514221,-2.1148794032317895e-06
50,14,two_opt,4,64,single_random_fixed_mean,5.636694431304932,5.636694550514221,-2.1148794032317895e-06
50,14,two_opt,4,64,best_random_fixed,5.636694431304932,5.636694550514221,-2.1148794032317895e-06
50,14,two_opt,4,64,best_random_reversible,5.636694431304932,5.636694550514221,-2.1148794032317895e-06
50,14,two_opt,4,64,longest_fixed,5.636694431304932,5.636694550514221,-2.1148794032317895e-06
50,14,two_opt,4,64,longest_reversible,5.636694431304932,5.636694550514221,-2.1148794032317895e-06
50,14,two_opt,4,64,best_combined_reversible,5.636694431304932,5.636694550514221,-2.1148794032317895e-06
50,14,two_opt,8,64,single_random_fixed_mean,5.636694431304932,5.636694550514221,-2.1148794032317895e-06
50,14,two_opt,8,64,best_random_fixed,5.636694431304932,5.636694550514221,-2.1148794032317895e-06
50,14,two_opt,8,64,best_random_reversible,5.636694431304932,5.636694550514221,-2.1148794032317895e-06
50,14,two_opt,8,64,longest_fixed,5.636694431304932,5.636694550514221,-2.1148794032317895e-06
50,14,two_opt,8,64,longest_reversible,5.636694431304932,5.636694550514221,-2.1148794032317895e-06
50,14,two_opt,8,64,best_combined_reversible,5.636694431304932,5.636694550514221,-2.1148794032317895e-06
50,15,raw,4,64,single_random_fixed_mean,5.516885280609131,5.516885459423065,-3.241211756834441e-06
50,15,raw,4,64,best_random_fixed,5.516885280609131,5.516885459423065,-3.241211756834441e-06
50,15,raw,4,64,best_random_reversible,5.516885280609131,5.516885459423065,-3.241211756834441e-06
50,15,raw,4,64,longest_fixed,5.516885280609131,5.516885459423065,-3.241211756834441e-06
50,15,raw,4,64,longest_reversible,5.516885280609131,5.516885459423065,-3.241211756834441e-06
50,15,raw,4,64,best_combined_reversible,5.516885280609131,5.516885459423065,-3.241211756834441e-06
50,15,raw,8,64,single_random_fixed_mean,5.516885280609131,5.516885459423065,-3.241211756834441e-06
50,15,raw,8,64,best_random_fixed,5.516885280609131,5.516885459423065,-3.241211756834441e-06
50,15,raw,8,64,best_random_reversible,5.516885280609131,5.516885459423065,-3.241211756834441e-06
50,15,raw,8,64,longest_fixed,5.516885280609131,5.516885459423065,-3.241211756834441e-06
50,15,raw,8,64,longest_reversible,5.516885280609131,5.516885459423065,-3.241211756834441e-06
50,15,raw,8,64,best_combined_reversible,5.516885280609131,5.516885459423065,-3.241211756834441e-06
50,15,two_opt,4,64,single_random_fixed_mean,5.511390209197998,5.5113902278244495,-3.379628512099135e-07
50,15,two_opt,4,64,best_random_fixed,5.511390209197998,5.5113902278244495,-3.379628512099135e-07
50,15,two_opt,4,64,best_random_reversible,5.511390209197998,5.5113902278244495,-3.379628512099135e-07
50,15,two_opt,4,64,longest_fixed,5.511390209197998,5.5113902278244495,-3.379628512099135e-07
50,15,two_opt,4,64,longest_reversible,5.511390209197998,5.5113902278244495,-3.379628512099135e-07
50,15,two_opt,4,64,best_combined_reversible,5.511390209197998,5.5113902278244495,-3.379628512099135e-07
50,15,two_opt,8,64,single_random_fixed_mean,5.511390209197998,5.5113902278244495,-3.379628512099135e-07
50,15,two_opt,8,64,best_random_fixed,5.511390209197998,5.5113902278244495,-3.379628512099135e-07
50,15,two_opt,8,64,best_random_reversible,5.511390209197998,5.5113902278244495,-3.379628512099135e-07
50,15,two_opt,8,64,longest_fixed,5.511390209197998,5.5113902278244495,-3.379628512099135e-07
50,15,two_opt,8,64,longest_reversible,5.511390209197998,5.5113902278244495,-3.379628512099135e-07
50,15,two_opt,8,64,best_combined_reversible,5.511390209197998,5.5113902278244495,-3.379628512099135e-07
50,16,raw,4,64,single_random_fixed_mean,5.732720375061035,5.732720237225294,2.4043688166392263e-06
50,16,raw,4,64,best_random_fixed,5.732720375061035,5.732720237225294,2.4043688166392263e-06
50,16,raw,4,64,best_random_reversible,5.732720375061035,5.732720237225294,2.4043688166392263e-06
50,16,raw,4,64,longest_fixed,5.732720375061035,5.732720237225294,2.4043688166392263e-06
50,16,raw,4,64,longest_reversible,5.732720375061035,5.732720237225294,2.4043688166392263e-06
50,16,raw,4,64,best_combined_reversible,5.732720375061035,5.732720237225294,2.4043688166392263e-06
50,16,raw,8,64,single_random_fixed_mean,5.732720375061035,5.732720237225294,2.4043688166392263e-06
50,16,raw,8,64,best_random_fixed,5.732720375061035,5.732720237225294,2.4043688166392263e-06
50,16,raw,8,64,best_random_reversible,5.732720375061035,5.732720237225294,2.4043688166392263e-06
50,16,raw,8,64,longest_fixed,5.732720375061035,5.732720237225294,2.4043688166392263e-06
50,16,raw,8,64,longest_reversible,5.732720375061035,5.732720237225294,2.4043688166392263e-06
50,16,raw,8,64,best_combined_reversible,5.732720375061035,5.732720237225294,2.4043688166392263e-06
50,16,two_opt,4,64,single_random_fixed_mean,5.732720375061035,5.732720237225294,2.4043688166392263e-06
50,16,two_opt,4,64,best_random_fixed,5.732720375061035,5.732720237225294,2.4043688166392263e-06
50,16,two_opt,4,64,best_random_reversible,5.732720375061035,5.732720237225294,2.4043688166392263e-06
50,16,two_opt,4,64,longest_fixed,5.732720375061035,5.732720237225294,2.4043688166392263e-06
50,16,two_opt,4,64,longest_reversible,5.732720375061035,5.732720237225294,2.4043688166392263e-06
50,16,two_opt,4,64,best_combined_reversible,5.732720375061035,5.732720237225294,2.4043688166392263e-06
50,16,two_opt,8,64,single_random_fixed_mean,5.732720375061035,5.732720237225294,2.4043688166392263e-06
50,16,two_opt,8,64,best_random_fixed,5.732720375061035,5.732720237225294,2.4043688166392263e-06
50,16,two_opt,8,64,best_random_reversible,5.732720375061035,5.732720237225294,2.4043688166392263e-06
50,16,two_opt,8,64,longest_fixed,5.732720375061035,5.732720237225294,2.4043688166392263e-06
50,16,two_opt,8,64,longest_reversible,5.732720375061035,5.732720237225294,2.4043688166392263e-06
50,16,two_opt,8,64,best_combined_reversible,5.732720375061035,5.732720237225294,2.4043688166392263e-06
50,17,raw,4,64,single_random_fixed_mean,5.838487148284912,5.838486493565142,1.1213859914841278e-05
50,17,raw,4,64,best_random_fixed,5.838487148284912,5.838486493565142,1.1213859914841278e-05
50,17,raw,4,64,best_random_reversible,5.838487148284912,5.838486493565142,1.1213859914841278e-05
50,17,raw,4,64,longest_fixed,5.838487148284912,5.838486493565142,1.1213859914841278e-05
50,17,raw,4,64,longest_reversible,5.838487148284912,5.838486493565142,1.1213859914841278e-05
50,17,raw,4,64,best_combined_reversible,5.838487148284912,5.838486493565142,1.1213859914841278e-05
50,17,raw,8,64,single_random_fixed_mean,5.838487148284912,5.838486493565142,1.1213859914841278e-05
50,17,raw,8,64,best_random_fixed,5.838487148284912,5.838486493565142,1.1213859914841278e-05
50,17,raw,8,64,best_random_reversible,5.838487148284912,5.83322645816952,0.09010365154160808
50,17,raw,8,64,longest_fixed,5.838487148284912,5.838486493565142,1.1213859914841278e-05
50,17,raw,8,64,longest_reversible,5.838487148284912,5.838486493565142,1.1213859914841278e-05
50,17,raw,8,64,best_combined_reversible,5.838487148284912,5.83322645816952,0.09010365154160808
50,17,two_opt,4,64,single_random_fixed_mean,5.838487148284912,5.838486493565142,1.1213859914841278e-05
50,17,two_opt,4,64,best_random_fixed,5.838487148284912,5.838486493565142,1.1213859914841278e-05
50,17,two_opt,4,64,best_random_reversible,5.838487148284912,5.838486493565142,1.1213859914841278e-05
50,17,two_opt,4,64,longest_fixed,5.838487148284912,5.838486493565142,1.1213859914841278e-05
50,17,two_opt,4,64,longest_reversible,5.838487148284912,5.838486493565142,1.1213859914841278e-05
50,17,two_opt,4,64,best_combined_reversible,5.838487148284912,5.838486493565142,1.1213859914841278e-05
50,17,two_opt,8,64,single_random_fixed_mean,5.838487148284912,5.838486493565142,1.1213859914841278e-05
50,17,two_opt,8,64,best_random_fixed,5.838487148284912,5.838486493565142,1.1213859914841278e-05
50,17,two_opt,8,64,best_random_reversible,5.838487148284912,5.83322645816952,0.09010365154160808
50,17,two_opt,8,64,longest_fixed,5.838487148284912,5.838486493565142,1.1213859914841278e-05
50,17,two_opt,8,64,longest_reversible,5.838487148284912,5.838486493565142,1.1213859914841278e-05
50,17,two_opt,8,64,best_combined_reversible,5.838487148284912,5.83322645816952,0.09010365154160808
50,18,raw,4,64,single_random_fixed_mean,5.982608795166016,5.982609549537301,-1.2609403543953505e-05
50,18,raw,4,64,best_random_fixed,5.982608795166016,5.982609549537301,-1.2609403543953505e-05
50,18,raw,4,64,best_random_reversible,5.982608795166016,5.982609549537301,-1.2609403543953505e-05
50,18,raw,4,64,longest_fixed,5.982608795166016,5.982609549537301,-1.2609403543953505e-05
50,18,raw,4,64,longest_reversible,5.982608795166016,5.982609549537301,-1.2609403543953505e-05
50,18,raw,4,64,best_combined_reversible,5.982608795166016,5.982609549537301,-1.2609403543953505e-05
50,18,raw,8,64,single_random_fixed_mean,5.982608795166016,5.982609549537301,-1.2609403543953505e-05
50,18,raw,8,64,best_random_fixed,5.982608795166016,5.982609549537301,-1.2609403543953505e-05
50,18,raw,8,64,best_random_reversible,5.982608795166016,5.982609549537301,-1.2609403543953505e-05
50,18,raw,8,64,longest_fixed,5.982608795166016,5.982609549537301,-1.2609403543953505e-05
50,18,raw,8,64,longest_reversible,5.982608795166016,5.982609549537301,-1.2609403543953505e-05
50,18,raw,8,64,best_combined_reversible,5.982608795166016,5.982609549537301,-1.2609403543953505e-05
50,18,two_opt,4,64,single_random_fixed_mean,5.982198715209961,5.982199100777507,-6.445248047519525e-06
50,18,two_opt,4,64,best_random_fixed,5.982198715209961,5.982199100777507,-6.445248047519525e-06
50,18,two_opt,4,64,best_random_reversible,5.982198715209961,5.982199100777507,-6.445248047519525e-06
50,18,two_opt,4,64,longest_fixed,5.982198715209961,5.982199100777507,-6.445248047519525e-06
50,18,two_opt,4,64,longest_reversible,5.982198715209961,5.982199100777507,-6.445248047519525e-06
50,18,two_opt,4,64,best_combined_reversible,5.982198715209961,5.982199100777507,-6.445248047519525e-06
50,18,two_opt,8,64,single_random_fixed_mean,5.982198715209961,5.982199100777507,-6.445248047519525e-06
50,18,two_opt,8,64,best_random_fixed,5.982198715209961,5.982199100777507,-6.445248047519525e-06
50,18,two_opt,8,64,best_random_reversible,5.982198715209961,5.982199100777507,-6.445248047519525e-06
50,18,two_opt,8,64,longest_fixed,5.982198715209961,5.982199100777507,-6.445248047519525e-06
50,18,two_opt,8,64,longest_reversible,5.982198715209961,5.982199100777507,-6.445248047519525e-06
50,18,two_opt,8,64,best_combined_reversible,5.982198715209961,5.982199100777507,-6.445248047519525e-06
50,19,raw,4,64,single_random_fixed_mean,5.8092498779296875,5.809250297490507,-7.2222890851752625e-06
50,19,raw,4,64,best_random_fixed,5.8092498779296875,5.809250297490507,-7.2222890851752625e-06
50,19,raw,4,64,best_random_reversible,5.8092498779296875,5.809250297490507,-7.2222890851752625e-06
50,19,raw,4,64,longest_fixed,5.8092498779296875,5.809250297490507,-7.2222890851752625e-06
50,19,raw,4,64,longest_reversible,5.8092498779296875,5.809250297490507,-7.2222890851752625e-06
50,19,raw,4,64,best_combined_reversible,5.8092498779296875,5.809250297490507,-7.2222890851752625e-06
50,19,raw,8,64,single_random_fixed_mean,5.8092498779296875,5.809250297490507,-7.2222890851752625e-06
50,19,raw,8,64,best_random_fixed,5.8092498779296875,5.809250297490507,-7.2222890851752625e-06
50,19,raw,8,64,best_random_reversible,5.8092498779296875,5.809250297490507,-7.2222890851752625e-06
50,19,raw,8,64,longest_fixed,5.8092498779296875,5.809250297490507,-7.2222890851752625e-06
50,19,raw,8,64,longest_reversible,5.8092498779296875,5.809250297490507,-7.2222890851752625e-06
50,19,raw,8,64,best_combined_reversible,5.8092498779296875,5.809250297490507,-7.2222890851752625e-06
50,19,two_opt,4,64,single_random_fixed_mean,5.808957576751709,5.80895775789395,-3.118326108761202e-06
50,19,two_opt,4,64,best_random_fixed,5.808957576751709,5.80895775789395,-3.118326108761202e-06
50,19,two_opt,4,64,best_random_reversible,5.808957576751709,5.80895775789395,-3.118326108761202e-06
50,19,two_opt,4,64,longest_fixed,5.808957576751709,5.80895775789395,-3.118326108761202e-06
50,19,two_opt,4,64,longest_reversible,5.808957576751709,5.80895775789395,-3.118326108761202e-06
50,19,two_opt,4,64,best_combined_reversible,5.808957576751709,5.80895775789395,-3.118326108761202e-06
50,19,two_opt,8,64,single_random_fixed_mean,5.808957576751709,5.80895775789395,-3.118326108761202e-06
50,19,two_opt,8,64,best_random_fixed,5.808957576751709,5.80895775789395,-3.118326108761202e-06
50,19,two_opt,8,64,best_random_reversible,5.808957576751709,5.80895775789395,-3.118326108761202e-06
50,19,two_opt,8,64,longest_fixed,5.808957576751709,5.80895775789395,-3.118326108761202e-06
50,19,two_opt,8,64,longest_reversible,5.808957576751709,5.80895775789395,-3.118326108761202e-06
50,19,two_opt,8,64,best_combined_reversible,5.808957576751709,5.80895775789395,-3.118326108761202e-06
50,20,raw,4,64,single_random_fixed_mean,5.6158576011657715,5.615857636556029,-6.301843876533065e-07
50,20,raw,4,64,best_random_fixed,5.6158576011657715,5.615857636556029,-6.301843876533065e-07
50,20,raw,4,64,best_random_reversible,5.6158576011657715,5.615857636556029,-6.301843876533065e-07
50,20,raw,4,64,longest_fixed,5.6158576011657715,5.615857636556029,-6.301843876533065e-07
50,20,raw,4,64,longest_reversible,5.6158576011657715,5.603796353563666,0.21477125060296043
50,20,raw,4,64,best_combined_reversible,5.6158576011657715,5.603796353563666,0.21477125060296043
50,20,raw,8,64,single_random_fixed_mean,5.6158576011657715,5.615857636556029,-6.301843876533065e-07
50,20,raw,8,64,best_random_fixed,5.6158576011657715,5.615857636556029,-6.301843876533065e-07
50,20,raw,8,64,best_random_reversible,5.6158576011657715,5.615857636556029,-6.301843876533065e-07
50,20,raw,8,64,longest_fixed,5.6158576011657715,5.615857636556029,-6.301843876533065e-07
50,20,raw,8,64,longest_reversible,5.6158576011657715,5.603796353563666,0.21477125060296043
50,20,raw,8,64,best_combined_reversible,5.6158576011657715,5.603796353563666,0.21477125060296043
50,20,two_opt,4,64,single_random_fixed_mean,5.608240127563477,5.6082404386252165,-5.546512503855856e-06
50,20,two_opt,4,64,best_random_fixed,5.608240127563477,5.6082404386252165,-5.546512503855856e-06
50,20,two_opt,4,64,best_random_reversible,5.608240127563477,5.6082404386252165,-5.546512503855856e-06
50,20,two_opt,4,64,longest_fixed,5.608240127563477,5.6082404386252165,-5.546512503855856e-06
50,20,two_opt,4,64,longest_reversible,5.608240127563477,5.5961791556328535,0.21505805130107714
50,20,two_opt,4,64,best_combined_reversible,5.608240127563477,5.5961791556328535,0.21505805130107714
50,20,two_opt,8,64,single_random_fixed_mean,5.608240127563477,5.6082404386252165,-5.546512503855856e-06
50,20,two_opt,8,64,best_random_fixed,5.608240127563477,5.6082404386252165,-5.546512503855856e-06
50,20,two_opt,8,64,best_random_reversible,5.608240127563477,5.6082404386252165,-5.546512503855856e-06
50,20,two_opt,8,64,longest_fixed,5.608240127563477,5.6082404386252165,-5.546512503855856e-06
50,20,two_opt,8,64,longest_reversible,5.608240127563477,5.5961791556328535,0.21505805130107714
50,20,two_opt,8,64,best_combined_reversible,5.608240127563477,5.5961791556328535,0.21505805130107714
50,21,raw,4,64,single_random_fixed_mean,5.497608661651611,5.497608724050224,-1.1350137185008554e-06
50,21,raw,4,64,best_random_fixed,5.497608661651611,5.497608724050224,-1.1350137185008554e-06
50,21,raw,4,64,best_random_reversible,5.497608661651611,5.497608724050224,-1.1350137185008554e-06
50,21,raw,4,64,longest_fixed,5.497608661651611,5.497608724050224,-1.1350137185008554e-06
50,21,raw,4,64,longest_reversible,5.497608661651611,5.497608724050224,-1.1350137185008554e-06
50,21,raw,4,64,best_combined_reversible,5.497608661651611,5.497608724050224,-1.1350137185008554e-06
50,21,raw,8,64,single_random_fixed_mean,5.497608661651611,5.497608724050224,-1.1350137185008554e-06
50,21,raw,8,64,best_random_fixed,5.497608661651611,5.497608724050224,-1.1350137185008554e-06
50,21,raw,8,64,best_random_reversible,5.497608661651611,5.497608724050224,-1.1350137185008554e-06
50,21,raw,8,64,longest_fixed,5.497608661651611,5.497608724050224,-1.1350137185008554e-06
50,21,raw,8,64,longest_reversible,5.497608661651611,5.497608724050224,-1.1350137185008554e-06
50,21,raw,8,64,best_combined_reversible,5.497608661651611,5.497608724050224,-1.1350137185008554e-06
50,21,two_opt,4,64,single_random_fixed_mean,5.497608661651611,5.497608724050224,-1.1350137185008554e-06
50,21,two_opt,4,64,best_random_fixed,5.497608661651611,5.497608724050224,-1.1350137185008554e-06
50,21,two_opt,4,64,best_random_reversible,5.497608661651611,5.497608724050224,-1.1350137185008554e-06
50,21,two_opt,4,64,longest_fixed,5.497608661651611,5.497608724050224,-1.1350137185008554e-06
50,21,two_opt,4,64,longest_reversible,5.497608661651611,5.497608724050224,-1.1350137185008554e-06
50,21,two_opt,4,64,best_combined_reversible,5.497608661651611,5.497608724050224,-1.1350137185008554e-06
50,21,two_opt,8,64,single_random_fixed_mean,5.497608661651611,5.497608724050224,-1.1350137185008554e-06
50,21,two_opt,8,64,best_random_fixed,5.497608661651611,5.497608724050224,-1.1350137185008554e-06
50,21,two_opt,8,64,best_random_reversible,5.497608661651611,5.497608724050224,-1.1350137185008554e-06
50,21,two_opt,8,64,longest_fixed,5.497608661651611,5.497608724050224,-1.1350137185008554e-06
50,21,two_opt,8,64,longest_reversible,5.497608661651611,5.497608724050224,-1.1350137185008554e-06
50,21,two_opt,8,64,best_combined_reversible,5.497608661651611,5.497608724050224,-1.1350137185008554e-06
50,22,raw,4,64,single_random_fixed_mean,6.134776592254639,6.134776680730283,-1.4421983141191144e-06
50,22,raw,4,64,best_random_fixed,6.134776592254639,6.134776680730283,-1.4421983141191144e-06
50,22,raw,4,64,best_random_reversible,6.134776592254639,6.134776680730283,-1.4421983141191144e-06
50,22,raw,4,64,longest_fixed,6.134776592254639,6.134776680730283,-1.4421983141191144e-06
50,22,raw,4,64,longest_reversible,6.134776592254639,6.134776680730283,-1.4421983141191144e-06
50,22,raw,4,64,best_combined_reversible,6.134776592254639,6.134776680730283,-1.4421983141191144e-06
50,22,raw,8,64,single_random_fixed_mean,6.134776592254639,6.134776680730283,-1.4421983141191144e-06
50,22,raw,8,64,best_random_fixed,6.134776592254639,6.134776680730283,-1.4421983141191144e-06
50,22,raw,8,64,best_random_reversible,6.134776592254639,6.134776680730283,-1.4421983141191144e-06
50,22,raw,8,64,longest_fixed,6.134776592254639,6.134776680730283,-1.4421983141191144e-06
50,22,raw,8,64,longest_reversible,6.134776592254639,6.134776680730283,-1.4421983141191144e-06
50,22,raw,8,64,best_combined_reversible,6.134776592254639,6.134776680730283,-1.4421983141191144e-06
50,22,two_opt,4,64,single_random_fixed_mean,6.134776592254639,6.134776680730283,-1.4421983141191144e-06
50,22,two_opt,4,64,best_random_fixed,6.134776592254639,6.134776680730283,-1.4421983141191144e-06
50,22,two_opt,4,64,best_random_reversible,6.134776592254639,6.134776680730283,-1.4421983141191144e-06
50,22,two_opt,4,64,longest_fixed,6.134776592254639,6.134776680730283,-1.4421983141191144e-06
50,22,two_opt,4,64,longest_reversible,6.134776592254639,6.134776680730283,-1.4421983141191144e-06
50,22,two_opt,4,64,best_combined_reversible,6.134776592254639,6.134776680730283,-1.4421983141191144e-06
50,22,two_opt,8,64,single_random_fixed_mean,6.134776592254639,6.134776680730283,-1.4421983141191144e-06
50,22,two_opt,8,64,best_random_fixed,6.134776592254639,6.134776680730283,-1.4421983141191144e-06
50,22,two_opt,8,64,best_random_reversible,6.134776592254639,6.134776680730283,-1.4421983141191144e-06
50,22,two_opt,8,64,longest_fixed,6.134776592254639,6.134776680730283,-1.4421983141191144e-06
50,22,two_opt,8,64,longest_reversible,6.134776592254639,6.134776680730283,-1.4421983141191144e-06
50,22,two_opt,8,64,best_combined_reversible,6.134776592254639,6.134776680730283,-1.4421983141191144e-06
50,23,raw,4,64,single_random_fixed_mean,5.543600559234619,5.543600630946457,-1.293596778467978e-06
50,23,raw,4,64,best_random_fixed,5.543600559234619,5.543600630946457,-1.293596778467978e-06
50,23,raw,4,64,best_random_reversible,5.543600559234619,5.543600630946457,-1.293596778467978e-06
50,23,raw,4,64,longest_fixed,5.543600559234619,5.543600630946457,-1.293596778467978e-06
50,23,raw,4,64,longest_reversible,5.543600559234619,5.543600630946457,-1.293596778467978e-06
50,23,raw,4,64,best_combined_reversible,5.543600559234619,5.543600630946457,-1.293596778467978e-06
50,23,raw,8,64,single_random_fixed_mean,5.543600559234619,5.543600630946457,-1.293596778467978e-06
50,23,raw,8,64,best_random_fixed,5.543600559234619,5.543600630946457,-1.293596778467978e-06
50,23,raw,8,64,best_random_reversible,5.543600559234619,5.543600630946457,-1.293596778467978e-06
50,23,raw,8,64,longest_fixed,5.543600559234619,5.543600630946457,-1.293596778467978e-06
50,23,raw,8,64,longest_reversible,5.543600559234619,5.543600630946457,-1.293596778467978e-06
50,23,raw,8,64,best_combined_reversible,5.543600559234619,5.543600630946457,-1.293596778467978e-06
50,23,two_opt,4,64,single_random_fixed_mean,5.543600559234619,5.543600630946457,-1.293596778467978e-06
50,23,two_opt,4,64,best_random_fixed,5.543600559234619,5.543600630946457,-1.293596778467978e-06
50,23,two_opt,4,64,best_random_reversible,5.543600559234619,5.543600630946457,-1.293596778467978e-06
50,23,two_opt,4,64,longest_fixed,5.543600559234619,5.543600630946457,-1.293596778467978e-06
50,23,two_opt,4,64,longest_reversible,5.543600559234619,5.543600630946457,-1.293596778467978e-06
50,23,two_opt,4,64,best_combined_reversible,5.543600559234619,5.543600630946457,-1.293596778467978e-06
50,23,two_opt,8,64,single_random_fixed_mean,5.543600559234619,5.543600630946457,-1.293596778467978e-06
50,23,two_opt,8,64,best_random_fixed,5.543600559234619,5.543600630946457,-1.293596778467978e-06
50,23,two_opt,8,64,best_random_reversible,5.543600559234619,5.543600630946457,-1.293596778467978e-06
50,23,two_opt,8,64,longest_fixed,5.543600559234619,5.543600630946457,-1.293596778467978e-06
50,23,two_opt,8,64,longest_reversible,5.543600559234619,5.543600630946457,-1.293596778467978e-06
50,23,two_opt,8,64,best_combined_reversible,5.543600559234619,5.543600630946457,-1.293596778467978e-06
50,24,raw,4,64,single_random_fixed_mean,5.810262203216553,5.810261653736234,9.457065788165994e-06
50,24,raw,4,64,best_random_fixed,5.810262203216553,5.810261653736234,9.457065788165994e-06
50,24,raw,4,64,best_random_reversible,5.810262203216553,5.810261653736234,9.457065788165994e-06
50,24,raw,4,64,longest_fixed,5.810262203216553,5.810261653736234,9.457065788165994e-06
50,24,raw,4,64,longest_reversible,5.810262203216553,5.810261653736234,9.457065788165994e-06
50,24,raw,4,64,best_combined_reversible,5.810262203216553,5.810261653736234,9.457065788165994e-06
50,24,raw,8,64,single_random_fixed_mean,5.810262203216553,5.810261653736234,9.457065788165994e-06
50,24,raw,8,64,best_random_fixed,5.810262203216553,5.810261653736234,9.457065788165994e-06
50,24,raw,8,64,best_random_reversible,5.810262203216553,5.810261653736234,9.457065788165994e-06
50,24,raw,8,64,longest_fixed,5.810262203216553,5.810261653736234,9.457065788165994e-06
50,24,raw,8,64,longest_reversible,5.810262203216553,5.810261653736234,9.457065788165994e-06
50,24,raw,8,64,best_combined_reversible,5.810262203216553,5.810261653736234,9.457065788165994e-06
50,24,two_opt,4,64,single_random_fixed_mean,5.810262203216553,5.810261653736234,9.457065788165994e-06
50,24,two_opt,4,64,best_random_fixed,5.810262203216553,5.810261653736234,9.457065788165994e-06
50,24,two_opt,4,64,best_random_reversible,5.810262203216553,5.810261653736234,9.457065788165994e-06
50,24,two_opt,4,64,longest_fixed,5.810262203216553,5.810261653736234,9.457065788165994e-06
50,24,two_opt,4,64,longest_reversible,5.810262203216553,5.810261653736234,9.457065788165994e-06
50,24,two_opt,4,64,best_combined_reversible,5.810262203216553,5.810261653736234,9.457065788165994e-06
50,24,two_opt,8,64,single_random_fixed_mean,5.810262203216553,5.810261653736234,9.457065788165994e-06
50,24,two_opt,8,64,best_random_fixed,5.810262203216553,5.810261653736234,9.457065788165994e-06
50,24,two_opt,8,64,best_random_reversible,5.810262203216553,5.810261653736234,9.457065788165994e-06
50,24,two_opt,8,64,longest_fixed,5.810262203216553,5.810261653736234,9.457065788165994e-06
50,24,two_opt,8,64,longest_reversible,5.810262203216553,5.810261653736234,9.457065788165994e-06
50,24,two_opt,8,64,best_combined_reversible,5.810262203216553,5.810261653736234,9.457065788165994e-06
50,25,raw,4,64,single_random_fixed_mean,5.653147220611572,5.653147192671895,4.94232259450016e-07
50,25,raw,4,64,best_random_fixed,5.653147220611572,5.653147192671895,4.94232259450016e-07
50,25,raw,4,64,best_random_reversible,5.653147220611572,5.653147192671895,4.94232259450016e-07
50,25,raw,4,64,longest_fixed,5.653147220611572,5.653147192671895,4.94232259450016e-07
50,25,raw,4,64,longest_reversible,5.653147220611572,5.653147192671895,4.94232259450016e-07
50,25,raw,4,64,best_combined_reversible,5.653147220611572,5.653147192671895,4.94232259450016e-07
50,25,raw,8,64,single_random_fixed_mean,5.653147220611572,5.653147192671895,4.94232259450016e-07
50,25,raw,8,64,best_random_fixed,5.653147220611572,5.653147192671895,4.94232259450016e-07
50,25,raw,8,64,best_random_reversible,5.653147220611572,5.653147192671895,4.94232259450016e-07
50,25,raw,8,64,longest_fixed,5.653147220611572,5.653147192671895,4.94232259450016e-07
50,25,raw,8,64,longest_reversible,5.653147220611572,5.653147192671895,4.94232259450016e-07
50,25,raw,8,64,best_combined_reversible,5.653147220611572,5.653147192671895,4.94232259450016e-07
50,25,two_opt,4,64,single_random_fixed_mean,5.6497650146484375,5.649764822795987,3.395759821397223e-06
50,25,two_opt,4,64,best_random_fixed,5.6497650146484375,5.649764822795987,3.395759821397223e-06
50,25,two_opt,4,64,best_random_reversible,5.6497650146484375,5.649764822795987,3.395759821397223e-06
50,25,two_opt,4,64,longest_fixed,5.6497650146484375,5.649764822795987,3.395759821397223e-06
50,25,two_opt,4,64,longest_reversible,5.6497650146484375,5.649764822795987,3.395759821397223e-06
50,25,two_opt,4,64,best_combined_reversible,5.6497650146484375,5.649764822795987,3.395759821397223e-06
50,25,two_opt,8,64,single_random_fixed_mean,5.6497650146484375,5.649764822795987,3.395759821397223e-06
50,25,two_opt,8,64,best_random_fixed,5.6497650146484375,5.649764822795987,3.395759821397223e-06
50,25,two_opt,8,64,best_random_reversible,5.6497650146484375,5.649764822795987,3.395759821397223e-06
50,25,two_opt,8,64,longest_fixed,5.6497650146484375,5.649764822795987,3.395759821397223e-06
50,25,two_opt,8,64,longest_reversible,5.6497650146484375,5.649764822795987,3.395759821397223e-06
50,25,two_opt,8,64,best_combined_reversible,5.6497650146484375,5.649764822795987,3.395759821397223e-06
50,26,raw,4,64,single_random_fixed_mean,5.5876030921936035,5.587602965533733,2.2668014899744863e-06
50,26,raw,4,64,best_random_fixed,5.5876030921936035,5.587602965533733,2.2668014899744863e-06
50,26,raw,4,64,best_random_reversible,5.5876030921936035,5.587602965533733,2.2668014899744863e-06
50,26,raw,4,64,longest_fixed,5.5876030921936035,5.587602965533733,2.2668014899744863e-06
50,26,raw,4,64,longest_reversible,5.5876030921936035,5.587602965533733,2.2668014899744863e-06
50,26,raw,4,64,best_combined_reversible,5.5876030921936035,5.587602965533733,2.2668014899744863e-06
50,26,raw,8,64,single_random_fixed_mean,5.5876030921936035,5.587602965533733,2.2668014899744863e-06
50,26,raw,8,64,best_random_fixed,5.5876030921936035,5.587602965533733,2.2668014899744863e-06
50,26,raw,8,64,best_random_reversible,5.5876030921936035,5.587602965533733,2.2668014899744863e-06
50,26,raw,8,64,longest_fixed,5.5876030921936035,5.587602965533733,2.2668014899744863e-06
50,26,raw,8,64,longest_reversible,5.5876030921936035,5.587602965533733,2.2668014899744863e-06
50,26,raw,8,64,best_combined_reversible,5.5876030921936035,5.587602965533733,2.2668014899744863e-06
50,26,two_opt,4,64,single_random_fixed_mean,5.5876030921936035,5.587602965533733,2.2668014899744863e-06
50,26,two_opt,4,64,best_random_fixed,5.5876030921936035,5.587602965533733,2.2668014899744863e-06
50,26,two_opt,4,64,best_random_reversible,5.5876030921936035,5.587602965533733,2.2668014899744863e-06
50,26,two_opt,4,64,longest_fixed,5.5876030921936035,5.587602965533733,2.2668014899744863e-06
50,26,two_opt,4,64,longest_reversible,5.5876030921936035,5.587602965533733,2.2668014899744863e-06
50,26,two_opt,4,64,best_combined_reversible,5.5876030921936035,5.587602965533733,2.2668014899744863e-06
50,26,two_opt,8,64,single_random_fixed_mean,5.5876030921936035,5.587602965533733,2.2668014899744863e-06
50,26,two_opt,8,64,best_random_fixed,5.5876030921936035,5.587602965533733,2.2668014899744863e-06
50,26,two_opt,8,64,best_random_reversible,5.5876030921936035,5.587602965533733,2.2668014899744863e-06
50,26,two_opt,8,64,longest_fixed,5.5876030921936035,5.587602965533733,2.2668014899744863e-06
50,26,two_opt,8,64,longest_reversible,5.5876030921936035,5.587602965533733,2.2668014899744863e-06
50,26,two_opt,8,64,best_combined_reversible,5.5876030921936035,5.587602965533733,2.2668014899744863e-06
50,27,raw,4,64,single_random_fixed_mean,4.994051456451416,4.99405122268945,4.680808122761865e-06
50,27,raw,4,64,best_random_fixed,4.994051456451416,4.99405122268945,4.680808122761865e-06
50,27,raw,4,64,best_random_reversible,4.994051456451416,4.99405122268945,4.680808122761865e-06
50,27,raw,4,64,longest_fixed,4.994051456451416,4.99405122268945,4.680808122761865e-06
50,27,raw,4,64,longest_reversible,4.994051456451416,4.99405122268945,4.680808122761865e-06
50,27,raw,4,64,best_combined_reversible,4.994051456451416,4.99405122268945,4.680808122761865e-06
50,27,raw,8,64,single_random_fixed_mean,4.994051456451416,4.99405122268945,4.680808122761865e-06
50,27,raw,8,64,best_random_fixed,4.994051456451416,4.99405122268945,4.680808122761865e-06
50,27,raw,8,64,best_random_reversible,4.994051456451416,4.99405122268945,4.680808122761865e-06
50,27,raw,8,64,longest_fixed,4.994051456451416,4.99405122268945,4.680808122761865e-06
50,27,raw,8,64,longest_reversible,4.994051456451416,4.99405122268945,4.680808122761865e-06
50,27,raw,8,64,best_combined_reversible,4.994051456451416,4.99405122268945,4.680808122761865e-06
50,27,two_opt,4,64,single_random_fixed_mean,4.994051456451416,4.99405122268945,4.680808122761865e-06
50,27,two_opt,4,64,best_random_fixed,4.994051456451416,4.99405122268945,4.680808122761865e-06
50,27,two_opt,4,64,best_random_reversible,4.994051456451416,4.99405122268945,4.680808122761865e-06
50,27,two_opt,4,64,longest_fixed,4.994051456451416,4.99405122268945,4.680808122761865e-06
50,27,two_opt,4,64,longest_reversible,4.994051456451416,4.99405122268945,4.680808122761865e-06
50,27,two_opt,4,64,best_combined_reversible,4.994051456451416,4.99405122268945,4.680808122761865e-06
50,27,two_opt,8,64,single_random_fixed_mean,4.994051456451416,4.99405122268945,4.680808122761865e-06
50,27,two_opt,8,64,best_random_fixed,4.994051456451416,4.99405122268945,4.680808122761865e-06
50,27,two_opt,8,64,best_random_reversible,4.994051456451416,4.99405122268945,4.680808122761865e-06
50,27,two_opt,8,64,longest_fixed,4.994051456451416,4.99405122268945,4.680808122761865e-06
50,27,two_opt,8,64,longest_reversible,4.994051456451416,4.99405122268945,4.680808122761865e-06
50,27,two_opt,8,64,best_combined_reversible,4.994051456451416,4.99405122268945,4.680808122761865e-06
50,28,raw,4,64,single_random_fixed_mean,5.587974548339844,5.5879738964140415,1.1666585031682339e-05
50,28,raw,4,64,best_random_fixed,5.587974548339844,5.5879738964140415,1.1666585031682339e-05
50,28,raw,4,64,best_random_reversible,5.587974548339844,5.5879738964140415,1.1666585031682339e-05
50,28,raw,4,64,longest_fixed,5.587974548339844,5.5879738964140415,1.1666585031682339e-05
50,28,raw,4,64,longest_reversible,5.587974548339844,5.5879738964140415,1.1666585031682339e-05
50,28,raw,4,64,best_combined_reversible,5.587974548339844,5.5879738964140415,1.1666585031682339e-05
50,28,raw,8,64,single_random_fixed_mean,5.587974548339844,5.5879738964140415,1.1666585031682339e-05
50,28,raw,8,64,best_random_fixed,5.587974548339844,5.5879738964140415,1.1666585031682339e-05
50,28,raw,8,64,best_random_reversible,5.587974548339844,5.5879738964140415,1.1666585031682339e-05
50,28,raw,8,64,longest_fixed,5.587974548339844,5.5879738964140415,1.1666585031682339e-05
50,28,raw,8,64,longest_reversible,5.587974548339844,5.5879738964140415,1.1666585031682339e-05
50,28,raw,8,64,best_combined_reversible,5.587974548339844,5.5879738964140415,1.1666585031682339e-05
50,28,two_opt,4,64,single_random_fixed_mean,5.587974548339844,5.5879738964140415,1.1666585031682339e-05
50,28,two_opt,4,64,best_random_fixed,5.587974548339844,5.5879738964140415,1.1666585031682339e-05
50,28,two_opt,4,64,best_random_reversible,5.587974548339844,5.5879738964140415,1.1666585031682339e-05
50,28,two_opt,4,64,longest_fixed,5.587974548339844,5.5879738964140415,1.1666585031682339e-05
50,28,two_opt,4,64,longest_reversible,5.587974548339844,5.5879738964140415,1.1666585031682339e-05
50,28,two_opt,4,64,best_combined_reversible,5.587974548339844,5.5879738964140415,1.1666585031682339e-05
50,28,two_opt,8,64,single_random_fixed_mean,5.587974548339844,5.5879738964140415,1.1666585031682339e-05
50,28,two_opt,8,64,best_random_fixed,5.587974548339844,5.5879738964140415,1.1666585031682339e-05
50,28,two_opt,8,64,best_random_reversible,5.587974548339844,5.5879738964140415,1.1666585031682339e-05
50,28,two_opt,8,64,longest_fixed,5.587974548339844,5.5879738964140415,1.1666585031682339e-05
50,28,two_opt,8,64,longest_reversible,5.587974548339844,5.5879738964140415,1.1666585031682339e-05
50,28,two_opt,8,64,best_combined_reversible,5.587974548339844,5.5879738964140415,1.1666585031682339e-05
50,29,raw,4,64,single_random_fixed_mean,6.279366970062256,6.279366945847869,3.8561828055993313e-07
50,29,raw,4,64,best_random_fixed,6.279366970062256,6.279366945847869,3.8561828055993313e-07
50,29,raw,4,64,best_random_reversible,6.279366970062256,6.279366945847869,3.8561828055993313e-07
50,29,raw,4,64,longest_fixed,6.279366970062256,6.279366945847869,3.8561828055993313e-07
50,29,raw,4,64,longest_reversible,6.279366970062256,6.279366945847869,3.8561828055993313e-07
50,29,raw,4,64,best_combined_reversible,6.279366970062256,6.279366945847869,3.8561828055993313e-07
50,29,raw,8,64,single_random_fixed_mean,6.279366970062256,6.279366945847869,3.8561828055993313e-07
50,29,raw,8,64,best_random_fixed,6.279366970062256,6.279366945847869,3.8561828055993313e-07
50,29,raw,8,64,best_random_reversible,6.279366970062256,6.279366945847869,3.8561828055993313e-07
50,29,raw,8,64,longest_fixed,6.279366970062256,6.279366945847869,3.8561828055993313e-07
50,29,raw,8,64,longest_reversible,6.279366970062256,6.279366945847869,3.8561828055993313e-07
50,29,raw,8,64,best_combined_reversible,6.279366970062256,6.279366945847869,3.8561828055993313e-07
50,29,two_opt,4,64,single_random_fixed_mean,6.266478538513184,6.266478946432471,-6.5095457548373665e-06
50,29,two_opt,4,64,best_random_fixed,6.266478538513184,6.266478946432471,-6.5095457548373665e-06
50,29,two_opt,4,64,best_random_reversible,6.266478538513184,6.266478946432471,-6.5095457548373665e-06
50,29,two_opt,4,64,longest_fixed,6.266478538513184,6.266478946432471,-6.5095457548373665e-06
50,29,two_opt,4,64,longest_reversible,6.266478538513184,6.266478946432471,-6.5095457548373665e-06
50,29,two_opt,4,64,best_combined_reversible,6.266478538513184,6.266478946432471,-6.5095457548373665e-06
50,29,two_opt,8,64,single_random_fixed_mean,6.266478538513184,6.266478946432471,-6.5095457548373665e-06
50,29,two_opt,8,64,best_random_fixed,6.266478538513184,6.266478946432471,-6.5095457548373665e-06
50,29,two_opt,8,64,best_random_reversible,6.266478538513184,6.266478946432471,-6.5095457548373665e-06
50,29,two_opt,8,64,longest_fixed,6.266478538513184,6.266478946432471,-6.5095457548373665e-06
50,29,two_opt,8,64,longest_reversible,6.266478538513184,6.266478946432471,-6.5095457548373665e-06
50,29,two_opt,8,64,best_combined_reversible,6.266478538513184,6.266478946432471,-6.5095457548373665e-06
50,30,raw,4,64,single_random_fixed_mean,5.65067720413208,5.65067704138346,2.8801613334954666e-06
50,30,raw,4,64,best_random_fixed,5.65067720413208,5.65067704138346,2.8801613334954666e-06
50,30,raw,4,64,best_random_reversible,5.65067720413208,5.65067704138346,2.8801613334954666e-06
50,30,raw,4,64,longest_fixed,5.65067720413208,5.65067704138346,2.8801613334954666e-06
50,30,raw,4,64,longest_reversible,5.65067720413208,5.65067704138346,2.8801613334954666e-06
50,30,raw,4,64,best_combined_reversible,5.65067720413208,5.65067704138346,2.8801613334954666e-06
50,30,raw,8,64,single_random_fixed_mean,5.65067720413208,5.65067704138346,2.8801613334954666e-06
50,30,raw,8,64,best_random_fixed,5.65067720413208,5.65067704138346,2.8801613334954666e-06
50,30,raw,8,64,best_random_reversible,5.65067720413208,5.65067704138346,2.8801613334954666e-06
50,30,raw,8,64,longest_fixed,5.65067720413208,5.65067704138346,2.8801613334954666e-06
50,30,raw,8,64,longest_reversible,5.65067720413208,5.65067704138346,2.8801613334954666e-06
50,30,raw,8,64,best_combined_reversible,5.65067720413208,5.65067704138346,2.8801613334954666e-06
50,30,two_opt,4,64,single_random_fixed_mean,5.65067720413208,5.65067704138346,2.8801613334954666e-06
50,30,two_opt,4,64,best_random_fixed,5.65067720413208,5.65067704138346,2.8801613334954666e-06
50,30,two_opt,4,64,best_random_reversible,5.65067720413208,5.65067704138346,2.8801613334954666e-06
50,30,two_opt,4,64,longest_fixed,5.65067720413208,5.65067704138346,2.8801613334954666e-06
50,30,two_opt,4,64,longest_reversible,5.65067720413208,5.65067704138346,2.8801613334954666e-06
50,30,two_opt,4,64,best_combined_reversible,5.65067720413208,5.65067704138346,2.8801613334954666e-06
50,30,two_opt,8,64,single_random_fixed_mean,5.65067720413208,5.65067704138346,2.8801613334954666e-06
50,30,two_opt,8,64,best_random_fixed,5.65067720413208,5.65067704138346,2.8801613334954666e-06
50,30,two_opt,8,64,best_random_reversible,5.65067720413208,5.65067704138346,2.8801613334954666e-06
50,30,two_opt,8,64,longest_fixed,5.65067720413208,5.65067704138346,2.8801613334954666e-06
50,30,two_opt,8,64,longest_reversible,5.65067720413208,5.65067704138346,2.8801613334954666e-06
50,30,two_opt,8,64,best_combined_reversible,5.65067720413208,5.65067704138346,2.8801613334954666e-06
50,31,raw,4,64,single_random_fixed_mean,5.9635329246521,5.963533205911517,-4.716322037415139e-06
50,31,raw,4,64,best_random_fixed,5.9635329246521,5.963533205911517,-4.716322037415139e-06
50,31,raw,4,64,best_random_reversible,5.9635329246521,5.963533205911517,-4.716322037415139e-06
50,31,raw,4,64,longest_fixed,5.9635329246521,5.963533205911517,-4.716322037415139e-06
50,31,raw,4,64,longest_reversible,5.9635329246521,5.963533205911517,-4.716322037415139e-06
50,31,raw,4,64,best_combined_reversible,5.9635329246521,5.963533205911517,-4.716322037415139e-06
50,31,raw,8,64,single_random_fixed_mean,5.9635329246521,5.963533205911517,-4.716322037415139e-06
50,31,raw,8,64,best_random_fixed,5.9635329246521,5.963533205911517,-4.716322037415139e-06
50,31,raw,8,64,best_random_reversible,5.9635329246521,5.963533205911517,-4.716322037415139e-06
50,31,raw,8,64,longest_fixed,5.9635329246521,5.963533205911517,-4.716322037415139e-06
50,31,raw,8,64,longest_reversible,5.9635329246521,5.945157123729587,0.3081361527585599
50,31,raw,8,64,best_combined_reversible,5.9635329246521,5.945157123729587,0.3081361527585599
50,31,two_opt,4,64,single_random_fixed_mean,5.9635329246521,5.963533205911517,-4.716322037415139e-06
50,31,two_opt,4,64,best_random_fixed,5.9635329246521,5.963533205911517,-4.716322037415139e-06
50,31,two_opt,4,64,best_random_reversible,5.9635329246521,5.963533205911517,-4.716322037415139e-06
50,31,two_opt,4,64,longest_fixed,5.9635329246521,5.963533205911517,-4.716322037415139e-06
50,31,two_opt,4,64,longest_reversible,5.9635329246521,5.963533205911517,-4.716322037415139e-06
50,31,two_opt,4,64,best_combined_reversible,5.9635329246521,5.963533205911517,-4.716322037415139e-06
50,31,two_opt,8,64,single_random_fixed_mean,5.9635329246521,5.963533205911517,-4.716322037415139e-06
50,31,two_opt,8,64,best_random_fixed,5.9635329246521,5.963533205911517,-4.716322037415139e-06
50,31,two_opt,8,64,best_random_reversible,5.9635329246521,5.963533205911517,-4.716322037415139e-06
50,31,two_opt,8,64,longest_fixed,5.9635329246521,5.963533205911517,-4.716322037415139e-06
50,31,two_opt,8,64,longest_reversible,5.9635329246521,5.945157123729587,0.3081361527585599
50,31,two_opt,8,64,best_combined_reversible,5.9635329246521,5.945157123729587,0.3081361527585599
100,0,raw,4,64,single_random_fixed_mean,7.867138385772705,7.867138938978314,-7.0318530346693365e-06
100,0,raw,4,64,best_random_fixed,7.867138385772705,7.867138938978314,-7.0318530346693365e-06
100,0,raw,4,64,best_random_reversible,7.867138385772705,7.867138938978314,-7.0318530346693365e-06
100,0,raw,4,64,longest_fixed,7.867138385772705,7.867138938978314,-7.0318530346693365e-06
100,0,raw,4,64,longest_reversible,7.867138385772705,7.867138938978314,-7.0318530346693365e-06
100,0,raw,4,64,best_combined_reversible,7.867138385772705,7.867138938978314,-7.0318530346693365e-06
100,0,raw,8,64,single_random_fixed_mean,7.867138385772705,7.867138938978314,-7.0318530346693365e-06
100,0,raw,8,64,best_random_fixed,7.867138385772705,7.867138938978314,-7.0318530346693365e-06
100,0,raw,8,64,best_random_reversible,7.867138385772705,7.867138938978314,-7.0318530346693365e-06
100,0,raw,8,64,longest_fixed,7.867138385772705,7.867138938978314,-7.0318530346693365e-06
100,0,raw,8,64,longest_reversible,7.867138385772705,7.867138938978314,-7.0318530346693365e-06
100,0,raw,8,64,best_combined_reversible,7.867138385772705,7.867138938978314,-7.0318530346693365e-06
100,0,two_opt,4,64,single_random_fixed_mean,7.858911037445068,7.858910853043199,2.3464048504334997e-06
100,0,two_opt,4,64,best_random_fixed,7.858911037445068,7.858910853043199,2.3464048504334997e-06
100,0,two_opt,4,64,best_random_reversible,7.858911037445068,7.858910853043199,2.3464048504334997e-06
100,0,two_opt,4,64,longest_fixed,7.858911037445068,7.858910853043199,2.3464048504334997e-06
100,0,two_opt,4,64,longest_reversible,7.858911037445068,7.858910853043199,2.3464048504334997e-06
100,0,two_opt,4,64,best_combined_reversible,7.858911037445068,7.858910853043199,2.3464048504334997e-06
100,0,two_opt,8,64,single_random_fixed_mean,7.858911037445068,7.858910853043199,2.3464048504334997e-06
100,0,two_opt,8,64,best_random_fixed,7.858911037445068,7.858910853043199,2.3464048504334997e-06
100,0,two_opt,8,64,best_random_reversible,7.858911037445068,7.858910853043199,2.3464048504334997e-06
100,0,two_opt,8,64,longest_fixed,7.858911037445068,7.858910853043199,2.3464048504334997e-06
100,0,two_opt,8,64,longest_reversible,7.858911037445068,7.858910853043199,2.3464048504334997e-06
100,0,two_opt,8,64,best_combined_reversible,7.858911037445068,7.858910853043199,2.3464048504334997e-06
100,1,raw,4,64,single_random_fixed_mean,7.650821208953857,7.650821216404438,-9.738275661447054e-08
100,1,raw,4,64,best_random_fixed,7.650821208953857,7.650821216404438,-9.738275661447054e-08
100,1,raw,4,64,best_random_reversible,7.650821208953857,7.650821216404438,-9.738275661447054e-08
100,1,raw,4,64,longest_fixed,7.650821208953857,7.650821216404438,-9.738275661447054e-08
100,1,raw,4,64,longest_reversible,7.650821208953857,7.650821216404438,-9.738275661447054e-08
100,1,raw,4,64,best_combined_reversible,7.650821208953857,7.650821216404438,-9.738275661447054e-08
100,1,raw,8,64,single_random_fixed_mean,7.650821208953857,7.650821216404438,-9.738275661447054e-08
100,1,raw,8,64,best_random_fixed,7.650821208953857,7.650821216404438,-9.738275661447054e-08
100,1,raw,8,64,best_random_reversible,7.650821208953857,7.650821216404438,-9.738275661447054e-08
100,1,raw,8,64,longest_fixed,7.650821208953857,7.650821216404438,-9.738275661447054e-08
100,1,raw,8,64,longest_reversible,7.650821208953857,7.650821216404438,-9.738275661447054e-08
100,1,raw,8,64,best_combined_reversible,7.650821208953857,7.650821216404438,-9.738275661447054e-08
100,1,two_opt,4,64,single_random_fixed_mean,7.650821208953857,7.650821216404438,-9.738275661447054e-08
100,1,two_opt,4,64,best_random_fixed,7.650821208953857,7.650821216404438,-9.738275661447054e-08
100,1,two_opt,4,64,best_random_reversible,7.650821208953857,7.650821216404438,-9.738275661447054e-08
100,1,two_opt,4,64,longest_fixed,7.650821208953857,7.650821216404438,-9.738275661447054e-08
100,1,two_opt,4,64,longest_reversible,7.650821208953857,7.650821216404438,-9.738275661447054e-08
100,1,two_opt,4,64,best_combined_reversible,7.650821208953857,7.650821216404438,-9.738275661447054e-08
100,1,two_opt,8,64,single_random_fixed_mean,7.650821208953857,7.650821216404438,-9.738275661447054e-08
100,1,two_opt,8,64,best_random_fixed,7.650821208953857,7.650821216404438,-9.738275661447054e-08
100,1,two_opt,8,64,best_random_reversible,7.650821208953857,7.650821216404438,-9.738275661447054e-08
100,1,two_opt,8,64,longest_fixed,7.650821208953857,7.650821216404438,-9.738275661447054e-08
100,1,two_opt,8,64,longest_reversible,7.650821208953857,7.650821216404438,-9.738275661447054e-08
100,1,two_opt,8,64,best_combined_reversible,7.650821208953857,7.650821216404438,-9.738275661447054e-08
100,2,raw,4,64,single_random_fixed_mean,7.915815353393555,7.915815276093781,9.765232037650534e-07
100,2,raw,4,64,best_random_fixed,7.915815353393555,7.915815276093781,9.765232037650534e-07
100,2,raw,4,64,best_random_reversible,7.915815353393555,7.915815276093781,9.765232037650534e-07
100,2,raw,4,64,longest_fixed,7.915815353393555,7.915815276093781,9.765232037650534e-07
100,2,raw,4,64,longest_reversible,7.915815353393555,7.915815276093781,9.765232037650534e-07
100,2,raw,4,64,best_combined_reversible,7.915815353393555,7.915815276093781,9.765232037650534e-07
100,2,raw,8,64,single_random_fixed_mean,7.915815353393555,7.915815276093781,9.765232037650534e-07
100,2,raw,8,64,best_random_fixed,7.915815353393555,7.915815276093781,9.765232037650534e-07
100,2,raw,8,64,best_random_reversible,7.915815353393555,7.915815276093781,9.765232037650534e-07
100,2,raw,8,64,longest_fixed,7.915815353393555,7.915815276093781,9.765232037650534e-07
100,2,raw,8,64,longest_reversible,7.915815353393555,7.915815276093781,9.765232037650534e-07
100,2,raw,8,64,best_combined_reversible,7.915815353393555,7.915815276093781,9.765232037650534e-07
100,2,two_opt,4,64,single_random_fixed_mean,7.896719455718994,7.896719827316701,-4.705722539027975e-06
100,2,two_opt,4,64,best_random_fixed,7.896719455718994,7.896719827316701,-4.705722539027975e-06
100,2,two_opt,4,64,best_random_reversible,7.896719455718994,7.896719827316701,-4.705722539027975e-06
100,2,two_opt,4,64,longest_fixed,7.896719455718994,7.896719827316701,-4.705722539027975e-06
100,2,two_opt,4,64,longest_reversible,7.896719455718994,7.896719827316701,-4.705722539027975e-06
100,2,two_opt,4,64,best_combined_reversible,7.896719455718994,7.896719827316701,-4.705722539027975e-06
100,2,two_opt,8,64,single_random_fixed_mean,7.896719455718994,7.896719827316701,-4.705722539027975e-06
100,2,two_opt,8,64,best_random_fixed,7.896719455718994,7.896719827316701,-4.705722539027975e-06
100,2,two_opt,8,64,best_random_reversible,7.896719455718994,7.896719827316701,-4.705722539027975e-06
100,2,two_opt,8,64,longest_fixed,7.896719455718994,7.896719827316701,-4.705722539027975e-06
100,2,two_opt,8,64,longest_reversible,7.896719455718994,7.896719827316701,-4.705722539027975e-06
100,2,two_opt,8,64,best_combined_reversible,7.896719455718994,7.896719827316701,-4.705722539027975e-06
100,3,raw,4,64,single_random_fixed_mean,7.416010856628418,7.41601062938571,3.0642175773390033e-06
100,3,raw,4,64,best_random_fixed,7.416010856628418,7.41601062938571,3.0642175773390033e-06
100,3,raw,4,64,best_random_reversible,7.416010856628418,7.41601062938571,3.0642175773390033e-06
100,3,raw,4,64,longest_fixed,7.416010856628418,7.41601062938571,3.0642175773390033e-06
100,3,raw,4,64,longest_reversible,7.416010856628418,7.41601062938571,3.0642175773390033e-06
100,3,raw,4,64,best_combined_reversible,7.416010856628418,7.41601062938571,3.0642175773390033e-06
100,3,raw,8,64,single_random_fixed_mean,7.416010856628418,7.41601062938571,3.0642175773390033e-06
100,3,raw,8,64,best_random_fixed,7.416010856628418,7.41601062938571,3.0642175773390033e-06
100,3,raw,8,64,best_random_reversible,7.416010856628418,7.41601062938571,3.0642175773390033e-06
100,3,raw,8,64,longest_fixed,7.416010856628418,7.41601062938571,3.0642175773390033e-06
100,3,raw,8,64,longest_reversible,7.416010856628418,7.41601062938571,3.0642175773390033e-06
100,3,raw,8,64,best_combined_reversible,7.416010856628418,7.41601062938571,3.0642175773390033e-06
100,3,two_opt,4,64,single_random_fixed_mean,7.4064178466796875,7.406417179852724,9.003366772286856e-06
100,3,two_opt,4,64,best_random_fixed,7.4064178466796875,7.406417179852724,9.003366772286856e-06
100,3,two_opt,4,64,best_random_reversible,7.4064178466796875,7.406417179852724,9.003366772286856e-06
100,3,two_opt,4,64,longest_fixed,7.4064178466796875,7.406417179852724,9.003366772286856e-06
100,3,two_opt,4,64,longest_reversible,7.4064178466796875,7.406417179852724,9.003366772286856e-06
100,3,two_opt,4,64,best_combined_reversible,7.4064178466796875,7.406417179852724,9.003366772286856e-06
100,3,two_opt,8,64,single_random_fixed_mean,7.4064178466796875,7.406417179852724,9.003366772286856e-06
100,3,two_opt,8,64,best_random_fixed,7.4064178466796875,7.406417179852724,9.003366772286856e-06
100,3,two_opt,8,64,best_random_reversible,7.4064178466796875,7.406417179852724,9.003366772286856e-06
100,3,two_opt,8,64,longest_fixed,7.4064178466796875,7.406417179852724,9.003366772286856e-06
100,3,two_opt,8,64,longest_reversible,7.4064178466796875,7.406417179852724,9.003366772286856e-06
100,3,two_opt,8,64,best_combined_reversible,7.4064178466796875,7.406417179852724,9.003366772286856e-06
100,4,raw,4,64,single_random_fixed_mean,7.732487678527832,7.732487183995545,6.395513419233431e-06
100,4,raw,4,64,best_random_fixed,7.732487678527832,7.732487183995545,6.395513419233431e-06
100,4,raw,4,64,best_random_reversible,7.732487678527832,7.732487183995545,6.395513419233431e-06
100,4,raw,4,64,longest_fixed,7.732487678527832,7.732487183995545,6.395513419233431e-06
100,4,raw,4,64,longest_reversible,7.732487678527832,7.732487183995545,6.395513419233431e-06
100,4,raw,4,64,best_combined_reversible,7.732487678527832,7.732487183995545,6.395513419233431e-06
100,4,raw,8,64,single_random_fixed_mean,7.732487678527832,7.732487183995545,6.395513419233431e-06
100,4,raw,8,64,best_random_fixed,7.732487678527832,7.732487183995545,6.395513419233431e-06
100,4,raw,8,64,best_random_reversible,7.732487678527832,7.732487183995545,6.395513419233431e-06
100,4,raw,8,64,longest_fixed,7.732487678527832,7.732487183995545,6.395513419233431e-06
100,4,raw,8,64,longest_reversible,7.732487678527832,7.732487183995545,6.395513419233431e-06
100,4,raw,8,64,best_combined_reversible,7.732487678527832,7.732487183995545,6.395513419233431e-06
100,4,two_opt,4,64,single_random_fixed_mean,7.725353240966797,7.7253527501598,6.353198119403206e-06
100,4,two_opt,4,64,best_random_fixed,7.725353240966797,7.7253527501598,6.353198119403206e-06
100,4,two_opt,4,64,best_random_reversible,7.725353240966797,7.7253527501598,6.353198119403206e-06
100,4,two_opt,4,64,longest_fixed,7.725353240966797,7.7253527501598,6.353198119403206e-06
100,4,two_opt,4,64,longest_reversible,7.725353240966797,7.7253527501598,6.353198119403206e-06
100,4,two_opt,4,64,best_combined_reversible,7.725353240966797,7.7253527501598,6.353198119403206e-06
100,4,two_opt,8,64,single_random_fixed_mean,7.725353240966797,7.7253527501598,6.353198119403206e-06
100,4,two_opt,8,64,best_random_fixed,7.725353240966797,7.7253527501598,6.353198119403206e-06
100,4,two_opt,8,64,best_random_reversible,7.725353240966797,7.7253527501598,6.353198119403206e-06
100,4,two_opt,8,64,longest_fixed,7.725353240966797,7.7253527501598,6.353198119403206e-06
100,4,two_opt,8,64,longest_reversible,7.725353240966797,7.7253527501598,6.353198119403206e-06
100,4,two_opt,8,64,best_combined_reversible,7.725353240966797,7.7253527501598,6.353198119403206e-06
100,5,raw,4,64,single_random_fixed_mean,8.010211944580078,8.010212436318398,-6.138892738408699e-06
100,5,raw,4,64,best_random_fixed,8.010211944580078,8.010212436318398,-6.138892738408699e-06
100,5,raw,4,64,best_random_reversible,8.010211944580078,8.010212436318398,-6.138892738408699e-06
100,5,raw,4,64,longest_fixed,8.010211944580078,8.010212436318398,-6.138892738408699e-06
100,5,raw,4,64,longest_reversible,8.010211944580078,8.010212436318398,-6.138892738408699e-06
100,5,raw,4,64,best_combined_reversible,8.010211944580078,8.010212436318398,-6.138892738408699e-06
100,5,raw,8,64,single_random_fixed_mean,8.010211944580078,8.010212436318398,-6.138892738408699e-06
100,5,raw,8,64,best_random_fixed,8.010211944580078,8.010212436318398,-6.138892738408699e-06
100,5,raw,8,64,best_random_reversible,8.010211944580078,8.010212436318398,-6.138892738408699e-06
100,5,raw,8,64,longest_fixed,8.010211944580078,8.010212436318398,-6.138892738408699e-06
100,5,raw,8,64,longest_reversible,8.010211944580078,8.010212436318398,-6.138892738408699e-06
100,5,raw,8,64,best_combined_reversible,8.010211944580078,8.010212436318398,-6.138892738408699e-06
100,5,two_opt,4,64,single_random_fixed_mean,8.005240440368652,8.005240246653557,2.4198535567171383e-06
100,5,two_opt,4,64,best_random_fixed,8.005240440368652,8.005240246653557,2.4198535567171383e-06
100,5,two_opt,4,64,best_random_reversible,8.005240440368652,8.005240246653557,2.4198535567171383e-06
100,5,two_opt,4,64,longest_fixed,8.005240440368652,8.005240246653557,2.4198535567171383e-06
100,5,two_opt,4,64,longest_reversible,8.005240440368652,8.005240246653557,2.4198535567171383e-06
100,5,two_opt,4,64,best_combined_reversible,8.005240440368652,8.005240246653557,2.4198535567171383e-06
100,5,two_opt,8,64,single_random_fixed_mean,8.005240440368652,8.005240246653557,2.4198535567171383e-06
100,5,two_opt,8,64,best_random_fixed,8.005240440368652,8.005240246653557,2.4198535567171383e-06
100,5,two_opt,8,64,best_random_reversible,8.005240440368652,8.005240246653557,2.4198535567171383e-06
100,5,two_opt,8,64,longest_fixed,8.005240440368652,8.005240246653557,2.4198535567171383e-06
100,5,two_opt,8,64,longest_reversible,8.005240440368652,8.005240246653557,2.4198535567171383e-06
100,5,two_opt,8,64,best_combined_reversible,8.005240440368652,8.005240246653557,2.4198535567171383e-06
100,6,raw,4,64,single_random_fixed_mean,7.922487258911133,7.9224872859194875,-3.4090751781860117e-07
100,6,raw,4,64,best_random_fixed,7.922487258911133,7.9224872859194875,-3.4090751781860117e-07
100,6,raw,4,64,best_random_reversible,7.922487258911133,7.9224872859194875,-3.4090751781860117e-07
100,6,raw,4,64,longest_fixed,7.922487258911133,7.9224872859194875,-3.4090751781860117e-07
100,6,raw,4,64,longest_reversible,7.922487258911133,7.9224872859194875,-3.4090751781860117e-07
100,6,raw,4,64,best_combined_reversible,7.922487258911133,7.9224872859194875,-3.4090751781860117e-07
100,6,raw,8,64,single_random_fixed_mean,7.922487258911133,7.9224872859194875,-3.4090751781860117e-07
100,6,raw,8,64,best_random_fixed,7.922487258911133,7.9224872859194875,-3.4090751781860117e-07
100,6,raw,8,64,best_random_reversible,7.922487258911133,7.9224872859194875,-3.4090751781860117e-07
100,6,raw,8,64,longest_fixed,7.922487258911133,7.9224872859194875,-3.4090751781860117e-07
100,6,raw,8,64,longest_reversible,7.922487258911133,7.9224872859194875,-3.4090751781860117e-07
100,6,raw,8,64,best_combined_reversible,7.922487258911133,7.9224872859194875,-3.4090751781860117e-07
100,6,two_opt,4,64,single_random_fixed_mean,7.922487258911133,7.9224872859194875,-3.4090751781860117e-07
100,6,two_opt,4,64,best_random_fixed,7.922487258911133,7.9224872859194875,-3.4090751781860117e-07
100,6,two_opt,4,64,best_random_reversible,7.922487258911133,7.9224872859194875,-3.4090751781860117e-07
100,6,two_opt,4,64,longest_fixed,7.922487258911133,7.9224872859194875,-3.4090751781860117e-07
100,6,two_opt,4,64,longest_reversible,7.922487258911133,7.9224872859194875,-3.4090751781860117e-07
100,6,two_opt,4,64,best_combined_reversible,7.922487258911133,7.9224872859194875,-3.4090751781860117e-07
100,6,two_opt,8,64,single_random_fixed_mean,7.922487258911133,7.9224872859194875,-3.4090751781860117e-07
100,6,two_opt,8,64,best_random_fixed,7.922487258911133,7.9224872859194875,-3.4090751781860117e-07
100,6,two_opt,8,64,best_random_reversible,7.922487258911133,7.9224872859194875,-3.4090751781860117e-07
100,6,two_opt,8,64,longest_fixed,7.922487258911133,7.9224872859194875,-3.4090751781860117e-07
100,6,two_opt,8,64,longest_reversible,7.922487258911133,7.9224872859194875,-3.4090751781860117e-07
100,6,two_opt,8,64,best_combined_reversible,7.922487258911133,7.9224872859194875,-3.4090751781860117e-07
100,7,raw,4,64,single_random_fixed_mean,7.313409805297852,7.313409551978111,3.4637706219047746e-06
100,7,raw,4,64,best_random_fixed,7.313409805297852,7.313409551978111,3.4637706219047746e-06
100,7,raw,4,64,best_random_reversible,7.313409805297852,7.313409551978111,3.4637706219047746e-06
100,7,raw,4,64,longest_fixed,7.313409805297852,7.313409551978111,3.4637706219047746e-06
100,7,raw,4,64,longest_reversible,7.313409805297852,7.313409551978111,3.4637706219047746e-06
100,7,raw,4,64,best_combined_reversible,7.313409805297852,7.313409551978111,3.4637706219047746e-06
100,7,raw,8,64,single_random_fixed_mean,7.313409805297852,7.313409551978111,3.4637706219047746e-06
100,7,raw,8,64,best_random_fixed,7.313409805297852,7.313409551978111,3.4637706219047746e-06
100,7,raw,8,64,best_random_reversible,7.313409805297852,7.313409551978111,3.4637706219047746e-06
100,7,raw,8,64,longest_fixed,7.313409805297852,7.313409551978111,3.4637706219047746e-06
100,7,raw,8,64,longest_reversible,7.313409805297852,7.313409551978111,3.4637706219047746e-06
100,7,raw,8,64,best_combined_reversible,7.313409805297852,7.313409551978111,3.4637706219047746e-06
100,7,two_opt,4,64,single_random_fixed_mean,7.30092716217041,7.300926711410284,6.1740120960183666e-06
100,7,two_opt,4,64,best_random_fixed,7.30092716217041,7.300926711410284,6.1740120960183666e-06
100,7,two_opt,4,64,best_random_reversible,7.30092716217041,7.300926711410284,6.1740120960183666e-06
100,7,two_opt,4,64,longest_fixed,7.30092716217041,7.300926711410284,6.1740120960183666e-06
100,7,two_opt,4,64,longest_reversible,7.30092716217041,7.300926711410284,6.1740120960183666e-06
100,7,two_opt,4,64,best_combined_reversible,7.30092716217041,7.300926711410284,6.1740120960183666e-06
100,7,two_opt,8,64,single_random_fixed_mean,7.30092716217041,7.300926711410284,6.1740120960183666e-06
100,7,two_opt,8,64,best_random_fixed,7.30092716217041,7.300926711410284,6.1740120960183666e-06
100,7,two_opt,8,64,best_random_reversible,7.30092716217041,7.300926711410284,6.1740120960183666e-06
100,7,two_opt,8,64,longest_fixed,7.30092716217041,7.300926711410284,6.1740120960183666e-06
100,7,two_opt,8,64,longest_reversible,7.30092716217041,7.300926711410284,6.1740120960183666e-06
100,7,two_opt,8,64,best_combined_reversible,7.30092716217041,7.300926711410284,6.1740120960183666e-06
100,8,raw,4,64,single_random_fixed_mean,7.776210308074951,7.776210240088403,8.742889563613208e-07
100,8,raw,4,64,best_random_fixed,7.776210308074951,7.776210240088403,8.742889563613208e-07
100,8,raw,4,64,best_random_reversible,7.776210308074951,7.776210240088403,8.742889563613208e-07
100,8,raw,4,64,longest_fixed,7.776210308074951,7.776210240088403,8.742889563613208e-07
100,8,raw,4,64,longest_reversible,7.776210308074951,7.776210240088403,8.742889563613208e-07
100,8,raw,4,64,best_combined_reversible,7.776210308074951,7.776210240088403,8.742889563613208e-07
100,8,raw,8,64,single_random_fixed_mean,7.776210308074951,7.776210240088403,8.742889563613208e-07
100,8,raw,8,64,best_random_fixed,7.776210308074951,7.776210240088403,8.742889563613208e-07
100,8,raw,8,64,best_random_reversible,7.776210308074951,7.776210240088403,8.742889563613208e-07
100,8,raw,8,64,longest_fixed,7.776210308074951,7.776210240088403,8.742889563613208e-07
100,8,raw,8,64,longest_reversible,7.776210308074951,7.776210240088403,8.742889563613208e-07
100,8,raw,8,64,best_combined_reversible,7.776210308074951,7.776210240088403,8.742889563613208e-07
100,8,two_opt,4,64,single_random_fixed_mean,7.752965450286865,7.7529654102399945,5.165361688408377e-07
100,8,two_opt,4,64,best_random_fixed,7.752965450286865,7.7529654102399945,5.165361688408377e-07
100,8,two_opt,4,64,best_random_reversible,7.752965450286865,7.7529654102399945,5.165361688408377e-07
100,8,two_opt,4,64,longest_fixed,7.752965450286865,7.7529654102399945,5.165361688408377e-07
100,8,two_opt,4,64,longest_reversible,7.752965450286865,7.7529654102399945,5.165361688408377e-07
100,8,two_opt,4,64,best_combined_reversible,7.752965450286865,7.7529654102399945,5.165361688408377e-07
100,8,two_opt,8,64,single_random_fixed_mean,7.752965450286865,7.7529654102399945,5.165361688408377e-07
100,8,two_opt,8,64,best_random_fixed,7.752965450286865,7.7529654102399945,5.165361688408377e-07
100,8,two_opt,8,64,best_random_reversible,7.752965450286865,7.7529654102399945,5.165361688408377e-07
100,8,two_opt,8,64,longest_fixed,7.752965450286865,7.7529654102399945,5.165361688408377e-07
100,8,two_opt,8,64,longest_reversible,7.752965450286865,7.7529654102399945,5.165361688408377e-07
100,8,two_opt,8,64,best_combined_reversible,7.752965450286865,7.7529654102399945,5.165361688408377e-07
100,9,raw,4,64,single_random_fixed_mean,8.276874542236328,8.27687491197139,-4.467085495081653e-06
100,9,raw,4,64,best_random_fixed,8.276874542236328,8.27687491197139,-4.467085495081653e-06
100,9,raw,4,64,best_random_reversible,8.276874542236328,8.27687491197139,-4.467085495081653e-06
100,9,raw,4,64,longest_fixed,8.276874542236328,8.27687491197139,-4.467085495081653e-06
100,9,raw,4,64,longest_reversible,8.276874542236328,8.27687491197139,-4.467085495081653e-06
100,9,raw,4,64,best_combined_reversible,8.276874542236328,8.27687491197139,-4.467085495081653e-06
100,9,raw,8,64,single_random_fixed_mean,8.276874542236328,8.27687491197139,-4.467085495081653e-06
100,9,raw,8,64,best_random_fixed,8.276874542236328,8.27687491197139,-4.467085495081653e-06
100,9,raw,8,64,best_random_reversible,8.276874542236328,8.27687491197139,-4.467085495081653e-06
100,9,raw,8,64,longest_fixed,8.276874542236328,8.27687491197139,-4.467085495081653e-06
100,9,raw,8,64,longest_reversible,8.276874542236328,8.27687491197139,-4.467085495081653e-06
100,9,raw,8,64,best_combined_reversible,8.276874542236328,8.27687491197139,-4.467085495081653e-06
100,9,two_opt,4,64,single_random_fixed_mean,8.25661563873291,8.256616075523198,-5.290185550670623e-06
100,9,two_opt,4,64,best_random_fixed,8.25661563873291,8.256616075523198,-5.290185550670623e-06
100,9,two_opt,4,64,best_random_reversible,8.25661563873291,8.256616075523198,-5.290185550670623e-06
100,9,two_opt,4,64,longest_fixed,8.25661563873291,8.256616075523198,-5.290185550670623e-06
100,9,two_opt,4,64,longest_reversible,8.25661563873291,8.256616075523198,-5.290185550670623e-06
100,9,two_opt,4,64,best_combined_reversible,8.25661563873291,8.256616075523198,-5.290185550670623e-06
100,9,two_opt,8,64,single_random_fixed_mean,8.25661563873291,8.256616075523198,-5.290185550670623e-06
100,9,two_opt,8,64,best_random_fixed,8.25661563873291,8.256616075523198,-5.290185550670623e-06
100,9,two_opt,8,64,best_random_reversible,8.25661563873291,8.256616075523198,-5.290185550670623e-06
100,9,two_opt,8,64,longest_fixed,8.25661563873291,8.256616075523198,-5.290185550670623e-06
100,9,two_opt,8,64,longest_reversible,8.25661563873291,8.256616075523198,-5.290185550670623e-06
100,9,two_opt,8,64,best_combined_reversible,8.25661563873291,8.256616075523198,-5.290185550670623e-06
100,10,raw,4,64,single_random_fixed_mean,7.663749694824219,7.663749046972953,8.453450226909477e-06
100,10,raw,4,64,best_random_fixed,7.663749694824219,7.663749046972953,8.453450226909477e-06
100,10,raw,4,64,best_random_reversible,7.663749694824219,7.663749046972953,8.453450226909477e-06
100,10,raw,4,64,longest_fixed,7.663749694824219,7.663749046972953,8.453450226909477e-06
100,10,raw,4,64,longest_reversible,7.663749694824219,7.663749046972953,8.453450226909477e-06
100,10,raw,4,64,best_combined_reversible,7.663749694824219,7.663749046972953,8.453450226909477e-06
100,10,raw,8,64,single_random_fixed_mean,7.663749694824219,7.663749046972953,8.453450226909477e-06
100,10,raw,8,64,best_random_fixed,7.663749694824219,7.663749046972953,8.453450226909477e-06
100,10,raw,8,64,best_random_reversible,7.663749694824219,7.663749046972953,8.453450226909477e-06
100,10,raw,8,64,longest_fixed,7.663749694824219,7.663749046972953,8.453450226909477e-06
100,10,raw,8,64,longest_reversible,7.663749694824219,7.663749046972953,8.453450226909477e-06
100,10,raw,8,64,best_combined_reversible,7.663749694824219,7.663749046972953,8.453450226909477e-06
100,10,two_opt,4,64,single_random_fixed_mean,7.659798622131348,7.659798595472239,3.480392894578493e-07
100,10,two_opt,4,64,best_random_fixed,7.659798622131348,7.659798595472239,3.480392894578493e-07
100,10,two_opt,4,64,best_random_reversible,7.659798622131348,7.659798595472239,3.480392894578493e-07
100,10,two_opt,4,64,longest_fixed,7.659798622131348,7.659798595472239,3.480392894578493e-07
100,10,two_opt,4,64,longest_reversible,7.659798622131348,7.659798595472239,3.480392894578493e-07
100,10,two_opt,4,64,best_combined_reversible,7.659798622131348,7.659798595472239,3.480392894578493e-07
100,10,two_opt,8,64,single_random_fixed_mean,7.659798622131348,7.659798595472239,3.480392894578493e-07
100,10,two_opt,8,64,best_random_fixed,7.659798622131348,7.659798595472239,3.480392894578493e-07
100,10,two_opt,8,64,best_random_reversible,7.659798622131348,7.659798595472239,3.480392894578493e-07
100,10,two_opt,8,64,longest_fixed,7.659798622131348,7.659798595472239,3.480392894578493e-07
100,10,two_opt,8,64,longest_reversible,7.659798622131348,7.659798595472239,3.480392894578493e-07
100,10,two_opt,8,64,best_combined_reversible,7.659798622131348,7.659798595472239,3.480392894578493e-07
100,11,raw,4,64,single_random_fixed_mean,7.519986629486084,7.519986756145954,-1.6843097785715215e-06
100,11,raw,4,64,best_random_fixed,7.519986629486084,7.519986756145954,-1.6843097785715215e-06
100,11,raw,4,64,best_random_reversible,7.519986629486084,7.519986756145954,-1.6843097785715215e-06
100,11,raw,4,64,longest_fixed,7.519986629486084,7.519986756145954,-1.6843097785715215e-06
100,11,raw,4,64,longest_reversible,7.519986629486084,7.519986756145954,-1.6843097785715215e-06
100,11,raw,4,64,best_combined_reversible,7.519986629486084,7.519986756145954,-1.6843097785715215e-06
100,11,raw,8,64,single_random_fixed_mean,7.519986629486084,7.519986756145954,-1.6843097785715215e-06
100,11,raw,8,64,best_random_fixed,7.519986629486084,7.519986756145954,-1.6843097785715215e-06
100,11,raw,8,64,best_random_reversible,7.519986629486084,7.519986756145954,-1.6843097785715215e-06
100,11,raw,8,64,longest_fixed,7.519986629486084,7.519986756145954,-1.6843097785715215e-06
100,11,raw,8,64,longest_reversible,7.519986629486084,7.519986756145954,-1.6843097785715215e-06
100,11,raw,8,64,best_combined_reversible,7.519986629486084,7.519986756145954,-1.6843097785715215e-06
100,11,two_opt,4,64,single_random_fixed_mean,7.519986629486084,7.519986756145954,-1.6843097785715215e-06
100,11,two_opt,4,64,best_random_fixed,7.519986629486084,7.519986756145954,-1.6843097785715215e-06
100,11,two_opt,4,64,best_random_reversible,7.519986629486084,7.519986756145954,-1.6843097785715215e-06
100,11,two_opt,4,64,longest_fixed,7.519986629486084,7.519986756145954,-1.6843097785715215e-06
100,11,two_opt,4,64,longest_reversible,7.519986629486084,7.519986756145954,-1.6843097785715215e-06
100,11,two_opt,4,64,best_combined_reversible,7.519986629486084,7.519986756145954,-1.6843097785715215e-06
100,11,two_opt,8,64,single_random_fixed_mean,7.519986629486084,7.519986756145954,-1.6843097785715215e-06
100,11,two_opt,8,64,best_random_fixed,7.519986629486084,7.519986756145954,-1.6843097785715215e-06
100,11,two_opt,8,64,best_random_reversible,7.519986629486084,7.519986756145954,-1.6843097785715215e-06
100,11,two_opt,8,64,longest_fixed,7.519986629486084,7.519986756145954,-1.6843097785715215e-06
100,11,two_opt,8,64,longest_reversible,7.519986629486084,7.519986756145954,-1.6843097785715215e-06
100,11,two_opt,8,64,best_combined_reversible,7.519986629486084,7.519986756145954,-1.6843097785715215e-06
100,12,raw,4,64,single_random_fixed_mean,8.120290756225586,8.12029106169939,-3.761857963517861e-06
100,12,raw,4,64,best_random_fixed,8.120290756225586,8.12029106169939,-3.761857963517861e-06
100,12,raw,4,64,best_random_reversible,8.120290756225586,8.12029106169939,-3.761857963517861e-06
100,12,raw,4,64,longest_fixed,8.120290756225586,8.12029106169939,-3.761857963517861e-06
100,12,raw,4,64,longest_reversible,8.120290756225586,8.12029106169939,-3.761857963517861e-06
100,12,raw,4,64,best_combined_reversible,8.120290756225586,8.12029106169939,-3.761857963517861e-06
100,12,raw,8,64,single_random_fixed_mean,8.120290756225586,8.12029106169939,-3.761857963517861e-06
100,12,raw,8,64,best_random_fixed,8.120290756225586,8.12029106169939,-3.761857963517861e-06
100,12,raw,8,64,best_random_reversible,8.120290756225586,8.12029106169939,-3.761857963517861e-06
100,12,raw,8,64,longest_fixed,8.120290756225586,8.12029106169939,-3.761857963517861e-06
100,12,raw,8,64,longest_reversible,8.120290756225586,8.12029106169939,-3.761857963517861e-06
100,12,raw,8,64,best_combined_reversible,8.120290756225586,8.12029106169939,-3.761857963517861e-06
100,12,two_opt,4,64,single_random_fixed_mean,8.111969947814941,8.111970447003841,-6.15373211692382e-06
100,12,two_opt,4,64,best_random_fixed,8.111969947814941,8.111970447003841,-6.15373211692382e-06
100,12,two_opt,4,64,best_random_reversible,8.111969947814941,8.111970447003841,-6.15373211692382e-06
100,12,two_opt,4,64,longest_fixed,8.111969947814941,8.111970447003841,-6.15373211692382e-06
100,12,two_opt,4,64,longest_reversible,8.111969947814941,8.111970447003841,-6.15373211692382e-06
100,12,two_opt,4,64,best_combined_reversible,8.111969947814941,8.111970447003841,-6.15373211692382e-06
100,12,two_opt,8,64,single_random_fixed_mean,8.111969947814941,8.111970447003841,-6.15373211692382e-06
100,12,two_opt,8,64,best_random_fixed,8.111969947814941,8.111970447003841,-6.15373211692382e-06
100,12,two_opt,8,64,best_random_reversible,8.111969947814941,8.111970447003841,-6.15373211692382e-06
100,12,two_opt,8,64,longest_fixed,8.111969947814941,8.111970447003841,-6.15373211692382e-06
100,12,two_opt,8,64,longest_reversible,8.111969947814941,8.111970447003841,-6.15373211692382e-06
100,12,two_opt,8,64,best_combined_reversible,8.111969947814941,8.111970447003841,-6.15373211692382e-06
100,13,raw,4,64,single_random_fixed_mean,7.674308776855469,7.674309259746224,-6.2923029158593365e-06
100,13,raw,4,64,best_random_fixed,7.674308776855469,7.674309259746224,-6.2923029158593365e-06
100,13,raw,4,64,best_random_reversible,7.674308776855469,7.674309259746224,-6.2923029158593365e-06
100,13,raw,4,64,longest_fixed,7.674308776855469,7.674309259746224,-6.2923029158593365e-06
100,13,raw,4,64,longest_reversible,7.674308776855469,7.674309259746224,-6.2923029158593365e-06
100,13,raw,4,64,best_combined_reversible,7.674308776855469,7.674309259746224,-6.2923029158593365e-06
100,13,raw,8,64,single_random_fixed_mean,7.674308776855469,7.674309259746224,-6.2923029158593365e-06
100,13,raw,8,64,best_random_fixed,7.674308776855469,7.674309259746224,-6.2923029158593365e-06
100,13,raw,8,64,best_random_reversible,7.674308776855469,7.674309259746224,-6.2923029158593365e-06
100,13,raw,8,64,longest_fixed,7.674308776855469,7.674309259746224,-6.2923029158593365e-06
100,13,raw,8,64,longest_reversible,7.674308776855469,7.674309259746224,-6.2923029158593365e-06
100,13,raw,8,64,best_combined_reversible,7.674308776855469,7.674309259746224,-6.2923029158593365e-06
100,13,two_opt,4,64,single_random_fixed_mean,7.668481826782227,7.668481929693371,-1.3420015437161562e-06
100,13,two_opt,4,64,best_random_fixed,7.668481826782227,7.668481929693371,-1.3420015437161562e-06
100,13,two_opt,4,64,best_random_reversible,7.668481826782227,7.668481929693371,-1.3420015437161562e-06
100,13,two_opt,4,64,longest_fixed,7.668481826782227,7.668481929693371,-1.3420015437161562e-06
100,13,two_opt,4,64,longest_reversible,7.668481826782227,7.668481929693371,-1.3420015437161562e-06
100,13,two_opt,4,64,best_combined_reversible,7.668481826782227,7.668481929693371,-1.3420015437161562e-06
100,13,two_opt,8,64,single_random_fixed_mean,7.668481826782227,7.668481929693371,-1.3420015437161562e-06
100,13,two_opt,8,64,best_random_fixed,7.668481826782227,7.668481929693371,-1.3420015437161562e-06
100,13,two_opt,8,64,best_random_reversible,7.668481826782227,7.668481929693371,-1.3420015437161562e-06
100,13,two_opt,8,64,longest_fixed,7.668481826782227,7.668481929693371,-1.3420015437161562e-06
100,13,two_opt,8,64,longest_reversible,7.668481826782227,7.668481929693371,-1.3420015437161562e-06
100,13,two_opt,8,64,best_combined_reversible,7.668481826782227,7.668481929693371,-1.3420015437161562e-06
100,14,raw,4,64,single_random_fixed_mean,8.24387264251709,8.243872353807092,3.502116185563087e-06
100,14,raw,4,64,best_random_fixed,8.24387264251709,8.243872353807092,3.502116185563087e-06
100,14,raw,4,64,best_random_reversible,8.24387264251709,8.243872353807092,3.502116185563087e-06
100,14,raw,4,64,longest_fixed,8.24387264251709,8.243872353807092,3.502116185563087e-06
100,14,raw,4,64,longest_reversible,8.24387264251709,8.243872353807092,3.502116185563087e-06
100,14,raw,4,64,best_combined_reversible,8.24387264251709,8.243872353807092,3.502116185563087e-06
100,14,raw,8,64,single_random_fixed_mean,8.24387264251709,8.243872353807092,3.502116185563087e-06
100,14,raw,8,64,best_random_fixed,8.24387264251709,8.243872353807092,3.502116185563087e-06
100,14,raw,8,64,best_random_reversible,8.24387264251709,8.243872353807092,3.502116185563087e-06
100,14,raw,8,64,longest_fixed,8.24387264251709,8.243872353807092,3.502116185563087e-06
100,14,raw,8,64,longest_reversible,8.24387264251709,8.243872353807092,3.502116185563087e-06
100,14,raw,8,64,best_combined_reversible,8.24387264251709,8.243872353807092,3.502116185563087e-06
100,14,two_opt,4,64,single_random_fixed_mean,8.241008758544922,8.24100842140615,4.090989123888886e-06
100,14,two_opt,4,64,best_random_fixed,8.241008758544922,8.24100842140615,4.090989123888886e-06
100,14,two_opt,4,64,best_random_reversible,8.241008758544922,8.24100842140615,4.090989123888886e-06
100,14,two_opt,4,64,longest_fixed,8.241008758544922,8.24100842140615,4.090989123888886e-06
100,14,two_opt,4,64,longest_reversible,8.241008758544922,8.24100842140615,4.090989123888886e-06
100,14,two_opt,4,64,best_combined_reversible,8.241008758544922,8.24100842140615,4.090989123888886e-06
100,14,two_opt,8,64,single_random_fixed_mean,8.241008758544922,8.24100842140615,4.090989123888886e-06
100,14,two_opt,8,64,best_random_fixed,8.241008758544922,8.24100842140615,4.090989123888886e-06
100,14,two_opt,8,64,best_random_reversible,8.241008758544922,8.24100842140615,4.090989123888886e-06
100,14,two_opt,8,64,longest_fixed,8.241008758544922,8.24100842140615,4.090989123888886e-06
100,14,two_opt,8,64,longest_reversible,8.241008758544922,8.24100842140615,4.090989123888886e-06
100,14,two_opt,8,64,best_combined_reversible,8.241008758544922,8.24100842140615,4.090989123888886e-06
100,15,raw,4,64,single_random_fixed_mean,7.7764668464660645,7.776466862298548,-2.0359482115786355e-07
100,15,raw,4,64,best_random_fixed,7.7764668464660645,7.776466862298548,-2.0359482115786355e-07
100,15,raw,4,64,best_random_reversible,7.7764668464660645,7.776466862298548,-2.0359482115786355e-07
100,15,raw,4,64,longest_fixed,7.7764668464660645,7.776466862298548,-2.0359482115786355e-07
100,15,raw,4,64,longest_reversible,7.7764668464660645,7.776466862298548,-2.0359482115786355e-07
100,15,raw,4,64,best_combined_reversible,7.7764668464660645,7.776466862298548,-2.0359482115786355e-07
100,15,raw,8,64,single_random_fixed_mean,7.7764668464660645,7.776466862298548,-2.0359482115786355e-07
100,15,raw,8,64,best_random_fixed,7.7764668464660645,7.776466862298548,-2.0359482115786355e-07
100,15,raw,8,64,best_random_reversible,7.7764668464660645,7.776466862298548,-2.0359482115786355e-07
100,15,raw,8,64,longest_fixed,7.7764668464660645,7.776466862298548,-2.0359482115786355e-07
100,15,raw,8,64,longest_reversible,7.7764668464660645,7.776466862298548,-2.0359482115786355e-07
100,15,raw,8,64,best_combined_reversible,7.7764668464660645,7.776466862298548,-2.0359482115786355e-07
100,15,two_opt,4,64,single_random_fixed_mean,7.770878791809082,7.770878297276795,6.363917136914841e-06
100,15,two_opt,4,64,best_random_fixed,7.770878791809082,7.770878297276795,6.363917136914841e-06
100,15,two_opt,4,64,best_random_reversible,7.770878791809082,7.770878297276795,6.363917136914841e-06
100,15,two_opt,4,64,longest_fixed,7.770878791809082,7.770878297276795,6.363917136914841e-06
100,15,two_opt,4,64,longest_reversible,7.770878791809082,7.770878297276795,6.363917136914841e-06
100,15,two_opt,4,64,best_combined_reversible,7.770878791809082,7.770878297276795,6.363917136914841e-06
100,15,two_opt,8,64,single_random_fixed_mean,7.770878791809082,7.770878297276795,6.363917136914841e-06
100,15,two_opt,8,64,best_random_fixed,7.770878791809082,7.770878297276795,6.363917136914841e-06
100,15,two_opt,8,64,best_random_reversible,7.770878791809082,7.770878297276795,6.363917136914841e-06
100,15,two_opt,8,64,longest_fixed,7.770878791809082,7.770878297276795,6.363917136914841e-06
100,15,two_opt,8,64,longest_reversible,7.770878791809082,7.770878297276795,6.363917136914841e-06
100,15,two_opt,8,64,best_combined_reversible,7.770878791809082,7.770878297276795,6.363917136914841e-06
100,16,raw,4,64,single_random_fixed_mean,7.876712799072266,7.876712702214718,1.229669663357763e-06
100,16,raw,4,64,best_random_fixed,7.876712799072266,7.876712702214718,1.229669663357763e-06
100,16,raw,4,64,best_random_reversible,7.876712799072266,7.876712702214718,1.229669663357763e-06
100,16,raw,4,64,longest_fixed,7.876712799072266,7.876712702214718,1.229669663357763e-06
100,16,raw,4,64,longest_reversible,7.876712799072266,7.876712702214718,1.229669663357763e-06
100,16,raw,4,64,best_combined_reversible,7.876712799072266,7.876712702214718,1.229669663357763e-06
100,16,raw,8,64,single_random_fixed_mean,7.876712799072266,7.876712702214718,1.229669663357763e-06
100,16,raw,8,64,best_random_fixed,7.876712799072266,7.876712702214718,1.229669663357763e-06
100,16,raw,8,64,best_random_reversible,7.876712799072266,7.876712702214718,1.229669663357763e-06
100,16,raw,8,64,longest_fixed,7.876712799072266,7.876712702214718,1.229669663357763e-06
100,16,raw,8,64,longest_reversible,7.876712799072266,7.876712702214718,1.229669663357763e-06
100,16,raw,8,64,best_combined_reversible,7.876712799072266,7.876712702214718,1.229669663357763e-06
100,16,two_opt,4,64,single_random_fixed_mean,7.869456768035889,7.869456633925438,1.7041894338800857e-06
100,16,two_opt,4,64,best_random_fixed,7.869456768035889,7.869456633925438,1.7041894338800857e-06
100,16,two_opt,4,64,best_random_reversible,7.869456768035889,7.869456633925438,1.7041894338800857e-06
100,16,two_opt,4,64,longest_fixed,7.869456768035889,7.869456633925438,1.7041894338800857e-06
100,16,two_opt,4,64,longest_reversible,7.869456768035889,7.869456633925438,1.7041894338800857e-06
100,16,two_opt,4,64,best_combined_reversible,7.869456768035889,7.869456633925438,1.7041894338800857e-06
100,16,two_opt,8,64,single_random_fixed_mean,7.869456768035889,7.869456633925438,1.7041894338800857e-06
100,16,two_opt,8,64,best_random_fixed,7.869456768035889,7.869456633925438,1.7041894338800857e-06
100,16,two_opt,8,64,best_random_reversible,7.869456768035889,7.869456633925438,1.7041894338800857e-06
100,16,two_opt,8,64,longest_fixed,7.869456768035889,7.869456633925438,1.7041894338800857e-06
100,16,two_opt,8,64,longest_reversible,7.869456768035889,7.869456633925438,1.7041894338800857e-06
100,16,two_opt,8,64,best_combined_reversible,7.869456768035889,7.869456633925438,1.7041894338800857e-06
100,17,raw,4,64,single_random_fixed_mean,8.051583290100098,8.05158292176202,4.574728534613998e-06
100,17,raw,4,64,best_random_fixed,8.051583290100098,8.05158292176202,4.574728534613998e-06
100,17,raw,4,64,best_random_reversible,8.051583290100098,8.05158292176202,4.574728534613998e-06
100,17,raw,4,64,longest_fixed,8.051583290100098,8.05158292176202,4.574728534613998e-06
100,17,raw,4,64,longest_reversible,8.051583290100098,8.05158292176202,4.574728534613998e-06
100,17,raw,4,64,best_combined_reversible,8.051583290100098,8.05158292176202,4.574728534613998e-06
100,17,raw,8,64,single_random_fixed_mean,8.051583290100098,8.05158292176202,4.574728534613998e-06
100,17,raw,8,64,best_random_fixed,8.051583290100098,8.05158292176202,4.574728534613998e-06
100,17,raw,8,64,best_random_reversible,8.051583290100098,8.05158292176202,4.574728534613998e-06
100,17,raw,8,64,longest_fixed,8.051583290100098,8.05158292176202,4.574728534613998e-06
100,17,raw,8,64,longest_reversible,8.051583290100098,8.05158292176202,4.574728534613998e-06
100,17,raw,8,64,best_combined_reversible,8.051583290100098,8.05158292176202,4.574728534613998e-06
100,17,two_opt,4,64,single_random_fixed_mean,8.051583290100098,8.05158292176202,4.574728534613998e-06
100,17,two_opt,4,64,best_random_fixed,8.051583290100098,8.05158292176202,4.574728534613998e-06
100,17,two_opt,4,64,best_random_reversible,8.051583290100098,8.05158292176202,4.574728534613998e-06
100,17,two_opt,4,64,longest_fixed,8.051583290100098,8.05158292176202,4.574728534613998e-06
100,17,two_opt,4,64,longest_reversible,8.051583290100098,8.05158292176202,4.574728534613998e-06
100,17,two_opt,4,64,best_combined_reversible,8.051583290100098,8.05158292176202,4.574728534613998e-06
100,17,two_opt,8,64,single_random_fixed_mean,8.051583290100098,8.05158292176202,4.574728534613998e-06
100,17,two_opt,8,64,best_random_fixed,8.051583290100098,8.05158292176202,4.574728534613998e-06
100,17,two_opt,8,64,best_random_reversible,8.051583290100098,8.05158292176202,4.574728534613998e-06
100,17,two_opt,8,64,longest_fixed,8.051583290100098,8.05158292176202,4.574728534613998e-06
100,17,two_opt,8,64,longest_reversible,8.051583290100098,8.05158292176202,4.574728534613998e-06
100,17,two_opt,8,64,best_combined_reversible,8.051583290100098,8.05158292176202,4.574728534613998e-06
100,18,raw,4,64,single_random_fixed_mean,7.7156267166137695,7.715626384597272,4.303169529125864e-06
100,18,raw,4,64,best_random_fixed,7.7156267166137695,7.715626384597272,4.303169529125864e-06
100,18,raw,4,64,best_random_reversible,7.7156267166137695,7.715626384597272,4.303169529125864e-06
100,18,raw,4,64,longest_fixed,7.7156267166137695,7.715626384597272,4.303169529125864e-06
100,18,raw,4,64,longest_reversible,7.7156267166137695,7.715626384597272,4.303169529125864e-06
100,18,raw,4,64,best_combined_reversible,7.7156267166137695,7.715626384597272,4.303169529125864e-06
100,18,raw,8,64,single_random_fixed_mean,7.7156267166137695,7.715626384597272,4.303169529125864e-06
100,18,raw,8,64,best_random_fixed,7.7156267166137695,7.715626384597272,4.303169529125864e-06
100,18,raw,8,64,best_random_reversible,7.7156267166137695,7.715626384597272,4.303169529125864e-06
100,18,raw,8,64,longest_fixed,7.7156267166137695,7.715626384597272,4.303169529125864e-06
100,18,raw,8,64,longest_reversible,7.7156267166137695,7.715626384597272,4.303169529125864e-06
100,18,raw,8,64,best_combined_reversible,7.7156267166137695,7.715626384597272,4.303169529125864e-06
100,18,two_opt,4,64,single_random_fixed_mean,7.710477828979492,7.710477999877185,-2.2164345223797784e-06
100,18,two_opt,4,64,best_random_fixed,7.710477828979492,7.710477999877185,-2.2164345223797784e-06
100,18,two_opt,4,64,best_random_reversible,7.710477828979492,7.710477999877185,-2.2164345223797784e-06
100,18,two_opt,4,64,longest_fixed,7.710477828979492,7.710477999877185,-2.2164345223797784e-06
100,18,two_opt,4,64,longest_reversible,7.710477828979492,7.710477999877185,-2.2164345223797784e-06
100,18,two_opt,4,64,best_combined_reversible,7.710477828979492,7.710477999877185,-2.2164345223797784e-06
100,18,two_opt,8,64,single_random_fixed_mean,7.710477828979492,7.710477999877185,-2.2164345223797784e-06
100,18,two_opt,8,64,best_random_fixed,7.710477828979492,7.710477999877185,-2.2164345223797784e-06
100,18,two_opt,8,64,best_random_reversible,7.710477828979492,7.710477999877185,-2.2164345223797784e-06
100,18,two_opt,8,64,longest_fixed,7.710477828979492,7.710477999877185,-2.2164345223797784e-06
100,18,two_opt,8,64,longest_reversible,7.710477828979492,7.710477999877185,-2.2164345223797784e-06
100,18,two_opt,8,64,best_combined_reversible,7.710477828979492,7.710477999877185,-2.2164345223797784e-06
100,19,raw,4,64,single_random_fixed_mean,7.93252420425415,7.932524094590917,1.3824506593016265e-06
100,19,raw,4,64,best_random_fixed,7.93252420425415,7.932524094590917,1.3824506593016265e-06
100,19,raw,4,64,best_random_reversible,7.93252420425415,7.932524094590917,1.3824506593016265e-06
100,19,raw,4,64,longest_fixed,7.93252420425415,7.932524094590917,1.3824506593016265e-06
100,19,raw,4,64,longest_reversible,7.93252420425415,7.932524094590917,1.3824506593016265e-06
100,19,raw,4,64,best_combined_reversible,7.93252420425415,7.932524094590917,1.3824506593016265e-06
100,19,raw,8,64,single_random_fixed_mean,7.93252420425415,7.932524094590917,1.3824506593016265e-06
100,19,raw,8,64,best_random_fixed,7.93252420425415,7.932524094590917,1.3824506593016265e-06
100,19,raw,8,64,best_random_reversible,7.93252420425415,7.932524094590917,1.3824506593016265e-06
100,19,raw,8,64,longest_fixed,7.93252420425415,7.932524094590917,1.3824506593016265e-06
100,19,raw,8,64,longest_reversible,7.93252420425415,7.932524094590917,1.3824506593016265e-06
100,19,raw,8,64,best_combined_reversible,7.93252420425415,7.932524094590917,1.3824506593016265e-06
100,19,two_opt,4,64,single_random_fixed_mean,7.923534393310547,7.923533888766542,6.3676634662417486e-06
100,19,two_opt,4,64,best_random_fixed,7.923534393310547,7.923533888766542,6.3676634662417486e-06
100,19,two_opt,4,64,best_random_reversible,7.923534393310547,7.923533888766542,6.3676634662417486e-06
100,19,two_opt,4,64,longest_fixed,7.923534393310547,7.923533888766542,6.3676634662417486e-06
100,19,two_opt,4,64,longest_reversible,7.923534393310547,7.923533888766542,6.3676634662417486e-06
100,19,two_opt,4,64,best_combined_reversible,7.923534393310547,7.923533888766542,6.3676634662417486e-06
100,19,two_opt,8,64,single_random_fixed_mean,7.923534393310547,7.923533888766542,6.3676634662417486e-06
100,19,two_opt,8,64,best_random_fixed,7.923534393310547,7.923533888766542,6.3676634662417486e-06
100,19,two_opt,8,64,best_random_reversible,7.923534393310547,7.923533888766542,6.3676634662417486e-06
100,19,two_opt,8,64,longest_fixed,7.923534393310547,7.923533888766542,6.3676634662417486e-06
100,19,two_opt,8,64,longest_reversible,7.923534393310547,7.923533888766542,6.3676634662417486e-06
100,19,two_opt,8,64,best_combined_reversible,7.923534393310547,7.923533888766542,6.3676634662417486e-06
100,20,raw,4,64,single_random_fixed_mean,7.575888633728027,7.575888984836638,-4.634553484153554e-06
100,20,raw,4,64,best_random_fixed,7.575888633728027,7.575888984836638,-4.634553484153554e-06
100,20,raw,4,64,best_random_reversible,7.575888633728027,7.575888984836638,-4.634553484153554e-06
100,20,raw,4,64,longest_fixed,7.575888633728027,7.575888984836638,-4.634553484153554e-06
100,20,raw,4,64,longest_reversible,7.575888633728027,7.575888984836638,-4.634553484153554e-06
100,20,raw,4,64,best_combined_reversible,7.575888633728027,7.575888984836638,-4.634553484153554e-06
100,20,raw,8,64,single_random_fixed_mean,7.575888633728027,7.575888984836638,-4.634553484153554e-06
100,20,raw,8,64,best_random_fixed,7.575888633728027,7.575888984836638,-4.634553484153554e-06
100,20,raw,8,64,best_random_reversible,7.575888633728027,7.575888984836638,-4.634553484153554e-06
100,20,raw,8,64,longest_fixed,7.575888633728027,7.575888984836638,-4.634553484153554e-06
100,20,raw,8,64,longest_reversible,7.575888633728027,7.575888984836638,-4.634553484153554e-06
100,20,raw,8,64,best_combined_reversible,7.575888633728027,7.575888984836638,-4.634553484153554e-06
100,20,two_opt,4,64,single_random_fixed_mean,7.545805931091309,7.545806133188307,-2.678269233758715e-06
100,20,two_opt,4,64,best_random_fixed,7.545805931091309,7.545806133188307,-2.678269233758715e-06
100,20,two_opt,4,64,best_random_reversible,7.545805931091309,7.545806133188307,-2.678269233758715e-06
100,20,two_opt,4,64,longest_fixed,7.545805931091309,7.545806133188307,-2.678269233758715e-06
100,20,two_opt,4,64,longest_reversible,7.545805931091309,7.545806133188307,-2.678269233758715e-06
100,20,two_opt,4,64,best_combined_reversible,7.545805931091309,7.545806133188307,-2.678269233758715e-06
100,20,two_opt,8,64,single_random_fixed_mean,7.545805931091309,7.545806133188307,-2.678269233758715e-06
100,20,two_opt,8,64,best_random_fixed,7.545805931091309,7.545806133188307,-2.678269233758715e-06
100,20,two_opt,8,64,best_random_reversible,7.545805931091309,7.545806133188307,-2.678269233758715e-06
100,20,two_opt,8,64,longest_fixed,7.545805931091309,7.545806133188307,-2.678269233758715e-06
100,20,two_opt,8,64,longest_reversible,7.545805931091309,7.545806133188307,-2.678269233758715e-06
100,20,two_opt,8,64,best_combined_reversible,7.545805931091309,7.545806133188307,-2.678269233758715e-06
100,21,raw,4,64,single_random_fixed_mean,8.356501579284668,8.356500973924994,7.244175900124474e-06
100,21,raw,4,64,best_random_fixed,8.356501579284668,8.356500973924994,7.244175900124474e-06
100,21,raw,4,64,best_random_reversible,8.356501579284668,8.356500973924994,7.244175900124474e-06
100,21,raw,4,64,longest_fixed,8.356501579284668,8.356500973924994,7.244175900124474e-06
100,21,raw,4,64,longest_reversible,8.356501579284668,8.356500973924994,7.244175900124474e-06
100,21,raw,4,64,best_combined_reversible,8.356501579284668,8.356500973924994,7.244175900124474e-06
100,21,raw,8,64,single_random_fixed_mean,8.356501579284668,8.356500973924994,7.244175900124474e-06
100,21,raw,8,64,best_random_fixed,8.356501579284668,8.356500973924994,7.244175900124474e-06
100,21,raw,8,64,best_random_reversible,8.356501579284668,8.356500973924994,7.244175900124474e-06
100,21,raw,8,64,longest_fixed,8.356501579284668,8.356500973924994,7.244175900124474e-06
100,21,raw,8,64,longest_reversible,8.356501579284668,8.356500973924994,7.244175900124474e-06
100,21,raw,8,64,best_combined_reversible,8.356501579284668,8.356500973924994,7.244175900124474e-06
100,21,two_opt,4,64,single_random_fixed_mean,8.344940185546875,8.344940161332488,2.901684901461709e-07
100,21,two_opt,4,64,best_random_fixed,8.344940185546875,8.344940161332488,2.901684901461709e-07
100,21,two_opt,4,64,best_random_reversible,8.344940185546875,8.344940161332488,2.901684901461709e-07
100,21,two_opt,4,64,longest_fixed,8.344940185546875,8.344940161332488,2.901684901461709e-07
100,21,two_opt,4,64,longest_reversible,8.344940185546875,8.344940161332488,2.901684901461709e-07
100,21,two_opt,4,64,best_combined_reversible,8.344940185546875,8.344940161332488,2.901684901461709e-07
100,21,two_opt,8,64,single_random_fixed_mean,8.344940185546875,8.344940161332488,2.901684901461709e-07
100,21,two_opt,8,64,best_random_fixed,8.344940185546875,8.344940161332488,2.901684901461709e-07
100,21,two_opt,8,64,best_random_reversible,8.344940185546875,8.344940161332488,2.901684901461709e-07
100,21,two_opt,8,64,longest_fixed,8.344940185546875,8.344940161332488,2.901684901461709e-07
100,21,two_opt,8,64,longest_reversible,8.344940185546875,8.344940161332488,2.901684901461709e-07
100,21,two_opt,8,64,best_combined_reversible,8.344940185546875,8.344940161332488,2.901684901461709e-07
100,22,raw,4,64,single_random_fixed_mean,7.710685729980469,7.7106859823688865,-3.273229211501452e-06
100,22,raw,4,64,best_random_fixed,7.710685729980469,7.7106859823688865,-3.273229211501452e-06
100,22,raw,4,64,best_random_reversible,7.710685729980469,7.7106859823688865,-3.273229211501452e-06
100,22,raw,4,64,longest_fixed,7.710685729980469,7.7106859823688865,-3.273229211501452e-06
100,22,raw,4,64,longest_reversible,7.710685729980469,7.7106859823688865,-3.273229211501452e-06
100,22,raw,4,64,best_combined_reversible,7.710685729980469,7.7106859823688865,-3.273229211501452e-06
100,22,raw,8,64,single_random_fixed_mean,7.710685729980469,7.7106859823688865,-3.273229211501452e-06
100,22,raw,8,64,best_random_fixed,7.710685729980469,7.7106859823688865,-3.273229211501452e-06
100,22,raw,8,64,best_random_reversible,7.710685729980469,7.7106859823688865,-3.273229211501452e-06
100,22,raw,8,64,longest_fixed,7.710685729980469,7.7106859823688865,-3.273229211501452e-06
100,22,raw,8,64,longest_reversible,7.710685729980469,7.7106859823688865,-3.273229211501452e-06
100,22,raw,8,64,best_combined_reversible,7.710685729980469,7.7106859823688865,-3.273229211501452e-06
100,22,two_opt,4,64,single_random_fixed_mean,7.706092834472656,7.70609278883785,5.921912327867944e-07
100,22,two_opt,4,64,best_random_fixed,7.706092834472656,7.70609278883785,5.921912327867944e-07
100,22,two_opt,4,64,best_random_reversible,7.706092834472656,7.70609278883785,5.921912327867944e-07
100,22,two_opt,4,64,longest_fixed,7.706092834472656,7.70609278883785,5.921912327867944e-07
100,22,two_opt,4,64,longest_reversible,7.706092834472656,7.70609278883785,5.921912327867944e-07
100,22,two_opt,4,64,best_combined_reversible,7.706092834472656,7.70609278883785,5.921912327867944e-07
100,22,two_opt,8,64,single_random_fixed_mean,7.706092834472656,7.70609278883785,5.921912327867944e-07
100,22,two_opt,8,64,best_random_fixed,7.706092834472656,7.70609278883785,5.921912327867944e-07
100,22,two_opt,8,64,best_random_reversible,7.706092834472656,7.70609278883785,5.921912327867944e-07
100,22,two_opt,8,64,longest_fixed,7.706092834472656,7.70609278883785,5.921912327867944e-07
100,22,two_opt,8,64,longest_reversible,7.706092834472656,7.70609278883785,5.921912327867944e-07
100,22,two_opt,8,64,best_combined_reversible,7.706092834472656,7.70609278883785,5.921912327867944e-07
100,23,raw,4,64,single_random_fixed_mean,7.712456703186035,7.712456852663308,-1.93812787518191e-06
100,23,raw,4,64,best_random_fixed,7.712456703186035,7.712456852663308,-1.93812787518191e-06
100,23,raw,4,64,best_random_reversible,7.712456703186035,7.712456852663308,-1.93812787518191e-06
100,23,raw,4,64,longest_fixed,7.712456703186035,7.712456852663308,-1.93812787518191e-06
100,23,raw,4,64,longest_reversible,7.712456703186035,7.712456852663308,-1.93812787518191e-06
100,23,raw,4,64,best_combined_reversible,7.712456703186035,7.712456852663308,-1.93812787518191e-06
100,23,raw,8,64,single_random_fixed_mean,7.712456703186035,7.712456852663308,-1.93812787518191e-06
100,23,raw,8,64,best_random_fixed,7.712456703186035,7.712456852663308,-1.93812787518191e-06
100,23,raw,8,64,best_random_reversible,7.712456703186035,7.712456852663308,-1.93812787518191e-06
100,23,raw,8,64,longest_fixed,7.712456703186035,7.712456852663308,-1.93812787518191e-06
100,23,raw,8,64,longest_reversible,7.712456703186035,7.712456852663308,-1.93812787518191e-06
100,23,raw,8,64,best_combined_reversible,7.712456703186035,7.712456852663308,-1.93812787518191e-06
100,23,two_opt,4,64,single_random_fixed_mean,7.708709716796875,7.708709441591054,3.570063355728843e-06
100,23,two_opt,4,64,best_random_fixed,7.708709716796875,7.708709441591054,3.570063355728843e-06
100,23,two_opt,4,64,best_random_reversible,7.708709716796875,7.708709441591054,3.570063355728843e-06
100,23,two_opt,4,64,longest_fixed,7.708709716796875,7.708709441591054,3.570063355728843e-06
100,23,two_opt,4,64,longest_reversible,7.708709716796875,7.708709441591054,3.570063355728843e-06
100,23,two_opt,4,64,best_combined_reversible,7.708709716796875,7.708709441591054,3.570063355728843e-06
100,23,two_opt,8,64,single_random_fixed_mean,7.708709716796875,7.708709441591054,3.570063355728843e-06
100,23,two_opt,8,64,best_random_fixed,7.708709716796875,7.708709441591054,3.570063355728843e-06
100,23,two_opt,8,64,best_random_reversible,7.708709716796875,7.708709441591054,3.570063355728843e-06
100,23,two_opt,8,64,longest_fixed,7.708709716796875,7.708709441591054,3.570063355728843e-06
100,23,two_opt,8,64,longest_reversible,7.708709716796875,7.708709441591054,3.570063355728843e-06
100,23,two_opt,8,64,best_combined_reversible,7.708709716796875,7.708709441591054,3.570063355728843e-06
100,24,raw,4,64,single_random_fixed_mean,7.838550567626953,7.83855159394443,-1.309320477519054e-05
100,24,raw,4,64,best_random_fixed,7.838550567626953,7.83855159394443,-1.309320477519054e-05
100,24,raw,4,64,best_random_reversible,7.838550567626953,7.83855159394443,-1.309320477519054e-05
100,24,raw,4,64,longest_fixed,7.838550567626953,7.83855159394443,-1.309320477519054e-05
100,24,raw,4,64,longest_reversible,7.838550567626953,7.83855159394443,-1.309320477519054e-05
100,24,raw,4,64,best_combined_reversible,7.838550567626953,7.83855159394443,-1.309320477519054e-05
100,24,raw,8,64,single_random_fixed_mean,7.838550567626953,7.83855159394443,-1.309320477519054e-05
100,24,raw,8,64,best_random_fixed,7.838550567626953,7.83855159394443,-1.309320477519054e-05
100,24,raw,8,64,best_random_reversible,7.838550567626953,7.83855159394443,-1.309320477519054e-05
100,24,raw,8,64,longest_fixed,7.838550567626953,7.83855159394443,-1.309320477519054e-05
100,24,raw,8,64,longest_reversible,7.838550567626953,7.83855159394443,-1.309320477519054e-05
100,24,raw,8,64,best_combined_reversible,7.838550567626953,7.83855159394443,-1.309320477519054e-05
100,24,two_opt,4,64,single_random_fixed_mean,7.8302388191223145,7.830238973721862,-1.9743912153562948e-06
100,24,two_opt,4,64,best_random_fixed,7.8302388191223145,7.830238973721862,-1.9743912153562948e-06
100,24,two_opt,4,64,best_random_reversible,7.8302388191223145,7.830238973721862,-1.9743912153562948e-06
100,24,two_opt,4,64,longest_fixed,7.8302388191223145,7.830238973721862,-1.9743912153562948e-06
100,24,two_opt,4,64,longest_reversible,7.8302388191223145,7.830238973721862,-1.9743912153562948e-06
100,24,two_opt,4,64,best_combined_reversible,7.8302388191223145,7.830238973721862,-1.9743912153562948e-06
100,24,two_opt,8,64,single_random_fixed_mean,7.8302388191223145,7.830238973721862,-1.9743912153562948e-06
100,24,two_opt,8,64,best_random_fixed,7.8302388191223145,7.830238973721862,-1.9743912153562948e-06
100,24,two_opt,8,64,best_random_reversible,7.8302388191223145,7.830238973721862,-1.9743912153562948e-06
100,24,two_opt,8,64,longest_fixed,7.8302388191223145,7.830238973721862,-1.9743912153562948e-06
100,24,two_opt,8,64,longest_reversible,7.8302388191223145,7.830238973721862,-1.9743912153562948e-06
100,24,two_opt,8,64,best_combined_reversible,7.8302388191223145,7.830238973721862,-1.9743912153562948e-06
100,25,raw,4,64,single_random_fixed_mean,8.026467323303223,8.026466542389244,9.72923637959446e-06
100,25,raw,4,64,best_random_fixed,8.026467323303223,8.026466542389244,9.72923637959446e-06
100,25,raw,4,64,best_random_reversible,8.026467323303223,8.026466542389244,9.72923637959446e-06
100,25,raw,4,64,longest_fixed,8.026467323303223,8.026466542389244,9.72923637959446e-06
100,25,raw,4,64,longest_reversible,8.026467323303223,8.026466542389244,9.72923637959446e-06
100,25,raw,4,64,best_combined_reversible,8.026467323303223,8.026466542389244,9.72923637959446e-06
100,25,raw,8,64,single_random_fixed_mean,8.026467323303223,8.026466542389244,9.72923637959446e-06
100,25,raw,8,64,best_random_fixed,8.026467323303223,8.026466542389244,9.72923637959446e-06
100,25,raw,8,64,best_random_reversible,8.026467323303223,8.026466542389244,9.72923637959446e-06
100,25,raw,8,64,longest_fixed,8.026467323303223,8.026466542389244,9.72923637959446e-06
100,25,raw,8,64,longest_reversible,8.026467323303223,8.026466542389244,9.72923637959446e-06
100,25,raw,8,64,best_combined_reversible,8.026467323303223,8.026466542389244,9.72923637959446e-06
100,25,two_opt,4,64,single_random_fixed_mean,8.024994850158691,8.024994799401611,6.324873880204406e-07
100,25,two_opt,4,64,best_random_fixed,8.024994850158691,8.024994799401611,6.324873880204406e-07
100,25,two_opt,4,64,best_random_reversible,8.024994850158691,8.024994799401611,6.324873880204406e-07
100,25,two_opt,4,64,longest_fixed,8.024994850158691,8.024994799401611,6.324873880204406e-07
100,25,two_opt,4,64,longest_reversible,8.024994850158691,8.024994799401611,6.324873880204406e-07
100,25,two_opt,4,64,best_combined_reversible,8.024994850158691,8.024994799401611,6.324873880204406e-07
100,25,two_opt,8,64,single_random_fixed_mean,8.024994850158691,8.024994799401611,6.324873880204406e-07
100,25,two_opt,8,64,best_random_fixed,8.024994850158691,8.024994799401611,6.324873880204406e-07
100,25,two_opt,8,64,best_random_reversible,8.024994850158691,8.024994799401611,6.324873880204406e-07
100,25,two_opt,8,64,longest_fixed,8.024994850158691,8.024994799401611,6.324873880204406e-07
100,25,two_opt,8,64,longest_reversible,8.024994850158691,8.024994799401611,6.324873880204406e-07
100,25,two_opt,8,64,best_combined_reversible,8.024994850158691,8.024994799401611,6.324873880204406e-07
100,26,raw,4,64,single_random_fixed_mean,7.766927719116211,7.766927362768911,4.588008450692725e-06
100,26,raw,4,64,best_random_fixed,7.766927719116211,7.766927362768911,4.588008450692725e-06
100,26,raw,4,64,best_random_reversible,7.766927719116211,7.766927362768911,4.588008450692725e-06
100,26,raw,4,64,longest_fixed,7.766927719116211,7.766927362768911,4.588008450692725e-06
100,26,raw,4,64,longest_reversible,7.766927719116211,7.766927362768911,4.588008450692725e-06
100,26,raw,4,64,best_combined_reversible,7.766927719116211,7.766927362768911,4.588008450692725e-06
100,26,raw,8,64,single_random_fixed_mean,7.766927719116211,7.766927362768911,4.588008450692725e-06
100,26,raw,8,64,best_random_fixed,7.766927719116211,7.766927362768911,4.588008450692725e-06
100,26,raw,8,64,best_random_reversible,7.766927719116211,7.766927362768911,4.588008450692725e-06
100,26,raw,8,64,longest_fixed,7.766927719116211,7.766927362768911,4.588008450692725e-06
100,26,raw,8,64,longest_reversible,7.766927719116211,7.766927362768911,4.588008450692725e-06
100,26,raw,8,64,best_combined_reversible,7.766927719116211,7.766927362768911,4.588008450692725e-06
100,26,two_opt,4,64,single_random_fixed_mean,7.730808734893799,7.73080921114888,-6.160482013277138e-06
100,26,two_opt,4,64,best_random_fixed,7.730808734893799,7.73080921114888,-6.160482013277138e-06
100,26,two_opt,4,64,best_random_reversible,7.730808734893799,7.73080921114888,-6.160482013277138e-06
100,26,two_opt,4,64,longest_fixed,7.730808734893799,7.73080921114888,-6.160482013277138e-06
100,26,two_opt,4,64,longest_reversible,7.730808734893799,7.73080921114888,-6.160482013277138e-06
100,26,two_opt,4,64,best_combined_reversible,7.730808734893799,7.73080921114888,-6.160482013277138e-06
100,26,two_opt,8,64,single_random_fixed_mean,7.730808734893799,7.73080921114888,-6.160482013277138e-06
100,26,two_opt,8,64,best_random_fixed,7.730808734893799,7.73080921114888,-6.160482013277138e-06
100,26,two_opt,8,64,best_random_reversible,7.730808734893799,7.73080921114888,-6.160482013277138e-06
100,26,two_opt,8,64,longest_fixed,7.730808734893799,7.73080921114888,-6.160482013277138e-06
100,26,two_opt,8,64,longest_reversible,7.730808734893799,7.73080921114888,-6.160482013277138e-06
100,26,two_opt,8,64,best_combined_reversible,7.730808734893799,7.73080921114888,-6.160482013277138e-06
100,27,raw,4,64,single_random_fixed_mean,7.68520450592041,7.685204200912267,3.968770680748986e-06
100,27,raw,4,64,best_random_fixed,7.68520450592041,7.685204200912267,3.968770680748986e-06
100,27,raw,4,64,best_random_reversible,7.68520450592041,7.685204200912267,3.968770680748986e-06
100,27,raw,4,64,longest_fixed,7.68520450592041,7.685204200912267,3.968770680748986e-06
100,27,raw,4,64,longest_reversible,7.68520450592041,7.685204200912267,3.968770680748986e-06
100,27,raw,4,64,best_combined_reversible,7.68520450592041,7.685204200912267,3.968770680748986e-06
100,27,raw,8,64,single_random_fixed_mean,7.68520450592041,7.685204200912267,3.968770680748986e-06
100,27,raw,8,64,best_random_fixed,7.68520450592041,7.685204200912267,3.968770680748986e-06
100,27,raw,8,64,best_random_reversible,7.68520450592041,7.685204200912267,3.968770680748986e-06
100,27,raw,8,64,longest_fixed,7.68520450592041,7.685204200912267,3.968770680748986e-06
100,27,raw,8,64,longest_reversible,7.68520450592041,7.671408556867391,0.1795131026427647
100,27,raw,8,64,best_combined_reversible,7.68520450592041,7.671408556867391,0.1795131026427647
100,27,two_opt,4,64,single_random_fixed_mean,7.643451690673828,7.643451266456395,5.550076718022044e-06
100,27,two_opt,4,64,best_random_fixed,7.643451690673828,7.643451266456395,5.550076718022044e-06
100,27,two_opt,4,64,best_random_reversible,7.643451690673828,7.643451266456395,5.550076718022044e-06
100,27,two_opt,4,64,longest_fixed,7.643451690673828,7.643451266456395,5.550076718022044e-06
100,27,two_opt,4,64,longest_reversible,7.643451690673828,7.643451266456395,5.550076718022044e-06
100,27,two_opt,4,64,best_combined_reversible,7.643451690673828,7.643451266456395,5.550076718022044e-06
100,27,two_opt,8,64,single_random_fixed_mean,7.643451690673828,7.643451266456395,5.550076718022044e-06
100,27,two_opt,8,64,best_random_fixed,7.643451690673828,7.643451266456395,5.550076718022044e-06
100,27,two_opt,8,64,best_random_reversible,7.643451690673828,7.643451266456395,5.550076718022044e-06
100,27,two_opt,8,64,longest_fixed,7.643451690673828,7.643451266456395,5.550076718022044e-06
100,27,two_opt,8,64,longest_reversible,7.643451690673828,7.643451266456395,5.550076718022044e-06
100,27,two_opt,8,64,best_combined_reversible,7.643451690673828,7.643451266456395,5.550076718022044e-06
100,28,raw,4,64,single_random_fixed_mean,8.208041191101074,8.208041320554912,-1.5771587259077318e-06
100,28,raw,4,64,best_random_fixed,8.208041191101074,8.208041320554912,-1.5771587259077318e-06
100,28,raw,4,64,best_random_reversible,8.208041191101074,8.208041320554912,-1.5771587259077318e-06
100,28,raw,4,64,longest_fixed,8.208041191101074,8.208041320554912,-1.5771587259077318e-06
100,28,raw,4,64,longest_reversible,8.208041191101074,8.208041320554912,-1.5771587259077318e-06
100,28,raw,4,64,best_combined_reversible,8.208041191101074,8.208041320554912,-1.5771587259077318e-06
100,28,raw,8,64,single_random_fixed_mean,8.208041191101074,8.208041320554912,-1.5771587259077318e-06
100,28,raw,8,64,best_random_fixed,8.208041191101074,8.208041320554912,-1.5771587259077318e-06
100,28,raw,8,64,best_random_reversible,8.208041191101074,8.208041320554912,-1.5771587259077318e-06
100,28,raw,8,64,longest_fixed,8.208041191101074,8.208041320554912,-1.5771587259077318e-06
100,28,raw,8,64,longest_reversible,8.208041191101074,8.208041320554912,-1.5771587259077318e-06
100,28,raw,8,64,best_combined_reversible,8.208041191101074,8.208041320554912,-1.5771587259077318e-06
100,28,two_opt,4,64,single_random_fixed_mean,8.198811531066895,8.198812230490148,-8.530788284204038e-06
100,28,two_opt,4,64,best_random_fixed,8.198811531066895,8.198812230490148,-8.530788284204038e-06
100,28,two_opt,4,64,best_random_reversible,8.198811531066895,8.198812230490148,-8.530788284204038e-06
100,28,two_opt,4,64,longest_fixed,8.198811531066895,8.198812230490148,-8.530788284204038e-06
100,28,two_opt,4,64,longest_reversible,8.198811531066895,8.198812230490148,-8.530788284204038e-06
100,28,two_opt,4,64,best_combined_reversible,8.198811531066895,8.198812230490148,-8.530788284204038e-06
100,28,two_opt,8,64,single_random_fixed_mean,8.198811531066895,8.198812230490148,-8.530788284204038e-06
100,28,two_opt,8,64,best_random_fixed,8.198811531066895,8.198812230490148,-8.530788284204038e-06
100,28,two_opt,8,64,best_random_reversible,8.198811531066895,8.198812230490148,-8.530788284204038e-06
100,28,two_opt,8,64,longest_fixed,8.198811531066895,8.198812230490148,-8.530788284204038e-06
100,28,two_opt,8,64,longest_reversible,8.198811531066895,8.198812230490148,-8.530788284204038e-06
100,28,two_opt,8,64,best_combined_reversible,8.198811531066895,8.198812230490148,-8.530788284204038e-06
100,29,raw,4,64,single_random_fixed_mean,7.710553169250488,7.710553308017552,-1.7997030896707412e-06
100,29,raw,4,64,best_random_fixed,7.710553169250488,7.710553308017552,-1.7997030896707412e-06
100,29,raw,4,64,best_random_reversible,7.710553169250488,7.710553308017552,-1.7997030896707412e-06
100,29,raw,4,64,longest_fixed,7.710553169250488,7.710553308017552,-1.7997030896707412e-06
100,29,raw,4,64,longest_reversible,7.710553169250488,7.710553308017552,-1.7997030896707412e-06
100,29,raw,4,64,best_combined_reversible,7.710553169250488,7.710553308017552,-1.7997030896707412e-06
100,29,raw,8,64,single_random_fixed_mean,7.710553169250488,7.710553308017552,-1.7997030896707412e-06
100,29,raw,8,64,best_random_fixed,7.710553169250488,7.710553308017552,-1.7997030896707412e-06
100,29,raw,8,64,best_random_reversible,7.710553169250488,7.710553308017552,-1.7997030896707412e-06
100,29,raw,8,64,longest_fixed,7.710553169250488,7.710553308017552,-1.7997030896707412e-06
100,29,raw,8,64,longest_reversible,7.710553169250488,7.710553308017552,-1.7997030896707412e-06
100,29,raw,8,64,best_combined_reversible,7.710553169250488,7.710553308017552,-1.7997030896707412e-06
100,29,two_opt,4,64,single_random_fixed_mean,7.634886741638184,7.634886451996863,3.7936557608091873e-06
100,29,two_opt,4,64,best_random_fixed,7.634886741638184,7.634886451996863,3.7936557608091873e-06
100,29,two_opt,4,64,best_random_reversible,7.634886741638184,7.634886451996863,3.7936557608091873e-06
100,29,two_opt,4,64,longest_fixed,7.634886741638184,7.634886451996863,3.7936557608091873e-06
100,29,two_opt,4,64,longest_reversible,7.634886741638184,7.634886451996863,3.7936557608091873e-06
100,29,two_opt,4,64,best_combined_reversible,7.634886741638184,7.634886451996863,3.7936557608091873e-06
100,29,two_opt,8,64,single_random_fixed_mean,7.634886741638184,7.634886451996863,3.7936557608091873e-06
100,29,two_opt,8,64,best_random_fixed,7.634886741638184,7.634886451996863,3.7936557608091873e-06
100,29,two_opt,8,64,best_random_reversible,7.634886741638184,7.634886451996863,3.7936557608091873e-06
100,29,two_opt,8,64,longest_fixed,7.634886741638184,7.634886451996863,3.7936557608091873e-06
100,29,two_opt,8,64,longest_reversible,7.634886741638184,7.634886451996863,3.7936557608091873e-06
100,29,two_opt,8,64,best_combined_reversible,7.634886741638184,7.634886451996863,3.7936557608091873e-06
100,30,raw,4,64,single_random_fixed_mean,7.726775169372559,7.726775501854718,-4.302987363416769e-06
100,30,raw,4,64,best_random_fixed,7.726775169372559,7.726775501854718,-4.302987363416769e-06
100,30,raw,4,64,best_random_reversible,7.726775169372559,7.726775501854718,-4.302987363416769e-06
100,30,raw,4,64,longest_fixed,7.726775169372559,7.726775501854718,-4.302987363416769e-06
100,30,raw,4,64,longest_reversible,7.726775169372559,7.726775501854718,-4.302987363416769e-06
100,30,raw,4,64,best_combined_reversible,7.726775169372559,7.726775501854718,-4.302987363416769e-06
100,30,raw,8,64,single_random_fixed_mean,7.726775169372559,7.726775501854718,-4.302987363416769e-06
100,30,raw,8,64,best_random_fixed,7.726775169372559,7.726775501854718,-4.302987363416769e-06
100,30,raw,8,64,best_random_reversible,7.726775169372559,7.726775501854718,-4.302987363416769e-06
100,30,raw,8,64,longest_fixed,7.726775169372559,7.726775501854718,-4.302987363416769e-06
100,30,raw,8,64,longest_reversible,7.726775169372559,7.726775501854718,-4.302987363416769e-06
100,30,raw,8,64,best_combined_reversible,7.726775169372559,7.726775501854718,-4.302987363416769e-06
100,30,two_opt,4,64,single_random_fixed_mean,7.726775169372559,7.726775501854718,-4.302987363416769e-06
100,30,two_opt,4,64,best_random_fixed,7.726775169372559,7.726775501854718,-4.302987363416769e-06
100,30,two_opt,4,64,best_random_reversible,7.726775169372559,7.726775501854718,-4.302987363416769e-06
100,30,two_opt,4,64,longest_fixed,7.726775169372559,7.726775501854718,-4.302987363416769e-06
100,30,two_opt,4,64,longest_reversible,7.726775169372559,7.726775501854718,-4.302987363416769e-06
100,30,two_opt,4,64,best_combined_reversible,7.726775169372559,7.726775501854718,-4.302987363416769e-06
100,30,two_opt,8,64,single_random_fixed_mean,7.726775169372559,7.726775501854718,-4.302987363416769e-06
100,30,two_opt,8,64,best_random_fixed,7.726775169372559,7.726775501854718,-4.302987363416769e-06
100,30,two_opt,8,64,best_random_reversible,7.726775169372559,7.726775501854718,-4.302987363416769e-06
100,30,two_opt,8,64,longest_fixed,7.726775169372559,7.726775501854718,-4.302987363416769e-06
100,30,two_opt,8,64,longest_reversible,7.726775169372559,7.726775501854718,-4.302987363416769e-06
100,30,two_opt,8,64,best_combined_reversible,7.726775169372559,7.726775501854718,-4.302987363416769e-06
100,31,raw,4,64,single_random_fixed_mean,7.690843105316162,7.690842906013131,2.5914328018204875e-06
100,31,raw,4,64,best_random_fixed,7.690843105316162,7.690842906013131,2.5914328018204875e-06
100,31,raw,4,64,best_random_reversible,7.690843105316162,7.690842906013131,2.5914328018204875e-06
100,31,raw,4,64,longest_fixed,7.690843105316162,7.690842906013131,2.5914328018204875e-06
100,31,raw,4,64,longest_reversible,7.690843105316162,7.690842906013131,2.5914328018204875e-06
100,31,raw,4,64,best_combined_reversible,7.690843105316162,7.690842906013131,2.5914328018204875e-06
100,31,raw,8,64,single_random_fixed_mean,7.690843105316162,7.690842906013131,2.5914328018204875e-06
100,31,raw,8,64,best_random_fixed,7.690843105316162,7.690842906013131,2.5914328018204875e-06
100,31,raw,8,64,best_random_reversible,7.690843105316162,7.690842906013131,2.5914328018204875e-06
100,31,raw,8,64,longest_fixed,7.690843105316162,7.690842906013131,2.5914328018204875e-06
100,31,raw,8,64,longest_reversible,7.690843105316162,7.690842906013131,2.5914328018204875e-06
100,31,raw,8,64,best_combined_reversible,7.690843105316162,7.690842906013131,2.5914328018204875e-06
100,31,two_opt,4,64,single_random_fixed_mean,7.676248550415039,7.676248641684651,-1.1889871948893855e-06
100,31,two_opt,4,64,best_random_fixed,7.676248550415039,7.676248641684651,-1.1889871948893855e-06
100,31,two_opt,4,64,best_random_reversible,7.676248550415039,7.676248641684651,-1.1889871948893855e-06
100,31,two_opt,4,64,longest_fixed,7.676248550415039,7.676248641684651,-1.1889871948893855e-06
100,31,two_opt,4,64,longest_reversible,7.676248550415039,7.676248641684651,-1.1889871948893855e-06
100,31,two_opt,4,64,best_combined_reversible,7.676248550415039,7.676248641684651,-1.1889871948893855e-06
100,31,two_opt,8,64,single_random_fixed_mean,7.676248550415039,7.676248641684651,-1.1889871948893855e-06
100,31,two_opt,8,64,best_random_fixed,7.676248550415039,7.676248641684651,-1.1889871948893855e-06
100,31,two_opt,8,64,best_random_reversible,7.676248550415039,7.676248641684651,-1.1889871948893855e-06
100,31,two_opt,8,64,longest_fixed,7.676248550415039,7.676248641684651,-1.1889871948893855e-06
100,31,two_opt,8,64,longest_reversible,7.676248550415039,7.676248641684651,-1.1889871948893855e-06
100,31,two_opt,8,64,best_combined_reversible,7.676248550415039,7.676248641684651,-1.1889871948893855e-06
