n,instance,origin,fragments,method,baseline_cost,cost,improvement_pct
50,0,raw,4,original_order,5.743530750274658,5.7435302417725325,8.853476160386788e-06
50,0,raw,4,exact_fixed_orientation,5.743530750274658,5.7435302417725325,8.853476160386788e-06
50,0,raw,4,exact_reversible,5.743530750274658,5.7435302417725325,8.853476160386788e-06
50,0,raw,4,greedy_pair,5.743530750274658,5.7435302417725325,8.853476160386788e-06
50,0,raw,4,random_mean,5.743530750274658,7.221911534667015,-25.73992982141969
50,0,raw,4,random_best,5.743530750274658,6.877377333119512,-19.741281663559167
50,0,raw,4,model_route,5.743530750274658,7.106097673997283,-23.723507071977743
50,0,raw,4,model_learned,5.743530750274658,5.7435302417725325,8.853476160386788e-06
50,0,raw,8,original_order,5.743530750274658,5.7435302417725325,8.853476160386788e-06
50,0,raw,8,exact_fixed_orientation,5.743530750274658,5.7435302417725325,8.853476160386788e-06
50,0,raw,8,exact_reversible,5.743530750274658,5.7435302417725325,8.853476160386788e-06
50,0,raw,8,greedy_pair,5.743530750274658,5.7435302417725325,8.853476160386788e-06
50,0,raw,8,random_mean,5.743530750274658,8.260605335235596,-43.82451656310136
50,0,raw,8,random_best,5.743530750274658,6.746728641912341,-17.466571265239757
50,0,raw,8,model_route,5.743530750274658,6.676396204158664,-16.24202070894102
50,0,raw,8,model_learned,5.743530750274658,6.714145286008716,-16.899265938249606
50,0,raw,12,original_order,5.743530750274658,5.7435302417725325,8.853476160386788e-06
50,0,raw,12,exact_fixed_orientation,5.743530750274658,5.7435302417725325,8.853476160386788e-06
50,0,raw,12,exact_reversible,5.743530750274658,5.7435302417725325,8.853476160386788e-06
50,0,raw,12,greedy_pair,5.743530750274658,5.7435302417725325,8.853476160386788e-06
50,0,raw,12,random_mean,5.743530750274658,10.487086442764848,-82.58954115050835
50,0,raw,12,random_best,5.743530750274658,10.163018498569727,-76.94722881188939
50,0,raw,12,model_route,5.743530750274658,7.0529913399368525,-22.798878365882786
50,0,raw,12,model_learned,5.743530750274658,5.7435302417725325,8.853476160386788e-06
50,0,two_opt,4,original_order,5.741904258728027,5.741903962567449,5.1578808245982315e-06
50,0,two_opt,4,exact_fixed_orientation,5.741904258728027,5.741903962567449,5.1578808245982315e-06
50,0,two_opt,4,exact_reversible,5.741904258728027,5.741903962567449,5.1578808245982315e-06
50,0,two_opt,4,greedy_pair,5.741904258728027,5.741903962567449,5.1578808245982315e-06
50,0,two_opt,4,random_mean,5.741904258728027,7.220285255461931,-25.747224790219708
50,0,two_opt,4,random_best,5.741904258728027,6.875751053914428,-19.74687741375847
50,0,two_opt,4,model_route,5.741904258728027,7.104471394792199,-23.730230854911778
50,0,two_opt,4,model_learned,5.741904258728027,5.741903962567449,5.1578808245982315e-06
50,0,two_opt,8,original_order,5.741904258728027,5.741903962567449,5.1578808245982315e-06
50,0,two_opt,8,exact_fixed_orientation,5.741904258728027,5.741903962567449,5.1578808245982315e-06
50,0,two_opt,8,exact_reversible,5.741904258728027,5.741903962567449,5.1578808245982315e-06
50,0,two_opt,8,greedy_pair,5.741904258728027,5.741903962567449,5.1578808245982315e-06
50,0,two_opt,8,random_mean,5.741904258728027,8.258979056030512,-43.83693429712599
50,0,two_opt,8,random_best,5.741904258728027,6.745102362707257,-17.471522665225752
50,0,two_opt,8,model_route,5.741904258728027,6.67476992495358,-16.246625234259916
50,0,two_opt,8,model_learned,5.741904258728027,6.712519006803632,-16.904056639401706
50,0,two_opt,12,original_order,5.741904258728027,5.741903962567449,5.1578808245982315e-06
50,0,two_opt,12,exact_fixed_orientation,5.741904258728027,5.741903962567449,5.1578808245982315e-06
50,0,two_opt,12,exact_reversible,5.741904258728027,5.741903962567449,5.1578808245982315e-06
50,0,two_opt,12,greedy_pair,5.741904258728027,5.741903962567449,5.1578808245982315e-06
50,0,two_opt,12,random_mean,5.741904258728027,10.480790948029608,-82.53162149296024
50,0,two_opt,12,random_best,5.741904258728027,10.156355045735836,-76.88130258002104
50,0,two_opt,12,model_route,5.741904258728027,7.051365060731769,-22.80534023208912
50,0,two_opt,12,model_learned,5.741904258728027,5.741903962567449,5.1578808245982315e-06
50,1,raw,4,original_order,5.46506929397583,5.465068988036364,5.5980894166963834e-06
50,1,raw,4,exact_fixed_orientation,5.46506929397583,5.465068988036364,5.5980894166963834e-06
50,1,raw,4,exact_reversible,5.46506929397583,5.465068988036364,5.5980894166963834e-06
50,1,raw,4,greedy_pair,5.46506929397583,5.465068988036364,5.5980894166963834e-06
50,1,raw,4,random_mean,5.46506929397583,7.047471630270593,-28.954844873404475
50,1,raw,4,random_best,5.46506929397583,6.597680528182536,-20.72455394948402
50,1,raw,4,model_route,5.46506929397583,5.465068988036364,5.5980894166963834e-06
50,1,raw,4,model_learned,5.46506929397583,5.465068988036364,5.5980894166963834e-06
50,1,raw,8,original_order,5.46506929397583,5.465068988036364,5.5980894166963834e-06
50,1,raw,8,exact_fixed_orientation,5.46506929397583,5.465068988036364,5.5980894166963834e-06
50,1,raw,8,exact_reversible,5.46506929397583,5.465068988036364,5.5980894166963834e-06
50,1,raw,8,greedy_pair,5.46506929397583,5.465068988036364,5.5980894166963834e-06
50,1,raw,8,random_mean,5.46506929397583,8.535408639465459,-56.18116039030058
50,1,raw,8,random_best,5.46506929397583,7.486296198796481,-36.984469841007474
50,1,raw,8,model_route,5.46506929397583,5.465068988036364,5.5980894166963834e-06
50,1,raw,8,model_learned,5.46506929397583,5.465068988036364,5.5980894166963834e-06
50,1,raw,12,original_order,5.46506929397583,5.465068988036364,5.5980894166963834e-06
50,1,raw,12,exact_fixed_orientation,5.46506929397583,5.465068988036364,5.5980894166963834e-06
50,1,raw,12,exact_reversible,5.46506929397583,5.465068988036364,5.5980894166963834e-06
50,1,raw,12,greedy_pair,5.46506929397583,5.465068988036364,5.5980894166963834e-06
50,1,raw,12,random_mean,5.46506929397583,9.882470394368283,-80.82973632670631
50,1,raw,12,random_best,5.46506929397583,9.031834450084716,-65.26477459381067
50,1,raw,12,model_route,5.46506929397583,5.465068988036364,5.5980894166963834e-06
50,1,raw,12,model_learned,5.46506929397583,5.465068988036364,5.5980894166963834e-06
50,1,two_opt,4,original_order,5.46506929397583,5.465068988036364,5.5980894166963834e-06
50,1,two_opt,4,exact_fixed_orientation,5.46506929397583,5.465068988036364,5.5980894166963834e-06
50,1,two_opt,4,exact_reversible,5.46506929397583,5.465068988036364,5.5980894166963834e-06
50,1,two_opt,4,greedy_pair,5.46506929397583,5.465068988036364,5.5980894166963834e-06
50,1,two_opt,4,random_mean,5.46506929397583,7.047471630270593,-28.954844873404475
50,1,two_opt,4,random_best,5.46506929397583,6.597680528182536,-20.72455394948402
50,1,two_opt,4,model_route,5.46506929397583,5.465068988036364,5.5980894166963834e-06
50,1,two_opt,4,model_learned,5.46506929397583,5.465068988036364,5.5980894166963834e-06
50,1,two_opt,8,original_order,5.46506929397583,5.465068988036364,5.5980894166963834e-06
50,1,two_opt,8,exact_fixed_orientation,5.46506929397583,5.465068988036364,5.5980894166963834e-06
50,1,two_opt,8,exact_reversible,5.46506929397583,5.465068988036364,5.5980894166963834e-06
50,1,two_opt,8,greedy_pair,5.46506929397583,5.465068988036364,5.5980894166963834e-06
50,1,two_opt,8,random_mean,5.46506929397583,8.535408639465459,-56.18116039030058
50,1,two_opt,8,random_best,5.46506929397583,7.486296198796481,-36.984469841007474
50,1,two_opt,8,model_route,5.46506929397583,5.465068988036364,5.5980894166963834e-06
50,1,two_opt,8,model_learned,5.46506929397583,5.465068988036364,5.5980894166963834e-06
50,1,two_opt,12,original_order,5.46506929397583,5.465068988036364,5.5980894166963834e-06
50,1,two_opt,12,exact_fixed_orientation,5.46506929397583,5.465068988036364,5.5980894166963834e-06
50,1,two_opt,12,exact_reversible,5.46506929397583,5.465068988036364,5.5980894166963834e-06
50,1,two_opt,12,greedy_pair,5.46506929397583,5.465068988036364,5.5980894166963834e-06
50,1,two_opt,12,random_mean,5.46506929397583,9.882470394368283,-80.82973632670631
50,1,two_opt,12,random_best,5.46506929397583,9.031834450084716,-65.26477459381067
50,1,two_opt,12,model_route,5.46506929397583,5.465068988036364,5.5980894166963834e-06
50,1,two_opt,12,model_learned,5.46506929397583,5.465068988036364,5.5980894166963834e-06
50,2,raw,4,original_order,5.552214622497559,5.552214992232621,-6.659235769168207e-06
50,2,raw,4,exact_fixed_orientation,5.552214622497559,5.552214992232621,-6.659235769168207e-06
50,2,raw,4,exact_reversible,5.552214622497559,5.552214992232621,-6.659235769168207e-06
50,2,raw,4,greedy_pair,5.552214622497559,5.552214992232621,-6.659235769168207e-06
50,2,raw,4,random_mean,5.552214622497559,6.423345111776143,-15.689784140345843
50,2,raw,4,random_best,5.552214622497559,5.552214992232621,-6.659235769168207e-06
50,2,raw,4,model_route,5.552214622497559,6.453851998783648,-16.239238530741538
50,2,raw,4,model_learned,5.552214622497559,7.02441141102463,-26.515487758015226
50,2,raw,8,original_order,5.552214622497559,5.552214992232621,-6.659235769168207e-06
50,2,raw,8,exact_fixed_orientation,5.552214622497559,5.552214992232621,-6.659235769168207e-06
50,2,raw,8,exact_reversible,5.552214622497559,5.552214992232621,-6.659235769168207e-06
50,2,raw,8,greedy_pair,5.552214622497559,5.552214992232621,-6.659235769168207e-06
50,2,raw,8,random_mean,5.552214622497559,8.415888804011047,-51.57715211349879
50,2,raw,8,random_best,5.552214622497559,7.440476597286761,-34.00916756960312
50,2,raw,8,model_route,5.552214622497559,5.552214992232621,-6.659235769168207e-06
50,2,raw,8,model_learned,5.552214622497559,5.552214992232621,-6.659235769168207e-06
50,2,raw,12,original_order,5.552214622497559,5.552214992232621,-6.659235769168207e-06
50,2,raw,12,exact_fixed_orientation,5.552214622497559,5.552214992232621,-6.659235769168207e-06
50,2,raw,12,exact_reversible,5.552214622497559,5.5368080558255315,0.27748507072474726
50,2,raw,12,greedy_pair,5.552214622497559,5.552214992232621,-6.659235769168207e-06
50,2,raw,12,random_mean,5.552214622497559,9.859552324283868,-77.57873199521123
50,2,raw,12,random_best,5.552214622497559,9.157084804959595,-64.926708125711
50,2,raw,12,model_route,5.552214622497559,5.7911793710663915,-4.303953734074838
50,2,raw,12,model_learned,5.552214622497559,5.552214992232621,-6.659235769168207e-06
50,2,two_opt,4,original_order,5.536808013916016,5.5368080558255315,-7.569255743085664e-07
50,2,two_opt,4,exact_fixed_orientation,5.536808013916016,5.5368080558255315,-7.569255743085664e-07
50,2,two_opt,4,exact_reversible,5.536808013916016,5.5368080558255315,-7.569255743085664e-07
50,2,two_opt,4,greedy_pair,5.536808013916016,5.5368080558255315,-7.569255743085664e-07
50,2,two_opt,4,random_mean,5.536808013916016,6.407938175369054,-15.733436291516178
50,2,two_opt,4,random_best,5.536808013916016,5.5368080558255315,-7.569255743085664e-07
50,2,two_opt,4,model_route,5.536808013916016,6.438445062376559,-16.284419582445352
50,2,two_opt,4,model_learned,5.536808013916016,7.009004474617541,-26.58926329035356
50,2,two_opt,8,original_order,5.536808013916016,5.5368080558255315,-7.569255743085664e-07
50,2,two_opt,8,exact_fixed_orientation,5.536808013916016,5.5368080558255315,-7.569255743085664e-07
50,2,two_opt,8,exact_reversible,5.536808013916016,5.5368080558255315,-7.569255743085664e-07
50,2,two_opt,8,greedy_pair,5.536808013916016,5.5368080558255315,-7.569255743085664e-07
50,2,two_opt,8,random_mean,5.536808013916016,8.395412323065102,-51.629102940979216
50,2,two_opt,8,random_best,5.536808013916016,7.411942810751498,-33.866711508193625
50,2,two_opt,8,model_route,5.536808013916016,5.5368080558255315,-7.569255743085664e-07
50,2,two_opt,8,model_learned,5.536808013916016,5.5368080558255315,-7.569255743085664e-07
50,2,two_opt,12,original_order,5.536808013916016,5.5368080558255315,-7.569255743085664e-07
50,2,two_opt,12,exact_fixed_orientation,5.536808013916016,5.5368080558255315,-7.569255743085664e-07
50,2,two_opt,12,exact_reversible,5.536808013916016,5.5368080558255315,-7.569255743085664e-07
50,2,two_opt,12,greedy_pair,5.536808013916016,5.5368080558255315,-7.569255743085664e-07
50,2,two_opt,12,random_mean,5.536808013916016,9.844675722066313,-77.80417340321456
50,2,two_opt,12,random_best,5.536808013916016,9.158994955010712,-65.42012892610366
50,2,two_opt,12,model_route,5.536808013916016,5.775772434659302,-4.315923906747027
50,2,two_opt,12,model_learned,5.536808013916016,5.5368080558255315,-7.569255743085664e-07
50,3,raw,4,original_order,5.57831335067749,5.578312977217138,6.694861492057449e-06
50,3,raw,4,exact_fixed_orientation,5.57831335067749,5.578312977217138,6.694861492057449e-06
50,3,raw,4,exact_reversible,5.57831335067749,5.578312977217138,6.694861492057449e-06
50,3,raw,4,greedy_pair,5.57831335067749,5.578312977217138,6.694861492057449e-06
50,3,raw,4,random_mean,5.57831335067749,6.876291036605835,-23.26828208334163
50,3,raw,4,random_best,5.57831335067749,5.578312977217138,6.694861492057449e-06
50,3,raw,4,model_route,5.57831335067749,5.578312977217138,6.694861492057449e-06
50,3,raw,4,model_learned,5.57831335067749,5.578312977217138,6.694861492057449e-06
50,3,raw,8,original_order,5.57831335067749,5.578312977217138,6.694861492057449e-06
50,3,raw,8,exact_fixed_orientation,5.57831335067749,5.578312977217138,6.694861492057449e-06
50,3,raw,8,exact_reversible,5.57831335067749,5.578312977217138,6.694861492057449e-06
50,3,raw,8,greedy_pair,5.57831335067749,5.578312977217138,6.694861492057449e-06
50,3,raw,8,random_mean,5.57831335067749,8.885531869251281,-59.28706959733854
50,3,raw,8,random_best,5.57831335067749,7.46250771638006,-33.77713382619018
50,3,raw,8,model_route,5.57831335067749,5.578312977217138,6.694861492057449e-06
50,3,raw,8,model_learned,5.57831335067749,5.578312977217138,6.694861492057449e-06
50,3,raw,12,original_order,5.57831335067749,5.578312977217138,6.694861492057449e-06
50,3,raw,12,exact_fixed_orientation,5.57831335067749,5.578312977217138,6.694861492057449e-06
50,3,raw,12,exact_reversible,5.57831335067749,5.578312977217138,6.694861492057449e-06
50,3,raw,12,greedy_pair,5.57831335067749,5.578312977217138,6.694861492057449e-06
50,3,raw,12,random_mean,5.57831335067749,10.806396164000034,-93.7215693106876
50,3,raw,12,random_best,5.57831335067749,9.700786410830915,-73.90178358576338
50,3,raw,12,model_route,5.57831335067749,5.578312977217138,6.694861492057449e-06
50,3,raw,12,model_learned,5.57831335067749,5.578312977217138,6.694861492057449e-06
50,3,two_opt,4,original_order,5.566641807556152,5.566641747020185,1.0874773237220807e-06
50,3,two_opt,4,exact_fixed_orientation,5.566641807556152,5.566641747020185,1.0874773237220807e-06
50,3,two_opt,4,exact_reversible,5.566641807556152,5.566641747020185,1.0874773237220807e-06
50,3,two_opt,4,greedy_pair,5.566641807556152,5.566641747020185,1.0874773237220807e-06
50,3,two_opt,4,random_mean,5.566641807556152,6.864619806408882,-23.31707416652633
50,3,two_opt,4,random_best,5.566641807556152,5.566641747020185,1.0874773237220807e-06
50,3,two_opt,4,model_route,5.566641807556152,5.566641747020185,1.0874773237220807e-06
50,3,two_opt,4,model_learned,5.566641807556152,5.566641747020185,1.0874773237220807e-06
50,3,two_opt,8,original_order,5.566641807556152,5.566641747020185,1.0874773237220807e-06
50,3,two_opt,8,exact_fixed_orientation,5.566641807556152,5.566641747020185,1.0874773237220807e-06
50,3,two_opt,8,exact_reversible,5.566641807556152,5.566641747020185,1.0874773237220807e-06
50,3,two_opt,8,greedy_pair,5.566641807556152,5.566641747020185,1.0874773237220807e-06
50,3,two_opt,8,random_mean,5.566641807556152,8.927525086794049,-60.375418347841915
50,3,two_opt,8,random_best,5.566641807556152,7.5942216804251075,-36.423753188443364
50,3,two_opt,8,model_route,5.566641807556152,5.566641747020185,1.0874773237220807e-06
50,3,two_opt,8,model_learned,5.566641807556152,7.525182978250086,-35.18353144323769
50,3,two_opt,12,original_order,5.566641807556152,5.566641747020185,1.0874773237220807e-06
50,3,two_opt,12,exact_fixed_orientation,5.566641807556152,5.566641747020185,1.0874773237220807e-06
50,3,two_opt,12,exact_reversible,5.566641807556152,5.566641747020185,1.0874773237220807e-06
50,3,two_opt,12,greedy_pair,5.566641807556152,5.566641747020185,1.0874773237220807e-06
50,3,two_opt,12,random_mean,5.566641807556152,10.583560667932034,-90.12469337556303
50,3,two_opt,12,random_best,5.566641807556152,9.41569113638252,-69.14490750243124
50,3,two_opt,12,model_route,5.566641807556152,5.566641747020185,1.0874773237220807e-06
50,3,two_opt,12,model_learned,5.566641807556152,5.566641747020185,1.0874773237220807e-06
50,4,raw,4,original_order,5.533407211303711,5.53340700827539,3.6691375406354627e-06
50,4,raw,4,exact_fixed_orientation,5.533407211303711,5.53340700827539,3.6691375406354627e-06
50,4,raw,4,exact_reversible,5.533407211303711,5.53340700827539,3.6691375406354627e-06
50,4,raw,4,greedy_pair,5.533407211303711,5.53340700827539,3.6691375406354627e-06
50,4,raw,4,random_mean,5.533407211303711,6.911779277026653,-24.910005952701027
50,4,raw,4,random_best,5.533407211303711,5.53340700827539,3.6691375406354627e-06
50,4,raw,4,model_route,5.533407211303711,5.53340700827539,3.6691375406354627e-06
50,4,raw,4,model_learned,5.533407211303711,7.051199173554778,-27.4296089966143
50,4,raw,8,original_order,5.533407211303711,5.53340700827539,3.6691375406354627e-06
50,4,raw,8,exact_fixed_orientation,5.533407211303711,5.53340700827539,3.6691375406354627e-06
50,4,raw,8,exact_reversible,5.533407211303711,5.53340700827539,3.6691375406354627e-06
50,4,raw,8,greedy_pair,5.533407211303711,5.53340700827539,3.6691375406354627e-06
50,4,raw,8,random_mean,5.533407211303711,8.97432935750112,-62.184509738742
50,4,raw,8,random_best,5.533407211303711,8.348185868933797,-50.868814640643514
50,4,raw,8,model_route,5.533407211303711,5.53340700827539,3.6691375406354627e-06
50,4,raw,8,model_learned,5.533407211303711,5.53340700827539,3.6691375406354627e-06
50,4,raw,12,original_order,5.533407211303711,5.53340700827539,3.6691375406354627e-06
50,4,raw,12,exact_fixed_orientation,5.533407211303711,5.53340700827539,3.6691375406354627e-06
50,4,raw,12,exact_reversible,5.533407211303711,5.53340700827539,3.6691375406354627e-06
50,4,raw,12,greedy_pair,5.533407211303711,5.53340700827539,3.6691375406354627e-06
50,4,raw,12,random_mean,5.533407211303711,10.718049851246178,-93.69710997143345
50,4,raw,12,random_best,5.533407211303711,9.278159501031041,-67.67534263658574
50,4,raw,12,model_route,5.533407211303711,5.53340700827539,3.6691375406354627e-06
50,4,raw,12,model_learned,5.533407211303711,5.53340700827539,3.6691375406354627e-06
50,4,two_opt,4,original_order,5.533407211303711,5.53340700827539,3.6691375406354627e-06
50,4,two_opt,4,exact_fixed_orientation,5.533407211303711,5.53340700827539,3.6691375406354627e-06
50,4,two_opt,4,exact_reversible,5.533407211303711,5.53340700827539,3.6691375406354627e-06
50,4,two_opt,4,greedy_pair,5.533407211303711,5.53340700827539,3.6691375406354627e-06
50,4,two_opt,4,random_mean,5.533407211303711,6.911779277026653,-24.910005952701027
50,4,two_opt,4,random_best,5.533407211303711,5.53340700827539,3.6691375406354627e-06
50,4,two_opt,4,model_route,5.533407211303711,5.53340700827539,3.6691375406354627e-06
50,4,two_opt,4,model_learned,5.533407211303711,7.051199173554778,-27.4296089966143
50,4,two_opt,8,original_order,5.533407211303711,5.53340700827539,3.6691375406354627e-06
50,4,two_opt,8,exact_fixed_orientation,5.533407211303711,5.53340700827539,3.6691375406354627e-06
50,4,two_opt,8,exact_reversible,5.533407211303711,5.53340700827539,3.6691375406354627e-06
50,4,two_opt,8,greedy_pair,5.533407211303711,5.53340700827539,3.6691375406354627e-06
50,4,two_opt,8,random_mean,5.533407211303711,8.97432935750112,-62.184509738742
50,4,two_opt,8,random_best,5.533407211303711,8.348185868933797,-50.868814640643514
50,4,two_opt,8,model_route,5.533407211303711,5.53340700827539,3.6691375406354627e-06
50,4,two_opt,8,model_learned,5.533407211303711,5.53340700827539,3.6691375406354627e-06
50,4,two_opt,12,original_order,5.533407211303711,5.53340700827539,3.6691375406354627e-06
50,4,two_opt,12,exact_fixed_orientation,5.533407211303711,5.53340700827539,3.6691375406354627e-06
50,4,two_opt,12,exact_reversible,5.533407211303711,5.53340700827539,3.6691375406354627e-06
50,4,two_opt,12,greedy_pair,5.533407211303711,5.53340700827539,3.6691375406354627e-06
50,4,two_opt,12,random_mean,5.533407211303711,10.718049851246178,-93.69710997143345
50,4,two_opt,12,random_best,5.533407211303711,9.278159501031041,-67.67534263658574
50,4,two_opt,12,model_route,5.533407211303711,5.53340700827539,3.6691375406354627e-06
50,4,two_opt,12,model_learned,5.533407211303711,5.53340700827539,3.6691375406354627e-06
50,5,raw,4,original_order,5.503448963165283,5.503449220210314,-4.670617140529161e-06
50,5,raw,4,exact_fixed_orientation,5.503448963165283,5.503449220210314,-4.670617140529161e-06
50,5,raw,4,exact_reversible,5.503448963165283,5.503449220210314,-4.670617140529161e-06
50,5,raw,4,greedy_pair,5.503448963165283,5.503449220210314,-4.670617140529161e-06
50,5,raw,4,random_mean,5.503448963165283,6.55503922700882,-19.107840753713816
50,5,raw,4,random_best,5.503448963165283,5.503449220210314,-4.670617140529161e-06
50,5,raw,4,model_route,5.503448963165283,5.503449220210314,-4.670617140529161e-06
50,5,raw,4,model_learned,5.503448963165283,5.503449220210314,-4.670617140529161e-06
50,5,raw,8,original_order,5.503448963165283,5.503449220210314,-4.670617140529161e-06
50,5,raw,8,exact_fixed_orientation,5.503448963165283,5.503449220210314,-4.670617140529161e-06
50,5,raw,8,exact_reversible,5.503448963165283,5.503449220210314,-4.670617140529161e-06
50,5,raw,8,greedy_pair,5.503448963165283,5.503449220210314,-4.670617140529161e-06
50,5,raw,8,random_mean,5.503448963165283,9.774697814602405,-77.61040176850359
50,5,raw,8,random_best,5.503448963165283,8.387376787140965,-52.402190758520355
50,5,raw,8,model_route,5.503448963165283,5.503449220210314,-4.670617140529161e-06
50,5,raw,8,model_learned,5.503448963165283,5.503449220210314,-4.670617140529161e-06
50,5,raw,12,original_order,5.503448963165283,5.503449220210314,-4.670617140529161e-06
50,5,raw,12,exact_fixed_orientation,5.503448963165283,5.503449220210314,-4.670617140529161e-06
50,5,raw,12,exact_reversible,5.503448963165283,5.503449220210314,-4.670617140529161e-06
50,5,raw,12,greedy_pair,5.503448963165283,5.503449220210314,-4.670617140529161e-06
50,5,raw,12,random_mean,5.503448963165283,11.33961135824211,-106.04554406043196
50,5,raw,12,random_best,5.503448963165283,10.436713146045804,-89.63950090023505
50,5,raw,12,model_route,5.503448963165283,5.503449220210314,-4.670617140529161e-06
50,5,raw,12,model_learned,5.503448963165283,5.503449220210314,-4.670617140529161e-06
50,5,two_opt,4,original_order,5.503448963165283,5.503449220210314,-4.670617140529161e-06
50,5,two_opt,4,exact_fixed_orientation,5.503448963165283,5.503449220210314,-4.670617140529161e-06
50,5,two_opt,4,exact_reversible,5.503448963165283,5.503449220210314,-4.670617140529161e-06
50,5,two_opt,4,greedy_pair,5.503448963165283,5.503449220210314,-4.670617140529161e-06
50,5,two_opt,4,random_mean,5.503448963165283,6.55503922700882,-19.107840753713816
50,5,two_opt,4,random_best,5.503448963165283,5.503449220210314,-4.670617140529161e-06
50,5,two_opt,4,model_route,5.503448963165283,5.503449220210314,-4.670617140529161e-06
50,5,two_opt,4,model_learned,5.503448963165283,5.503449220210314,-4.670617140529161e-06
50,5,two_opt,8,original_order,5.503448963165283,5.503449220210314,-4.670617140529161e-06
50,5,two_opt,8,exact_fixed_orientation,5.503448963165283,5.503449220210314,-4.670617140529161e-06
50,5,two_opt,8,exact_reversible,5.503448963165283,5.503449220210314,-4.670617140529161e-06
50,5,two_opt,8,greedy_pair,5.503448963165283,5.503449220210314,-4.670617140529161e-06
50,5,two_opt,8,random_mean,5.503448963165283,9.774697814602405,-77.61040176850359
50,5,two_opt,8,random_best,5.503448963165283,8.387376787140965,-52.402190758520355
50,5,two_opt,8,model_route,5.503448963165283,5.503449220210314,-4.670617140529161e-06
50,5,two_opt,8,model_learned,5.503448963165283,5.503449220210314,-4.670617140529161e-06
50,5,two_opt,12,original_order,5.503448963165283,5.503449220210314,-4.670617140529161e-06
50,5,two_opt,12,exact_fixed_orientation,5.503448963165283,5.503449220210314,-4.670617140529161e-06
50,5,two_opt,12,exact_reversible,5.503448963165283,5.503449220210314,-4.670617140529161e-06
50,5,two_opt,12,greedy_pair,5.503448963165283,5.503449220210314,-4.670617140529161e-06
50,5,two_opt,12,random_mean,5.503448963165283,11.33961135824211,-106.04554406043196
50,5,two_opt,12,random_best,5.503448963165283,10.436713146045804,-89.63950090023505
50,5,two_opt,12,model_route,5.503448963165283,5.503449220210314,-4.670617140529161e-06
50,5,two_opt,12,model_learned,5.503448963165283,5.503449220210314,-4.670617140529161e-06
50,6,raw,4,original_order,6.003438949584961,6.003438780084252,2.823393558316026e-06
50,6,raw,4,exact_fixed_orientation,6.003438949584961,6.003438780084252,2.823393558316026e-06
50,6,raw,4,exact_reversible,6.003438949584961,6.003438780084252,2.823393558316026e-06
50,6,raw,4,greedy_pair,6.003438949584961,6.003438780084252,2.823393558316026e-06
50,6,raw,4,random_mean,6.003438949584961,6.822682426311076,-13.64623649221505
50,6,raw,4,random_best,6.003438949584961,6.003438780084252,2.823393558316026e-06
50,6,raw,4,model_route,6.003438949584961,6.003438780084252,2.823393558316026e-06
50,6,raw,4,model_learned,6.003438949584961,6.003438780084252,2.823393558316026e-06
50,6,raw,8,original_order,6.003438949584961,6.003438780084252,2.823393558316026e-06
50,6,raw,8,exact_fixed_orientation,6.003438949584961,6.003438780084252,2.823393558316026e-06
50,6,raw,8,exact_reversible,6.003438949584961,6.003438780084252,2.823393558316026e-06
50,6,raw,8,greedy_pair,6.003438949584961,6.003438780084252,2.823393558316026e-06
50,6,raw,8,random_mean,6.003438949584961,9.090289206244051,-51.418033606762926
50,6,raw,8,random_best,6.003438949584961,8.231741551309824,-37.11710272124802
50,6,raw,8,model_route,6.003438949584961,6.003438780084252,2.823393558316026e-06
50,6,raw,8,model_learned,6.003438949584961,6.003438780084252,2.823393558316026e-06
50,6,raw,12,original_order,6.003438949584961,6.003438780084252,2.823393558316026e-06
50,6,raw,12,exact_fixed_orientation,6.003438949584961,6.003438780084252,2.823393558316026e-06
50,6,raw,12,exact_reversible,6.003438949584961,6.003438780084252,2.823393558316026e-06
50,6,raw,12,greedy_pair,6.003438949584961,6.003438780084252,2.823393558316026e-06
50,6,raw,12,random_mean,6.003438949584961,11.109706781804562,-85.05571348522858
50,6,raw,12,random_best,6.003438949584961,10.13060974702239,-68.74677717381894
50,6,raw,12,model_route,6.003438949584961,7.44919509626925,-24.08213290457862
50,6,raw,12,model_learned,6.003438949584961,8.908927844837308,-48.39707573695263
50,6,two_opt,4,original_order,6.003438949584961,6.003438780084252,2.823393558316026e-06
50,6,two_opt,4,exact_fixed_orientation,6.003438949584961,6.003438780084252,2.823393558316026e-06
50,6,two_opt,4,exact_reversible,6.003438949584961,6.003438780084252,2.823393558316026e-06
50,6,two_opt,4,greedy_pair,6.003438949584961,6.003438780084252,2.823393558316026e-06
50,6,two_opt,4,random_mean,6.003438949584961,6.822682426311076,-13.64623649221505
50,6,two_opt,4,random_best,6.003438949584961,6.003438780084252,2.823393558316026e-06
50,6,two_opt,4,model_route,6.003438949584961,6.003438780084252,2.823393558316026e-06
50,6,two_opt,4,model_learned,6.003438949584961,6.003438780084252,2.823393558316026e-06
50,6,two_opt,8,original_order,6.003438949584961,6.003438780084252,2.823393558316026e-06
50,6,two_opt,8,exact_fixed_orientation,6.003438949584961,6.003438780084252,2.823393558316026e-06
50,6,two_opt,8,exact_reversible,6.003438949584961,6.003438780084252,2.823393558316026e-06
50,6,two_opt,8,greedy_pair,6.003438949584961,6.003438780084252,2.823393558316026e-06
50,6,two_opt,8,random_mean,6.003438949584961,9.090289206244051,-51.418033606762926
50,6,two_opt,8,random_best,6.003438949584961,8.231741551309824,-37.11710272124802
50,6,two_opt,8,model_route,6.003438949584961,6.003438780084252,2.823393558316026e-06
50,6,two_opt,8,model_learned,6.003438949584961,6.003438780084252,2.823393558316026e-06
50,6,two_opt,12,original_order,6.003438949584961,6.003438780084252,2.823393558316026e-06
50,6,two_opt,12,exact_fixed_orientation,6.003438949584961,6.003438780084252,2.823393558316026e-06
50,6,two_opt,12,exact_reversible,6.003438949584961,6.003438780084252,2.823393558316026e-06
50,6,two_opt,12,greedy_pair,6.003438949584961,6.003438780084252,2.823393558316026e-06
50,6,two_opt,12,random_mean,6.003438949584961,11.109706781804562,-85.05571348522858
50,6,two_opt,12,random_best,6.003438949584961,10.13060974702239,-68.74677717381894
50,6,two_opt,12,model_route,6.003438949584961,7.44919509626925,-24.08213290457862
50,6,two_opt,12,model_learned,6.003438949584961,8.908927844837308,-48.39707573695263
50,7,raw,4,original_order,5.534050941467285,5.534051411785185,-8.498618916871005e-06
50,7,raw,4,exact_fixed_orientation,5.534050941467285,5.534051411785185,-8.498618916871005e-06
50,7,raw,4,exact_reversible,5.534050941467285,5.534051411785185,-8.498618916871005e-06
50,7,raw,4,greedy_pair,5.534050941467285,5.534051411785185,-8.498618916871005e-06
50,7,raw,4,random_mean,5.534050941467285,6.496165710501373,-17.385361631293456
50,7,raw,4,random_best,5.534050941467285,6.278193750418723,-13.446620149003131
50,7,raw,4,model_route,5.534050941467285,5.534051411785185,-8.498618916871005e-06
50,7,raw,4,model_learned,5.534050941467285,5.534051411785185,-8.498618916871005e-06
50,7,raw,8,original_order,5.534050941467285,5.534051411785185,-8.498618916871005e-06
50,7,raw,8,exact_fixed_orientation,5.534050941467285,5.534051411785185,-8.498618916871005e-06
50,7,raw,8,exact_reversible,5.534050941467285,5.534051411785185,-8.498618916871005e-06
50,7,raw,8,greedy_pair,5.534050941467285,5.534051411785185,-8.498618916871005e-06
50,7,raw,8,random_mean,5.534050941467285,9.275614250451326,-67.60984581742957
50,7,raw,8,random_best,5.534050941467285,8.187655117362738,-47.950483361323776
50,7,raw,8,model_route,5.534050941467285,5.534051411785185,-8.498618916871005e-06
50,7,raw,8,model_learned,5.534050941467285,5.534051411785185,-8.498618916871005e-06
50,7,raw,12,original_order,5.534050941467285,5.534051411785185,-8.498618916871005e-06
50,7,raw,12,exact_fixed_orientation,5.534050941467285,5.534051411785185,-8.498618916871005e-06
50,7,raw,12,exact_reversible,5.534050941467285,5.534051411785185,-8.498618916871005e-06
50,7,raw,12,greedy_pair,5.534050941467285,5.534051411785185,-8.498618916871005e-06
50,7,raw,12,random_mean,5.534050941467285,10.085063121281564,-82.23654295830596
50,7,raw,12,random_best,5.534050941467285,8.870555483736098,-60.2904558985534
50,7,raw,12,model_route,5.534050941467285,5.534051411785185,-8.498618916871005e-06
50,7,raw,12,model_learned,5.534050941467285,5.534051411785185,-8.498618916871005e-06
50,7,two_opt,4,original_order,5.531352996826172,5.531352804042399,3.4852914477890166e-06
50,7,two_opt,4,exact_fixed_orientation,5.531352996826172,5.531352804042399,3.4852914477890166e-06
50,7,two_opt,4,exact_reversible,5.531352996826172,5.531352804042399,3.4852914477890166e-06
50,7,two_opt,4,greedy_pair,5.531352996826172,5.531352804042399,3.4852914477890166e-06
50,7,two_opt,4,random_mean,5.531352996826172,6.450929093174636,-16.624794998187728
50,7,two_opt,4,random_best,5.531352996826172,6.275495142675936,-13.453166816089025
50,7,two_opt,4,model_route,5.531352996826172,5.531352804042399,3.4852914477890166e-06
50,7,two_opt,4,model_learned,5.531352996826172,5.531352804042399,3.4852914477890166e-06
50,7,two_opt,8,original_order,5.531352996826172,5.531352804042399,3.4852914477890166e-06
50,7,two_opt,8,exact_fixed_orientation,5.531352996826172,5.531352804042399,3.4852914477890166e-06
50,7,two_opt,8,exact_reversible,5.531352996826172,5.531352804042399,3.4852914477890166e-06
50,7,two_opt,8,greedy_pair,5.531352996826172,5.531352804042399,3.4852914477890166e-06
50,7,two_opt,8,random_mean,5.531352996826172,9.27291564270854,-67.6428108643443
50,7,two_opt,8,random_best,5.531352996826172,8.184956509619951,-47.97385945746705
50,7,two_opt,8,model_route,5.531352996826172,5.531352804042399,3.4852914477890166e-06
50,7,two_opt,8,model_learned,5.531352996826172,5.531352804042399,3.4852914477890166e-06
50,7,two_opt,12,original_order,5.531352996826172,5.531352804042399,3.4852914477890166e-06
50,7,two_opt,12,exact_fixed_orientation,5.531352996826172,5.531352804042399,3.4852914477890166e-06
50,7,two_opt,12,exact_reversible,5.531352996826172,5.531352804042399,3.4852914477890166e-06
50,7,two_opt,12,greedy_pair,5.531352996826172,5.531352804042399,3.4852914477890166e-06
50,7,two_opt,12,random_mean,5.531352996826172,10.176384704187512,-83.97641065443857
50,7,two_opt,12,random_best,5.531352996826172,8.991784536279738,-62.56030923065519
50,7,two_opt,12,model_route,5.531352996826172,5.531352804042399,3.4852914477890166e-06
50,7,two_opt,12,model_learned,5.531352996826172,6.0289647886529565,-8.996203860290759
50,8,raw,4,original_order,5.643372058868408,5.643372589722276,-9.406678524705812e-06
50,8,raw,4,exact_fixed_orientation,5.643372058868408,5.643372589722276,-9.406678524705812e-06
50,8,raw,4,exact_reversible,5.643372058868408,5.643372589722276,-9.406678524705812e-06
50,8,raw,4,greedy_pair,5.643372058868408,5.643372589722276,-9.406678524705812e-06
50,8,raw,4,random_mean,5.643372058868408,6.540716478135437,-15.900855196262947
50,8,raw,4,random_best,5.643372058868408,5.643372589722276,-9.406678524705812e-06
50,8,raw,4,model_route,5.643372058868408,5.643372589722276,-9.406678524705812e-06
50,8,raw,4,model_learned,5.643372058868408,5.643372589722276,-9.406678524705812e-06
50,8,raw,8,original_order,5.643372058868408,5.643372589722276,-9.406678524705812e-06
50,8,raw,8,exact_fixed_orientation,5.643372058868408,5.643372589722276,-9.406678524705812e-06
50,8,raw,8,exact_reversible,5.643372058868408,5.643372589722276,-9.406678524705812e-06
50,8,raw,8,greedy_pair,5.643372058868408,5.643372589722276,-9.406678524705812e-06
50,8,raw,8,random_mean,5.643372058868408,9.286859331652522,-64.56223752000315
50,8,raw,8,random_best,5.643372058868408,8.081626685336232,-43.20563310434534
50,8,raw,8,model_route,5.643372058868408,5.643372589722276,-9.406678524705812e-06
50,8,raw,8,model_learned,5.643372058868408,5.643372589722276,-9.406678524705812e-06
50,8,raw,12,original_order,5.643372058868408,5.643372589722276,-9.406678524705812e-06
50,8,raw,12,exact_fixed_orientation,5.643372058868408,5.643372589722276,-9.406678524705812e-06
50,8,raw,12,exact_reversible,5.643372058868408,5.643372589722276,-9.406678524705812e-06
50,8,raw,12,greedy_pair,5.643372058868408,5.643372589722276,-9.406678524705812e-06
50,8,raw,12,random_mean,5.643372058868408,10.48204677645117,-85.7408419489003
50,8,raw,12,random_best,5.643372058868408,8.950969846919179,-58.61030875773943
50,8,raw,12,model_route,5.643372058868408,5.643372589722276,-9.406678524705812e-06
50,8,raw,12,model_learned,5.643372058868408,6.471666486933827,-14.677296117022387
50,8,two_opt,4,original_order,5.643372058868408,5.643372589722276,-9.406678524705812e-06
50,8,two_opt,4,exact_fixed_orientation,5.643372058868408,5.643372589722276,-9.406678524705812e-06
50,8,two_opt,4,exact_reversible,5.643372058868408,5.643372589722276,-9.406678524705812e-06
50,8,two_opt,4,greedy_pair,5.643372058868408,5.643372589722276,-9.406678524705812e-06
50,8,two_opt,4,random_mean,5.643372058868408,6.540716478135437,-15.900855196262947
50,8,two_opt,4,random_best,5.643372058868408,5.643372589722276,-9.406678524705812e-06
50,8,two_opt,4,model_route,5.643372058868408,5.643372589722276,-9.406678524705812e-06
50,8,two_opt,4,model_learned,5.643372058868408,5.643372589722276,-9.406678524705812e-06
50,8,two_opt,8,original_order,5.643372058868408,5.643372589722276,-9.406678524705812e-06
50,8,two_opt,8,exact_fixed_orientation,5.643372058868408,5.643372589722276,-9.406678524705812e-06
50,8,two_opt,8,exact_reversible,5.643372058868408,5.643372589722276,-9.406678524705812e-06
50,8,two_opt,8,greedy_pair,5.643372058868408,5.643372589722276,-9.406678524705812e-06
50,8,two_opt,8,random_mean,5.643372058868408,9.286859331652522,-64.56223752000315
50,8,two_opt,8,random_best,5.643372058868408,8.081626685336232,-43.20563310434534
50,8,two_opt,8,model_route,5.643372058868408,5.643372589722276,-9.406678524705812e-06
50,8,two_opt,8,model_learned,5.643372058868408,5.643372589722276,-9.406678524705812e-06
50,8,two_opt,12,original_order,5.643372058868408,5.643372589722276,-9.406678524705812e-06
50,8,two_opt,12,exact_fixed_orientation,5.643372058868408,5.643372589722276,-9.406678524705812e-06
50,8,two_opt,12,exact_reversible,5.643372058868408,5.643372589722276,-9.406678524705812e-06
50,8,two_opt,12,greedy_pair,5.643372058868408,5.643372589722276,-9.406678524705812e-06
50,8,two_opt,12,random_mean,5.643372058868408,10.48204677645117,-85.7408419489003
50,8,two_opt,12,random_best,5.643372058868408,8.950969846919179,-58.61030875773943
50,8,two_opt,12,model_route,5.643372058868408,5.643372589722276,-9.406678524705812e-06
50,8,two_opt,12,model_learned,5.643372058868408,6.471666486933827,-14.677296117022387
50,9,raw,4,original_order,6.254759311676025,6.254759838571772,-8.423917217807698e-06
50,9,raw,4,exact_fixed_orientation,6.254759311676025,6.254759838571772,-8.423917217807698e-06
50,9,raw,4,exact_reversible,6.254759311676025,6.254759838571772,-8.423917217807698e-06
50,9,raw,4,greedy_pair,6.254759311676025,6.254759838571772,-8.423917217807698e-06
50,9,raw,4,random_mean,6.254759311676025,7.619354909984395,-21.816916212283672
50,9,raw,4,random_best,6.254759311676025,6.254759838571772,-8.423917217807698e-06
50,9,raw,4,model_route,6.254759311676025,6.254759838571772,-8.423917217807698e-06
50,9,raw,4,model_learned,6.254759311676025,6.254759838571772,-8.423917217807698e-06
50,9,raw,8,original_order,6.254759311676025,6.254759838571772,-8.423917217807698e-06
50,9,raw,8,exact_fixed_orientation,6.254759311676025,6.254759838571772,-8.423917217807698e-06
50,9,raw,8,exact_reversible,6.254759311676025,6.254759838571772,-8.423917217807698e-06
50,9,raw,8,greedy_pair,6.254759311676025,6.254759838571772,-8.423917217807698e-06
50,9,raw,8,random_mean,6.254759311676025,9.882486263057217,-57.999465216977406
50,9,raw,8,random_best,6.254759311676025,8.721804132452235,-39.44268192975662
50,9,raw,8,model_route,6.254759311676025,6.254759838571772,-8.423917217807698e-06
50,9,raw,8,model_learned,6.254759311676025,6.813761448254809,-8.937228576250254
50,9,raw,12,original_order,6.254759311676025,6.254759838571772,-8.423917217807698e-06
50,9,raw,12,exact_fixed_orientation,6.254759311676025,6.254759838571772,-8.423917217807698e-06
50,9,raw,12,exact_reversible,6.254759311676025,6.254759838571772,-8.423917217807698e-06
50,9,raw,12,greedy_pair,6.254759311676025,6.254759838571772,-8.423917217807698e-06
50,9,raw,12,random_mean,6.254759311676025,11.039306635735556,-76.49450739260283
50,9,raw,12,random_best,6.254759311676025,10.374370852252468,-65.86363016217409
50,9,raw,12,model_route,6.254759311676025,6.254759838571772,-8.423917217807698e-06
50,9,raw,12,model_learned,6.254759311676025,6.254759838571772,-8.423917217807698e-06
50,9,two_opt,4,original_order,6.24640417098999,6.246404034784064,2.1805493658270035e-06
50,9,two_opt,4,exact_fixed_orientation,6.24640417098999,6.246404034784064,2.1805493658270035e-06
50,9,two_opt,4,exact_reversible,6.24640417098999,6.246404034784064,2.1805493658270035e-06
50,9,two_opt,4,greedy_pair,6.24640417098999,6.246404034784064,2.1805493658270035e-06
50,9,two_opt,4,random_mean,6.24640417098999,7.610999106196687,-21.84608773066989
50,9,two_opt,4,random_best,6.24640417098999,6.246404034784064,2.1805493658270035e-06
50,9,two_opt,4,model_route,6.24640417098999,6.246404034784064,2.1805493658270035e-06
50,9,two_opt,4,model_learned,6.24640417098999,6.246404034784064,2.1805493658270035e-06
50,9,two_opt,8,original_order,6.24640417098999,6.246404034784064,2.1805493658270035e-06
50,9,two_opt,8,exact_fixed_orientation,6.24640417098999,6.246404034784064,2.1805493658270035e-06
50,9,two_opt,8,exact_reversible,6.24640417098999,6.246404034784064,2.1805493658270035e-06
50,9,two_opt,8,greedy_pair,6.24640417098999,6.246404034784064,2.1805493658270035e-06
50,9,two_opt,8,random_mean,6.24640417098999,10.035005451878533,-60.65251586638987
50,9,two_opt,8,random_best,6.24640417098999,8.883140040328726,-42.21205988534105
50,9,two_opt,8,model_route,6.24640417098999,6.246404034784064,2.1805493658270035e-06
50,9,two_opt,8,model_learned,6.24640417098999,6.246404034784064,2.1805493658270035e-06
50,9,two_opt,12,original_order,6.24640417098999,6.246404034784064,2.1805493658270035e-06
50,9,two_opt,12,exact_fixed_orientation,6.24640417098999,6.246404034784064,2.1805493658270035e-06
50,9,two_opt,12,exact_reversible,6.24640417098999,6.246404034784064,2.1805493658270035e-06
50,9,two_opt,12,greedy_pair,6.24640417098999,6.670119611313567,-6.783349727694963
50,9,two_opt,12,random_mean,6.24640417098999,10.980111705837771,-75.78292094566045
50,9,two_opt,12,random_best,6.24640417098999,10.281794862588868,-64.60341952159189
50,9,two_opt,12,model_route,6.24640417098999,6.246404034784064,2.1805493658270035e-06
50,9,two_opt,12,model_learned,6.24640417098999,6.246404034784064,2.1805493658270035e-06
50,10,raw,4,original_order,5.672022819519043,5.672022696584463,2.1673851421434754e-06
50,10,raw,4,exact_fixed_orientation,5.672022819519043,5.672022696584463,2.1673851421434754e-06
50,10,raw,4,exact_reversible,5.672022819519043,5.672022696584463,2.1673851421434754e-06
50,10,raw,4,greedy_pair,5.672022819519043,5.672022696584463,2.1673851421434754e-06
50,10,raw,4,random_mean,5.672022819519043,6.88552103145048,-21.39445221827114
50,10,raw,4,random_best,5.672022819519043,5.672022696584463,2.1673851421434754e-06
50,10,raw,4,model_route,5.672022819519043,5.672022696584463,2.1673851421434754e-06
50,10,raw,4,model_learned,5.672022819519043,5.672022696584463,2.1673851421434754e-06
50,10,raw,8,original_order,5.672022819519043,5.672022696584463,2.1673851421434754e-06
50,10,raw,8,exact_fixed_orientation,5.672022819519043,5.672022696584463,2.1673851421434754e-06
50,10,raw,8,exact_reversible,5.672022819519043,5.672022696584463,2.1673851421434754e-06
50,10,raw,8,greedy_pair,5.672022819519043,5.672022696584463,2.1673851421434754e-06
50,10,raw,8,random_mean,5.672022819519043,9.554022731725127,-68.44118995514296
50,10,raw,8,random_best,5.672022819519043,8.168366428464651,-44.011522667979754
50,10,raw,8,model_route,5.672022819519043,5.672022696584463,2.1673851421434754e-06
50,10,raw,8,model_learned,5.672022819519043,5.672022696584463,2.1673851421434754e-06
50,10,raw,12,original_order,5.672022819519043,5.672022696584463,2.1673851421434754e-06
50,10,raw,12,exact_fixed_orientation,5.672022819519043,5.672022696584463,2.1673851421434754e-06
50,10,raw,12,exact_reversible,5.672022819519043,5.672022696584463,2.1673851421434754e-06
50,10,raw,12,greedy_pair,5.672022819519043,5.672022696584463,2.1673851421434754e-06
50,10,raw,12,random_mean,5.672022819519043,10.921078399987891,-92.54292070908734
50,10,raw,12,random_best,5.672022819519043,10.37692453339696,-82.94927336482166
50,10,raw,12,model_route,5.672022819519043,6.881663303822279,-21.32643895825876
50,10,raw,12,model_learned,5.672022819519043,6.881663303822279,-21.32643895825876
50,10,two_opt,4,original_order,5.626871585845947,5.626871544867754,7.2825890297833e-07
50,10,two_opt,4,exact_fixed_orientation,5.626871585845947,5.626871544867754,7.2825890297833e-07
50,10,two_opt,4,exact_reversible,5.626871585845947,5.626871544867754,7.2825890297833e-07
50,10,two_opt,4,greedy_pair,5.626871585845947,5.626871544867754,7.2825890297833e-07
50,10,two_opt,4,random_mean,5.626871585845947,6.736816046293825,-19.725782675401287
50,10,two_opt,4,random_best,5.626871585845947,5.626871544867754,7.2825890297833e-07
50,10,two_opt,4,model_route,5.626871585845947,5.626871544867754,7.2825890297833e-07
50,10,two_opt,4,model_learned,5.626871585845947,5.626871544867754,7.2825890297833e-07
50,10,two_opt,8,original_order,5.626871585845947,5.626871544867754,7.2825890297833e-07
50,10,two_opt,8,exact_fixed_orientation,5.626871585845947,5.626871544867754,7.2825890297833e-07
50,10,two_opt,8,exact_reversible,5.626871585845947,5.626871544867754,7.2825890297833e-07
50,10,two_opt,8,greedy_pair,5.626871585845947,5.626871544867754,7.2825890297833e-07
50,10,two_opt,8,random_mean,5.626871585845947,9.508871580008417,-68.99037831123434
50,10,two_opt,8,random_best,5.626871585845947,8.123215276747942,-44.36468209406796
50,10,two_opt,8,model_route,5.626871585845947,5.626871544867754,7.2825890297833e-07
50,10,two_opt,8,model_learned,5.626871585845947,5.626871544867754,7.2825890297833e-07
50,10,two_opt,12,original_order,5.626871585845947,5.626871544867754,7.2825890297833e-07
50,10,two_opt,12,exact_fixed_orientation,5.626871585845947,5.626871544867754,7.2825890297833e-07
50,10,two_opt,12,exact_reversible,5.626871585845947,5.626871544867754,7.2825890297833e-07
50,10,two_opt,12,greedy_pair,5.626871585845947,5.626871544867754,7.2825890297833e-07
50,10,two_opt,12,random_mean,5.626871585845947,10.834103706525639,-92.54222424016511
50,10,two_opt,12,random_best,5.626871585845947,10.154104229062796,-80.45736559200722
50,10,two_opt,12,model_route,5.626871585845947,9.847755204886198,-75.01297221101733
50,10,two_opt,12,model_learned,5.626871585845947,6.635167930275202,-17.919306119684027
50,11,raw,4,original_order,5.948694705963135,5.948694618418813,1.471655990785645e-06
50,11,raw,4,exact_fixed_orientation,5.948694705963135,5.948694618418813,1.471655990785645e-06
50,11,raw,4,exact_reversible,5.948694705963135,5.948694618418813,1.471655990785645e-06
50,11,raw,4,greedy_pair,5.948694705963135,5.948694618418813,1.471655990785645e-06
50,11,raw,4,random_mean,5.948694705963135,7.1645443849265575,-20.438932220620124
50,11,raw,4,random_best,5.948694705963135,6.951256537809968,-16.853475954007823
50,11,raw,4,model_route,5.948694705963135,5.948694618418813,1.471655990785645e-06
50,11,raw,4,model_learned,5.948694705963135,5.948694618418813,1.471655990785645e-06
50,11,raw,8,original_order,5.948694705963135,5.948694618418813,1.471655990785645e-06
50,11,raw,8,exact_fixed_orientation,5.948694705963135,5.948694618418813,1.471655990785645e-06
50,11,raw,8,exact_reversible,5.948694705963135,5.948694618418813,1.471655990785645e-06
50,11,raw,8,greedy_pair,5.948694705963135,6.515814723446965,-9.533520301778704
50,11,raw,8,random_mean,5.948694705963135,8.249888582155108,-38.684013719601275
50,11,raw,8,random_best,5.948694705963135,7.000330770388246,-17.678433949063177
50,11,raw,8,model_route,5.948694705963135,5.948694618418813,1.471655990785645e-06
50,11,raw,8,model_learned,5.948694705963135,6.999168323352933,-17.658892737204592
50,11,raw,12,original_order,5.948694705963135,5.948694618418813,1.471655990785645e-06
50,11,raw,12,exact_fixed_orientation,5.948694705963135,5.948694618418813,1.471655990785645e-06
50,11,raw,12,exact_reversible,5.948694705963135,5.948694618418813,1.471655990785645e-06
50,11,raw,12,greedy_pair,5.948694705963135,5.948694618418813,1.471655990785645e-06
50,11,raw,12,random_mean,5.948694705963135,10.219954831991345,-71.80163610928935
50,11,raw,12,random_best,5.948694705963135,9.460992032662034,-59.04315989149815
50,11,raw,12,model_route,5.948694705963135,7.881515508517623,-32.49151113129029
50,11,raw,12,model_learned,5.948694705963135,7.887384561821818,-32.59017232663306
50,11,two_opt,4,original_order,5.948694705963135,5.948694618418813,1.471655990785645e-06
50,11,two_opt,4,exact_fixed_orientation,5.948694705963135,5.948694618418813,1.471655990785645e-06
50,11,two_opt,4,exact_reversible,5.948694705963135,5.948694618418813,1.471655990785645e-06
50,11,two_opt,4,greedy_pair,5.948694705963135,5.948694618418813,1.471655990785645e-06
50,11,two_opt,4,random_mean,5.948694705963135,7.1645443849265575,-20.438932220620124
50,11,two_opt,4,random_best,5.948694705963135,6.951256537809968,-16.853475954007823
50,11,two_opt,4,model_route,5.948694705963135,5.948694618418813,1.471655990785645e-06
50,11,two_opt,4,model_learned,5.948694705963135,5.948694618418813,1.471655990785645e-06
50,11,two_opt,8,original_order,5.948694705963135,5.948694618418813,1.471655990785645e-06
50,11,two_opt,8,exact_fixed_orientation,5.948694705963135,5.948694618418813,1.471655990785645e-06
50,11,two_opt,8,exact_reversible,5.948694705963135,5.948694618418813,1.471655990785645e-06
50,11,two_opt,8,greedy_pair,5.948694705963135,6.515814723446965,-9.533520301778704
50,11,two_opt,8,random_mean,5.948694705963135,8.249888582155108,-38.684013719601275
50,11,two_opt,8,random_best,5.948694705963135,7.000330770388246,-17.678433949063177
50,11,two_opt,8,model_route,5.948694705963135,5.948694618418813,1.471655990785645e-06
50,11,two_opt,8,model_learned,5.948694705963135,6.999168323352933,-17.658892737204592
50,11,two_opt,12,original_order,5.948694705963135,5.948694618418813,1.471655990785645e-06
50,11,two_opt,12,exact_fixed_orientation,5.948694705963135,5.948694618418813,1.471655990785645e-06
50,11,two_opt,12,exact_reversible,5.948694705963135,5.948694618418813,1.471655990785645e-06
50,11,two_opt,12,greedy_pair,5.948694705963135,5.948694618418813,1.471655990785645e-06
50,11,two_opt,12,random_mean,5.948694705963135,10.219954831991345,-71.80163610928935
50,11,two_opt,12,random_best,5.948694705963135,9.460992032662034,-59.04315989149815
50,11,two_opt,12,model_route,5.948694705963135,7.881515508517623,-32.49151113129029
50,11,two_opt,12,model_learned,5.948694705963135,7.887384561821818,-32.59017232663306
50,12,raw,4,original_order,5.4853081703186035,5.485308165661991,8.489245687734847e-08
50,12,raw,4,exact_fixed_orientation,5.4853081703186035,5.485308165661991,8.489245687734847e-08
50,12,raw,4,exact_reversible,5.4853081703186035,5.485308165661991,8.489245687734847e-08
50,12,raw,4,greedy_pair,5.4853081703186035,5.485308165661991,8.489245687734847e-08
50,12,raw,4,random_mean,5.4853081703186035,7.288357986137271,-32.8705290538661
50,12,raw,4,random_best,5.4853081703186035,5.485308165661991,8.489245687734847e-08
50,12,raw,4,model_route,5.4853081703186035,5.485308165661991,8.489245687734847e-08
50,12,raw,4,model_learned,5.4853081703186035,5.485308165661991,8.489245687734847e-08
50,12,raw,8,original_order,5.4853081703186035,5.485308165661991,8.489245687734847e-08
50,12,raw,8,exact_fixed_orientation,5.4853081703186035,5.485308165661991,8.489245687734847e-08
50,12,raw,8,exact_reversible,5.4853081703186035,5.485308165661991,8.489245687734847e-08
50,12,raw,8,greedy_pair,5.4853081703186035,5.485308165661991,8.489245687734847e-08
50,12,raw,8,random_mean,5.4853081703186035,8.940195216797292,-62.9843746094947
50,12,raw,8,random_best,5.4853081703186035,7.439287628047168,-35.622054350595796
50,12,raw,8,model_route,5.4853081703186035,5.485308165661991,8.489245687734847e-08
50,12,raw,8,model_learned,5.4853081703186035,5.485308165661991,8.489245687734847e-08
50,12,raw,12,original_order,5.4853081703186035,5.485308165661991,8.489245687734847e-08
50,12,raw,12,exact_fixed_orientation,5.4853081703186035,5.485308165661991,8.489245687734847e-08
50,12,raw,12,exact_reversible,5.4853081703186035,5.485308165661991,8.489245687734847e-08
50,12,raw,12,greedy_pair,5.4853081703186035,6.666464532725513,-21.53309031565868
50,12,raw,12,random_mean,5.4853081703186035,9.940920478198677,-81.22811279755825
50,12,raw,12,random_best,5.4853081703186035,8.368659793399274,-52.56498875820129
50,12,raw,12,model_route,5.4853081703186035,7.16484413575381,-30.618807791388942
50,12,raw,12,model_learned,5.4853081703186035,7.515641520731151,-37.01402523560713
50,12,two_opt,4,original_order,5.484707832336426,5.4847082598134875,-7.793980551310498e-06
50,12,two_opt,4,exact_fixed_orientation,5.484707832336426,5.4847082598134875,-7.793980551310498e-06
50,12,two_opt,4,exact_reversible,5.484707832336426,5.4847082598134875,-7.793980551310498e-06
50,12,two_opt,4,greedy_pair,5.484707832336426,5.4847082598134875,-7.793980551310498e-06
50,12,two_opt,4,random_mean,5.484707832336426,7.2919206488877535,-32.95002891305287
50,12,two_opt,4,random_best,5.484707832336426,5.4847082598134875,-7.793980551310498e-06
50,12,two_opt,4,model_route,5.484707832336426,7.595136205665767,-38.47841011487976
50,12,two_opt,4,model_learned,5.484707832336426,7.152499794028699,-30.40803653859922
50,12,two_opt,8,original_order,5.484707832336426,5.4847082598134875,-7.793980551310498e-06
50,12,two_opt,8,exact_fixed_orientation,5.484707832336426,5.4847082598134875,-7.793980551310498e-06
50,12,two_opt,8,exact_reversible,5.484707832336426,5.4847082598134875,-7.793980551310498e-06
50,12,two_opt,8,greedy_pair,5.484707832336426,5.4847082598134875,-7.793980551310498e-06
50,12,two_opt,8,random_mean,5.484707832336426,8.997841784730554,-64.05325606738054
50,12,two_opt,8,random_best,5.484707832336426,7.850328607484698,-43.131208579629
50,12,two_opt,8,model_route,5.484707832336426,7.369574422948062,-34.36585226106208
50,12,two_opt,8,model_learned,5.484707832336426,7.592408383265138,-38.428675060907565
50,12,two_opt,12,original_order,5.484707832336426,5.4847082598134875,-7.793980551310498e-06
50,12,two_opt,12,exact_fixed_orientation,5.484707832336426,5.4847082598134875,-7.793980551310498e-06
50,12,two_opt,12,exact_reversible,5.484707832336426,5.4847082598134875,-7.793980551310498e-06
50,12,two_opt,12,greedy_pair,5.484707832336426,5.4847082598134875,-7.793980551310498e-06
50,12,two_opt,12,random_mean,5.484707832336426,9.886047430802137,-80.2474759460576
50,12,two_opt,12,random_best,5.484707832336426,8.667965880595148,-58.03878976909311
50,12,two_opt,12,model_route,5.484707832336426,7.39145693462342,-34.76482541230897
50,12,two_opt,12,model_learned,5.484707832336426,7.294011267833412,-32.988146147544974
50,13,raw,4,original_order,5.807859897613525,5.807859668508172,3.944746557153489e-06
50,13,raw,4,exact_fixed_orientation,5.807859897613525,5.807859668508172,3.944746557153489e-06
50,13,raw,4,exact_reversible,5.807859897613525,5.807859668508172,3.944746557153489e-06
50,13,raw,4,greedy_pair,5.807859897613525,5.807859668508172,3.944746557153489e-06
50,13,raw,4,random_mean,5.807859897613525,7.22623704187572,-24.42168318910399
50,13,raw,4,random_best,5.807859897613525,7.010344894602895,-20.70444222463899
50,13,raw,4,model_route,5.807859897613525,5.807859668508172,3.944746557153489e-06
50,13,raw,4,model_learned,5.807859897613525,5.807859668508172,3.944746557153489e-06
50,13,raw,8,original_order,5.807859897613525,5.807859668508172,3.944746557153489e-06
50,13,raw,8,exact_fixed_orientation,5.807859897613525,5.807859668508172,3.944746557153489e-06
50,13,raw,8,exact_reversible,5.807859897613525,5.807859668508172,3.944746557153489e-06
50,13,raw,8,greedy_pair,5.807859897613525,5.807859668508172,3.944746557153489e-06
50,13,raw,8,random_mean,5.807859897613525,9.424319934099913,-62.26837596362141
50,13,raw,8,random_best,5.807859897613525,8.998955199494958,-54.944426314289494
50,13,raw,8,model_route,5.807859897613525,5.807859668508172,3.944746557153489e-06
50,13,raw,8,model_learned,5.807859897613525,5.807859668508172,3.944746557153489e-06
50,13,raw,12,original_order,5.807859897613525,5.807859668508172,3.944746557153489e-06
50,13,raw,12,exact_fixed_orientation,5.807859897613525,5.807859668508172,3.944746557153489e-06
50,13,raw,12,exact_reversible,5.807859897613525,5.807859668508172,3.944746557153489e-06
50,13,raw,12,greedy_pair,5.807859897613525,5.807859668508172,3.944746557153489e-06
50,13,raw,12,random_mean,5.807859897613525,10.465293117798865,-80.19190032629918
50,13,raw,12,random_best,5.807859897613525,9.093679023906589,-56.575385498593384
50,13,raw,12,model_route,5.807859897613525,5.807859668508172,3.944746557153489e-06
50,13,raw,12,model_learned,5.807859897613525,5.807859668508172,3.944746557153489e-06
50,13,two_opt,4,original_order,5.807621479034424,5.807621339336038,2.405432011997243e-06
50,13,two_opt,4,exact_fixed_orientation,5.807621479034424,5.807621339336038,2.405432011997243e-06
50,13,two_opt,4,exact_reversible,5.807621479034424,5.807621339336038,2.405432011997243e-06
50,13,two_opt,4,greedy_pair,5.807621479034424,5.807621339336038,2.405432011997243e-06
50,13,two_opt,4,random_mean,5.807621479034424,7.22197730652988,-24.353443704988273
50,13,two_opt,4,random_best,5.807621479034424,7.005751656368375,-20.630307633843113
50,13,two_opt,4,model_route,5.807621479034424,5.807621339336038,2.405432011997243e-06
50,13,two_opt,4,model_learned,5.807621479034424,5.807621339336038,2.405432011997243e-06
50,13,two_opt,8,original_order,5.807621479034424,5.807621339336038,2.405432011997243e-06
50,13,two_opt,8,exact_fixed_orientation,5.807621479034424,5.807621339336038,2.405432011997243e-06
50,13,two_opt,8,exact_reversible,5.807621479034424,5.807621339336038,2.405432011997243e-06
50,13,two_opt,8,greedy_pair,5.807621479034424,5.807621339336038,2.405432011997243e-06
50,13,two_opt,8,random_mean,5.807621479034424,9.427395598962903,-62.32799663331887
50,13,two_opt,8,random_best,5.807621479034424,8.998716870322824,-54.94668347116438
50,13,two_opt,8,model_route,5.807621479034424,5.807621339336038,2.405432011997243e-06
50,13,two_opt,8,model_learned,5.807621479034424,5.807621339336038,2.405432011997243e-06
50,13,two_opt,12,original_order,5.807621479034424,5.807621339336038,2.405432011997243e-06
50,13,two_opt,12,exact_fixed_orientation,5.807621479034424,5.807621339336038,2.405432011997243e-06
50,13,two_opt,12,exact_reversible,5.807621479034424,5.807621339336038,2.405432011997243e-06
50,13,two_opt,12,greedy_pair,5.807621479034424,5.807621339336038,2.405432011997243e-06
50,13,two_opt,12,random_mean,5.807621479034424,10.468625753186643,-80.25668151718384
50,13,two_opt,12,random_best,5.807621479034424,9.103033063933253,-56.74287824706381
50,13,two_opt,12,model_route,5.807621479034424,5.807621339336038,2.405432011997243e-06
50,13,two_opt,12,model_learned,5.807621479034424,5.807621339336038,2.405432011997243e-06
50,14,raw,4,original_order,5.636694431304932,5.636694550514221,-2.1148794032317895e-06
50,14,raw,4,exact_fixed_orientation,5.636694431304932,5.636694550514221,-2.1148794032317895e-06
50,14,raw,4,exact_reversible,5.636694431304932,5.636694550514221,-2.1148794032317895e-06
50,14,raw,4,greedy_pair,5.636694431304932,5.636694550514221,-2.1148794032317895e-06
50,14,raw,4,random_mean,5.636694431304932,6.830441012047231,-21.178131887236958
50,14,raw,4,random_best,5.636694431304932,5.636694550514221,-2.1148794032317895e-06
50,14,raw,4,model_route,5.636694431304932,5.636694550514221,-2.1148794032317895e-06
50,14,raw,4,model_learned,5.636694431304932,5.636694550514221,-2.1148794032317895e-06
50,14,raw,8,original_order,5.636694431304932,5.636694550514221,-2.1148794032317895e-06
50,14,raw,8,exact_fixed_orientation,5.636694431304932,5.636694550514221,-2.1148794032317895e-06
50,14,raw,8,exact_reversible,5.636694431304932,5.636694550514221,-2.1148794032317895e-06
50,14,raw,8,greedy_pair,5.636694431304932,5.636694550514221,-2.1148794032317895e-06
50,14,raw,8,random_mean,5.636694431304932,9.249327474506572,-64.09134089543491
50,14,raw,8,random_best,5.636694431304932,7.857020689174533,-39.390573410160556
50,14,raw,8,model_route,5.636694431304932,5.636694550514221,-2.1148794032317895e-06
50,14,raw,8,model_learned,5.636694431304932,7.369084028527141,-30.734140697798114
50,14,raw,12,original_order,5.636694431304932,5.636694550514221,-2.1148794032317895e-06
50,14,raw,12,exact_fixed_orientation,5.636694431304932,5.636694550514221,-2.1148794032317895e-06
50,14,raw,12,exact_reversible,5.636694431304932,5.636694550514221,-2.1148794032317895e-06
50,14,raw,12,greedy_pair,5.636694431304932,5.636694550514221,-2.1148794032317895e-06
50,14,raw,12,random_mean,5.636694431304932,10.974704115884379,-94.70106548500027
50,14,raw,12,random_best,5.636694431304932,9.909177077934146,-75.79766295119366
50,14,raw,12,model_route,5.636694431304932,5.636694550514221,-2.1148794032317895e-06
50,14,raw,12,model_learned,5.636694431304932,5.636694550514221,-2.1148794032317895e-06
50,14,two_opt,4,original_order,5.636694431304932,5.636694550514221,-2.1148794032317895e-06
50,14,two_opt,4,exact_fixed_orientation,5.636694431304932,5.636694550514221,-2.1148794032317895e-06
50,14,two_opt,4,exact_reversible,5.636694431304932,5.636694550514221,-2.1148794032317895e-06
50,14,two_opt,4,greedy_pair,5.636694431304932,5.636694550514221,-2.1148794032317895e-06
50,14,two_opt,4,random_mean,5.636694431304932,6.830441012047231,-21.178131887236958
50,14,two_opt,4,random_best,5.636694431304932,5.636694550514221,-2.1148794032317895e-06
50,14,two_opt,4,model_route,5.636694431304932,5.636694550514221,-2.1148794032317895e-06
50,14,two_opt,4,model_learned,5.636694431304932,5.636694550514221,-2.1148794032317895e-06
50,14,two_opt,8,original_order,5.636694431304932,5.636694550514221,-2.1148794032317895e-06
50,14,two_opt,8,exact_fixed_orientation,5.636694431304932,5.636694550514221,-2.1148794032317895e-06
50,14,two_opt,8,exact_reversible,5.636694431304932,5.636694550514221,-2.1148794032317895e-06
50,14,two_opt,8,greedy_pair,5.636694431304932,5.636694550514221,-2.1148794032317895e-06
50,14,two_opt,8,random_mean,5.636694431304932,9.249327474506572,-64.09134089543491
50,14,two_opt,8,random_best,5.636694431304932,7.857020689174533,-39.390573410160556
50,14,two_opt,8,model_route,5.636694431304932,5.636694550514221,-2.1148794032317895e-06
50,14,two_opt,8,model_learned,5.636694431304932,7.369084028527141,-30.734140697798114
50,14,two_opt,12,original_order,5.636694431304932,5.636694550514221,-2.1148794032317895e-06
50,14,two_opt,12,exact_fixed_orientation,5.636694431304932,5.636694550514221,-2.1148794032317895e-06
50,14,two_opt,12,exact_reversible,5.636694431304932,5.636694550514221,-2.1148794032317895e-06
50,14,two_opt,12,greedy_pair,5.636694431304932,5.636694550514221,-2.1148794032317895e-06
50,14,two_opt,12,random_mean,5.636694431304932,10.974704115884379,-94.70106548500027
50,14,two_opt,12,random_best,5.636694431304932,9.909177077934146,-75.79766295119366
50,14,two_opt,12,model_route,5.636694431304932,5.636694550514221,-2.1148794032317895e-06
50,14,two_opt,12,model_learned,5.636694431304932,5.636694550514221,-2.1148794032317895e-06
50,15,raw,4,original_order,5.516885280609131,5.516885459423065,-3.241211756834441e-06
50,15,raw,4,exact_fixed_orientation,5.516885280609131,5.516885459423065,-3.241211756834441e-06
50,15,raw,4,exact_reversible,5.516885280609131,5.516885459423065,-3.241211756834441e-06
50,15,raw,4,greedy_pair,5.516885280609131,5.516885459423065,-3.241211756834441e-06
50,15,raw,4,random_mean,5.516885280609131,7.269086073618382,-31.76068929995563
50,15,raw,4,random_best,5.516885280609131,5.516885459423065,-3.241211756834441e-06
50,15,raw,4,model_route,5.516885280609131,5.516885459423065,-3.241211756834441e-06
50,15,raw,4,model_learned,5.516885280609131,5.516885459423065,-3.241211756834441e-06
50,15,raw,8,original_order,5.516885280609131,5.516885459423065,-3.241211756834441e-06
50,15,raw,8,exact_fixed_orientation,5.516885280609131,5.516885459423065,-3.241211756834441e-06
50,15,raw,8,exact_reversible,5.516885280609131,5.516885459423065,-3.241211756834441e-06
50,15,raw,8,greedy_pair,5.516885280609131,5.516885459423065,-3.241211756834441e-06
50,15,raw,8,random_mean,5.516885280609131,8.004167260136455,-45.08489578838403
50,15,raw,8,random_best,5.516885280609131,6.990106895565987,-26.703865315723846
50,15,raw,8,model_route,5.516885280609131,5.516885459423065,-3.241211756834441e-06
50,15,raw,8,model_learned,5.516885280609131,5.516885459423065,-3.241211756834441e-06
50,15,raw,12,original_order,5.516885280609131,5.516885459423065,-3.241211756834441e-06
50,15,raw,12,exact_fixed_orientation,5.516885280609131,5.516885459423065,-3.241211756834441e-06
50,15,raw,12,exact_reversible,5.516885280609131,5.516885459423065,-3.241211756834441e-06
50,15,raw,12,greedy_pair,5.516885280609131,5.516885459423065,-3.241211756834441e-06
50,15,raw,12,random_mean,5.516885280609131,10.787689290009439,-95.53948906507527
50,15,raw,12,random_best,5.516885280609131,9.450104556977749,-71.29420091791981
50,15,raw,12,model_route,5.516885280609131,5.516885459423065,-3.241211756834441e-06
50,15,raw,12,model_learned,5.516885280609131,5.516885459423065,-3.241211756834441e-06
50,15,two_opt,4,original_order,5.511390209197998,5.5113902278244495,-3.379628512099135e-07
50,15,two_opt,4,exact_fixed_orientation,5.511390209197998,5.5113902278244495,-3.379628512099135e-07
50,15,two_opt,4,exact_reversible,5.511390209197998,5.5113902278244495,-3.379628512099135e-07
50,15,two_opt,4,greedy_pair,5.511390209197998,5.5113902278244495,-3.379628512099135e-07
50,15,two_opt,4,random_mean,5.511390209197998,7.263590842019767,-31.792353041842482
50,15,two_opt,4,random_best,5.511390209197998,5.5113902278244495,-3.379628512099135e-07
50,15,two_opt,4,model_route,5.511390209197998,5.5113902278244495,-3.379628512099135e-07
50,15,two_opt,4,model_learned,5.511390209197998,5.5113902278244495,-3.379628512099135e-07
50,15,two_opt,8,original_order,5.511390209197998,5.5113902278244495,-3.379628512099135e-07
50,15,two_opt,8,exact_fixed_orientation,5.511390209197998,5.5113902278244495,-3.379628512099135e-07
50,15,two_opt,8,exact_reversible,5.511390209197998,5.5113902278244495,-3.379628512099135e-07
50,15,two_opt,8,greedy_pair,5.511390209197998,5.5113902278244495,-3.379628512099135e-07
50,15,two_opt,8,random_mean,5.511390209197998,7.99867202853784,-45.129844284819455
50,15,two_opt,8,random_best,5.511390209197998,6.984611663967371,-26.73048720648927
50,15,two_opt,8,model_route,5.511390209197998,5.5113902278244495,-3.379628512099135e-07
50,15,two_opt,8,model_learned,5.511390209197998,5.5113902278244495,-3.379628512099135e-07
50,15,two_opt,12,original_order,5.511390209197998,5.5113902278244495,-3.379628512099135e-07
50,15,two_opt,12,exact_fixed_orientation,5.511390209197998,5.5113902278244495,-3.379628512099135e-07
50,15,two_opt,12,exact_reversible,5.511390209197998,5.5113902278244495,-3.379628512099135e-07
50,15,two_opt,12,greedy_pair,5.511390209197998,5.5113902278244495,-3.379628512099135e-07
50,15,two_opt,12,random_mean,5.511390209197998,10.783236495219171,-95.65365698881112
50,15,two_opt,12,random_best,5.511390209197998,9.446925472468138,-71.40730585002123
50,15,two_opt,12,model_route,5.511390209197998,5.5113902278244495,-3.379628512099135e-07
50,15,two_opt,12,model_learned,5.511390209197998,6.6565056219697,-20.77725164261842
50,16,raw,4,original_order,5.732720375061035,5.732720237225294,2.4043688166392263e-06
50,16,raw,4,exact_fixed_orientation,5.732720375061035,5.732720237225294,2.4043688166392263e-06
50,16,raw,4,exact_reversible,5.732720375061035,5.732720237225294,2.4043688166392263e-06
50,16,raw,4,greedy_pair,5.732720375061035,5.732720237225294,2.4043688166392263e-06
50,16,raw,4,random_mean,5.732720375061035,7.296025759540498,-27.269869838415396
50,16,raw,4,random_best,5.732720375061035,5.732720237225294,2.4043688166392263e-06
50,16,raw,4,model_route,5.732720375061035,5.732720237225294,2.4043688166392263e-06
50,16,raw,4,model_learned,5.732720375061035,5.732720237225294,2.4043688166392263e-06
50,16,raw,8,original_order,5.732720375061035,5.732720237225294,2.4043688166392263e-06
50,16,raw,8,exact_fixed_orientation,5.732720375061035,5.732720237225294,2.4043688166392263e-06
50,16,raw,8,exact_reversible,5.732720375061035,5.732720237225294,2.4043688166392263e-06
50,16,raw,8,greedy_pair,5.732720375061035,5.732720237225294,2.4043688166392263e-06
50,16,raw,8,random_mean,5.732720375061035,10.220080191269517,-78.27627239119796
50,16,raw,8,random_best,5.732720375061035,9.05592242628336,-57.96902402006557
50,16,raw,8,model_route,5.732720375061035,5.732720237225294,2.4043688166392263e-06
50,16,raw,8,model_learned,5.732720375061035,7.199058156460524,-25.578393597888972
50,16,raw,12,original_order,5.732720375061035,5.732720237225294,2.4043688166392263e-06
50,16,raw,12,exact_fixed_orientation,5.732720375061035,5.732720237225294,2.4043688166392263e-06
50,16,raw,12,exact_reversible,5.732720375061035,5.732720237225294,2.4043688166392263e-06
50,16,raw,12,greedy_pair,5.732720375061035,5.732720237225294,2.4043688166392263e-06
50,16,raw,12,random_mean,5.732720375061035,11.003927256446332,-91.94948534933862
50,16,raw,12,random_best,5.732720375061035,9.691167823970318,-69.05007029698598
50,16,raw,12,model_route,5.732720375061035,5.732720237225294,2.4043688166392263e-06
50,16,raw,12,model_learned,5.732720375061035,8.045829478651285,-40.3492400161873
50,16,two_opt,4,original_order,5.732720375061035,5.732720237225294,2.4043688166392263e-06
50,16,two_opt,4,exact_fixed_orientation,5.732720375061035,5.732720237225294,2.4043688166392263e-06
50,16,two_opt,4,exact_reversible,5.732720375061035,5.732720237225294,2.4043688166392263e-06
50,16,two_opt,4,greedy_pair,5.732720375061035,5.732720237225294,2.4043688166392263e-06
50,16,two_opt,4,random_mean,5.732720375061035,7.296025759540498,-27.269869838415396
50,16,two_opt,4,random_best,5.732720375061035,5.732720237225294,2.4043688166392263e-06
50,16,two_opt,4,model_route,5.732720375061035,5.732720237225294,2.4043688166392263e-06
50,16,two_opt,4,model_learned,5.732720375061035,5.732720237225294,2.4043688166392263e-06
50,16,two_opt,8,original_order,5.732720375061035,5.732720237225294,2.4043688166392263e-06
50,16,two_opt,8,exact_fixed_orientation,5.732720375061035,5.732720237225294,2.4043688166392263e-06
50,16,two_opt,8,exact_reversible,5.732720375061035,5.732720237225294,2.4043688166392263e-06
50,16,two_opt,8,greedy_pair,5.732720375061035,5.732720237225294,2.4043688166392263e-06
50,16,two_opt,8,random_mean,5.732720375061035,10.220080191269517,-78.27627239119796
50,16,two_opt,8,random_best,5.732720375061035,9.05592242628336,-57.96902402006557
50,16,two_opt,8,model_route,5.732720375061035,5.732720237225294,2.4043688166392263e-06
50,16,two_opt,8,model_learned,5.732720375061035,7.199058156460524,-25.578393597888972
50,16,two_opt,12,original_order,5.732720375061035,5.732720237225294,2.4043688166392263e-06
50,16,two_opt,12,exact_fixed_orientation,5.732720375061035,5.732720237225294,2.4043688166392263e-06
50,16,two_opt,12,exact_reversible,5.732720375061035,5.732720237225294,2.4043688166392263e-06
50,16,two_opt,12,greedy_pair,5.732720375061035,5.732720237225294,2.4043688166392263e-06
50,16,two_opt,12,random_mean,5.732720375061035,11.003927256446332,-91.94948534933862
50,16,two_opt,12,random_best,5.732720375061035,9.691167823970318,-69.05007029698598
50,16,two_opt,12,model_route,5.732720375061035,5.732720237225294,2.4043688166392263e-06
50,16,two_opt,12,model_learned,5.732720375061035,8.045829478651285,-40.3492400161873
50,17,raw,4,original_order,5.838487148284912,5.838486493565142,1.1213859914841278e-05
50,17,raw,4,exact_fixed_orientation,5.838487148284912,5.838486493565142,1.1213859914841278e-05
50,17,raw,4,exact_reversible,5.838487148284912,5.838486493565142,1.1213859914841278e-05
50,17,raw,4,greedy_pair,5.838487148284912,5.838486493565142,1.1213859914841278e-05
50,17,raw,4,random_mean,5.838487148284912,6.8702737940475345,-17.67215752227382
50,17,raw,4,random_best,5.838487148284912,5.838486493565142,1.1213859914841278e-05
50,17,raw,4,model_route,5.838487148284912,5.838486493565142,1.1213859914841278e-05
50,17,raw,4,model_learned,5.838487148284912,5.838486493565142,1.1213859914841278e-05
50,17,raw,8,original_order,5.838487148284912,5.838486493565142,1.1213859914841278e-05
50,17,raw,8,exact_fixed_orientation,5.838487148284912,5.838486493565142,1.1213859914841278e-05
50,17,raw,8,exact_reversible,5.838487148284912,5.838486493565142,1.1213859914841278e-05
50,17,raw,8,greedy_pair,5.838487148284912,5.838486493565142,1.1213859914841278e-05
50,17,raw,8,random_mean,5.838487148284912,8.998799547553062,-54.12896044819606
50,17,raw,8,random_best,5.838487148284912,8.157522757537663,-39.719803270167006
50,17,raw,8,model_route,5.838487148284912,6.483811189420521,-11.052932459141863
50,17,raw,8,model_learned,5.838487148284912,6.847232406027615,-17.277510973695087
50,17,raw,12,original_order,5.838487148284912,5.838486493565142,1.1213859914841278e-05
50,17,raw,12,exact_fixed_orientation,5.838487148284912,5.838486493565142,1.1213859914841278e-05
50,17,raw,12,exact_reversible,5.838487148284912,5.838486493565142,1.1213859914841278e-05
50,17,raw,12,greedy_pair,5.838487148284912,5.838486493565142,1.1213859914841278e-05
50,17,raw,12,random_mean,5.838487148284912,11.085941709578037,-89.87695661597189
50,17,raw,12,random_best,5.838487148284912,9.368241739459336,-60.456664569541935
50,17,raw,12,model_route,5.838487148284912,5.838486493565142,1.1213859914841278e-05
50,17,raw,12,model_learned,5.838487148284912,5.838486493565142,1.1213859914841278e-05
50,17,two_opt,4,original_order,5.838487148284912,5.838486493565142,1.1213859914841278e-05
50,17,two_opt,4,exact_fixed_orientation,5.838487148284912,5.838486493565142,1.1213859914841278e-05
50,17,two_opt,4,exact_reversible,5.838487148284912,5.838486493565142,1.1213859914841278e-05
50,17,two_opt,4,greedy_pair,5.838487148284912,5.838486493565142,1.1213859914841278e-05
50,17,two_opt,4,random_mean,5.838487148284912,6.8702737940475345,-17.67215752227382
50,17,two_opt,4,random_best,5.838487148284912,5.838486493565142,1.1213859914841278e-05
50,17,two_opt,4,model_route,5.838487148284912,5.838486493565142,1.1213859914841278e-05
50,17,two_opt,4,model_learned,5.838487148284912,5.838486493565142,1.1213859914841278e-05
50,17,two_opt,8,original_order,5.838487148284912,5.838486493565142,1.1213859914841278e-05
50,17,two_opt,8,exact_fixed_orientation,5.838487148284912,5.838486493565142,1.1213859914841278e-05
50,17,two_opt,8,exact_reversible,5.838487148284912,5.838486493565142,1.1213859914841278e-05
50,17,two_opt,8,greedy_pair,5.838487148284912,5.838486493565142,1.1213859914841278e-05
50,17,two_opt,8,random_mean,5.838487148284912,8.998799547553062,-54.12896044819606
50,17,two_opt,8,random_best,5.838487148284912,8.157522757537663,-39.719803270167006
50,17,two_opt,8,model_route,5.838487148284912,6.483811189420521,-11.052932459141863
50,17,two_opt,8,model_learned,5.838487148284912,6.847232406027615,-17.277510973695087
50,17,two_opt,12,original_order,5.838487148284912,5.838486493565142,1.1213859914841278e-05
50,17,two_opt,12,exact_fixed_orientation,5.838487148284912,5.838486493565142,1.1213859914841278e-05
50,17,two_opt,12,exact_reversible,5.838487148284912,5.838486493565142,1.1213859914841278e-05
50,17,two_opt,12,greedy_pair,5.838487148284912,5.838486493565142,1.1213859914841278e-05
50,17,two_opt,12,random_mean,5.838487148284912,11.085941709578037,-89.87695661597189
50,17,two_opt,12,random_best,5.838487148284912,9.368241739459336,-60.456664569541935
50,17,two_opt,12,model_route,5.838487148284912,5.838486493565142,1.1213859914841278e-05
50,17,two_opt,12,model_learned,5.838487148284912,5.838486493565142,1.1213859914841278e-05
50,18,raw,4,original_order,5.982608795166016,5.982609549537301,-1.2609403543953505e-05
50,18,raw,4,exact_fixed_orientation,5.982608795166016,5.982609549537301,-1.2609403543953505e-05
50,18,raw,4,exact_reversible,5.982608795166016,5.982609549537301,-1.2609403543953505e-05
50,18,raw,4,greedy_pair,5.982608795166016,5.982609549537301,-1.2609403543953505e-05
50,18,raw,4,random_mean,5.982608795166016,6.880530728958547,-15.008869283214004
50,18,raw,4,random_best,5.982608795166016,5.982609549537301,-1.2609403543953505e-05
50,18,raw,4,model_route,5.982608795166016,5.982609549537301,-1.2609403543953505e-05
50,18,raw,4,model_learned,5.982608795166016,5.982609549537301,-1.2609403543953505e-05
50,18,raw,8,original_order,5.982608795166016,5.982609549537301,-1.2609403543953505e-05
50,18,raw,8,exact_fixed_orientation,5.982608795166016,5.982609549537301,-1.2609403543953505e-05
50,18,raw,8,exact_reversible,5.982608795166016,5.982609549537301,-1.2609403543953505e-05
50,18,raw,8,greedy_pair,5.982608795166016,5.982609549537301,-1.2609403543953505e-05
50,18,raw,8,random_mean,5.982608795166016,9.508145097643137,-58.929748261757915
50,18,raw,8,random_best,5.982608795166016,8.598201414570212,-43.71993404478681
50,18,raw,8,model_route,5.982608795166016,6.793839359655976,-13.559812989033144
50,18,raw,8,model_learned,5.982608795166016,7.4232054483145475,-24.07974016807756
50,18,raw,12,original_order,5.982608795166016,5.982609549537301,-1.2609403543953505e-05
50,18,raw,12,exact_fixed_orientation,5.982608795166016,5.982609549537301,-1.2609403543953505e-05
50,18,raw,12,exact_reversible,5.982608795166016,5.982199100777507,0.0068480892288968025
50,18,raw,12,greedy_pair,5.982608795166016,5.982609549537301,-1.2609403543953505e-05
50,18,raw,12,random_mean,5.982608795166016,11.46372410748154,-91.61747826039199
50,18,raw,12,random_best,5.982608795166016,10.526991864666343,-75.9598901598282
50,18,raw,12,model_route,5.982608795166016,6.332647176459432,-5.850932148133255
50,18,raw,12,model_learned,5.982608795166016,5.982609549537301,-1.2609403543953505e-05
50,18,two_opt,4,original_order,5.982198715209961,5.982199100777507,-6.445248047519525e-06
50,18,two_opt,4,exact_fixed_orientation,5.982198715209961,5.982199100777507,-6.445248047519525e-06
50,18,two_opt,4,exact_reversible,5.982198715209961,5.982199100777507,-6.445248047519525e-06
50,18,two_opt,4,greedy_pair,5.982198715209961,5.982199100777507,-6.445248047519525e-06
50,18,two_opt,4,random_mean,5.982198715209961,6.880120280198753,-15.009891976770902
50,18,two_opt,4,random_best,5.982198715209961,5.982199100777507,-6.445248047519525e-06
50,18,two_opt,4,model_route,5.982198715209961,5.982199100777507,-6.445248047519525e-06
50,18,two_opt,4,model_learned,5.982198715209961,5.982199100777507,-6.445248047519525e-06
50,18,two_opt,8,original_order,5.982198715209961,5.982199100777507,-6.445248047519525e-06
50,18,two_opt,8,exact_fixed_orientation,5.982198715209961,5.982199100777507,-6.445248047519525e-06
50,18,two_opt,8,exact_reversible,5.982198715209961,5.982199100777507,-6.445248047519525e-06
50,18,two_opt,8,greedy_pair,5.982198715209961,5.982199100777507,-6.445248047519525e-06
50,18,two_opt,8,random_mean,5.982198715209961,9.507734648883343,-58.93378173328774
50,18,two_opt,8,random_best,5.982198715209961,8.597790965810418,-43.72292488295679
50,18,two_opt,8,model_route,5.982198715209961,6.793428910896182,-13.560736349724365
50,18,two_opt,8,model_learned,5.982198715209961,7.422794999554753,-24.081384670188623
50,18,two_opt,12,original_order,5.982198715209961,5.982199100777507,-6.445248047519525e-06
50,18,two_opt,12,exact_fixed_orientation,5.982198715209961,5.982199100777507,-6.445248047519525e-06
50,18,two_opt,12,exact_reversible,5.982198715209961,5.982199100777507,-6.445248047519525e-06
50,18,two_opt,12,greedy_pair,5.982198715209961,5.982199100777507,-6.445248047519525e-06
50,18,two_opt,12,random_mean,5.982198715209961,11.471420555841178,-91.75926949191219
50,18,two_opt,12,random_best,5.982198715209961,10.566950162872672,-76.63990559199934
50,18,two_opt,12,model_route,5.982198715209961,6.332236727699637,-5.8513270647411275
50,18,two_opt,12,model_learned,5.982198715209961,7.8531400468200445,-31.27514515445878
50,19,raw,4,original_order,5.8092498779296875,5.809250297490507,-7.2222890851752625e-06
50,19,raw,4,exact_fixed_orientation,5.8092498779296875,5.809250297490507,-7.2222890851752625e-06
50,19,raw,4,exact_reversible,5.8092498779296875,5.809250297490507,-7.2222890851752625e-06
50,19,raw,4,greedy_pair,5.8092498779296875,5.809250297490507,-7.2222890851752625e-06
50,19,raw,4,random_mean,5.8092498779296875,6.838125957641751,-17.710997139595175
50,19,raw,4,random_best,5.8092498779296875,5.809250297490507,-7.2222890851752625e-06
50,19,raw,4,model_route,5.8092498779296875,5.809250297490507,-7.2222890851752625e-06
50,19,raw,4,model_learned,5.8092498779296875,5.809250297490507,-7.2222890851752625e-06
50,19,raw,8,original_order,5.8092498779296875,5.809250297490507,-7.2222890851752625e-06
50,19,raw,8,exact_fixed_orientation,5.8092498779296875,5.809250297490507,-7.2222890851752625e-06
50,19,raw,8,exact_reversible,5.8092498779296875,5.809250297490507,-7.2222890851752625e-06
50,19,raw,8,greedy_pair,5.8092498779296875,5.809250297490507,-7.2222890851752625e-06
50,19,raw,8,random_mean,5.8092498779296875,10.03282993286848,-72.70439632808498
50,19,raw,8,random_best,5.8092498779296875,8.834902300033718,-52.08335819051253
50,19,raw,8,model_route,5.8092498779296875,7.597338816616684,-30.78003143710939
50,19,raw,8,model_learned,5.8092498779296875,6.881749017629772,-18.461921284789085
50,19,raw,12,original_order,5.8092498779296875,5.809250297490507,-7.2222890851752625e-06
50,19,raw,12,exact_fixed_orientation,5.8092498779296875,5.809250297490507,-7.2222890851752625e-06
50,19,raw,12,exact_reversible,5.8092498779296875,5.809250297490507,-7.2222890851752625e-06
50,19,raw,12,greedy_pair,5.8092498779296875,5.809250297490507,-7.2222890851752625e-06
50,19,raw,12,random_mean,5.8092498779296875,10.932777371257544,-88.19602532149624
50,19,raw,12,random_best,5.8092498779296875,9.284472460392863,-59.822225855116464
50,19,raw,12,model_route,5.8092498779296875,5.809250297490507,-7.2222890851752625e-06
50,19,raw,12,model_learned,5.8092498779296875,5.809250297490507,-7.2222890851752625e-06
50,19,two_opt,4,original_order,5.808957576751709,5.80895775789395,-3.118326108761202e-06
50,19,two_opt,4,exact_fixed_orientation,5.808957576751709,5.80895775789395,-3.118326108761202e-06
50,19,two_opt,4,exact_reversible,5.808957576751709,5.80895775789395,-3.118326108761202e-06
50,19,two_opt,4,greedy_pair,5.808957576751709,5.80895775789395,-3.118326108761202e-06
50,19,two_opt,4,random_mean,5.808957576751709,6.837833418045193,-17.711884235670688
50,19,two_opt,4,random_best,5.808957576751709,5.80895775789395,-3.118326108761202e-06
50,19,two_opt,4,model_route,5.808957576751709,5.80895775789395,-3.118326108761202e-06
50,19,two_opt,4,model_learned,5.808957576751709,5.80895775789395,-3.118326108761202e-06
50,19,two_opt,8,original_order,5.808957576751709,5.80895775789395,-3.118326108761202e-06
50,19,two_opt,8,exact_fixed_orientation,5.808957576751709,5.80895775789395,-3.118326108761202e-06
50,19,two_opt,8,exact_reversible,5.808957576751709,5.80895775789395,-3.118326108761202e-06
50,19,two_opt,8,greedy_pair,5.808957576751709,5.80895775789395,-3.118326108761202e-06
50,19,two_opt,8,random_mean,5.808957576751709,10.037055313587189,-72.78582570058595
50,19,two_opt,8,random_best,5.808957576751709,8.838809622917324,-52.158274632466295
50,19,two_opt,8,model_route,5.808957576751709,7.583685270044953,-30.551569190244415
50,19,two_opt,8,model_learned,5.808957576751709,7.232108934316784,-24.499255481925594
50,19,two_opt,12,original_order,5.808957576751709,5.80895775789395,-3.118326108761202e-06
50,19,two_opt,12,exact_fixed_orientation,5.808957576751709,5.80895775789395,-3.118326108761202e-06
50,19,two_opt,12,exact_reversible,5.808957576751709,5.80895775789395,-3.118326108761202e-06
50,19,two_opt,12,greedy_pair,5.808957576751709,5.80895775789395,-3.118326108761202e-06
50,19,two_opt,12,random_mean,5.808957576751709,10.932484831660986,-88.20045915663727
50,19,two_opt,12,random_best,5.808957576751709,9.284179920796305,-59.825231947861695
50,19,two_opt,12,model_route,5.808957576751709,5.80895775789395,-3.118326108761202e-06
50,19,two_opt,12,model_learned,5.808957576751709,5.80895775789395,-3.118326108761202e-06
50,20,raw,4,original_order,5.6158576011657715,5.615857636556029,-6.301843876533065e-07
50,20,raw,4,exact_fixed_orientation,5.6158576011657715,5.615857636556029,-6.301843876533065e-07
50,20,raw,4,exact_reversible,5.6158576011657715,5.615857636556029,-6.301843876533065e-07
50,20,raw,4,greedy_pair,5.6158576011657715,5.615857636556029,-6.301843876533065e-07
50,20,raw,4,random_mean,5.6158576011657715,6.7821490205824375,-20.767823941521605
50,20,raw,4,random_best,5.6158576011657715,6.594591809436679,-17.42804532771159
50,20,raw,4,model_route,5.6158576011657715,5.615857636556029,-6.301843876533065e-07
50,20,raw,4,model_learned,5.6158576011657715,5.615857636556029,-6.301843876533065e-07
50,20,raw,8,original_order,5.6158576011657715,5.615857636556029,-6.301843876533065e-07
50,20,raw,8,exact_fixed_orientation,5.6158576011657715,5.615857636556029,-6.301843876533065e-07
50,20,raw,8,exact_reversible,5.6158576011657715,5.615857636556029,-6.301843876533065e-07
50,20,raw,8,greedy_pair,5.6158576011657715,5.615857636556029,-6.301843876533065e-07
50,20,raw,8,random_mean,5.6158576011657715,8.568050662986934,-52.56887320661994
50,20,raw,8,random_best,5.6158576011657715,6.820577381178737,-21.452106972279402
50,20,raw,8,model_route,5.6158576011657715,5.615857636556029,-6.301843876533065e-07
50,20,raw,8,model_learned,5.6158576011657715,5.615857636556029,-6.301843876533065e-07
50,20,raw,12,original_order,5.6158576011657715,5.615857636556029,-6.301843876533065e-07
50,20,raw,12,exact_fixed_orientation,5.6158576011657715,5.615857636556029,-6.301843876533065e-07
50,20,raw,12,exact_reversible,5.6158576011657715,5.615857636556029,-6.301843876533065e-07
50,20,raw,12,greedy_pair,5.6158576011657715,5.615857636556029,-6.301843876533065e-07
50,20,raw,12,random_mean,5.6158576011657715,10.664052143227309,-89.89178324275183
50,20,raw,12,random_best,5.6158576011657715,10.350034844130278,-84.30016533862538
50,20,raw,12,model_route,5.6158576011657715,5.615857636556029,-6.301843876533065e-07
50,20,raw,12,model_learned,5.6158576011657715,6.423865363001823,-14.387967416914579
50,20,two_opt,4,original_order,5.608240127563477,5.6082404386252165,-5.546512503855856e-06
50,20,two_opt,4,exact_fixed_orientation,5.608240127563477,5.6082404386252165,-5.546512503855856e-06
50,20,two_opt,4,exact_reversible,5.608240127563477,5.6082404386252165,-5.546512503855856e-06
50,20,two_opt,4,greedy_pair,5.608240127563477,5.6082404386252165,-5.546512503855856e-06
50,20,two_opt,4,random_mean,5.608240127563477,6.774531822651625,-20.79603705547552
50,20,two_opt,4,random_best,5.608240127563477,6.586974611505866,-17.451722138859356
50,20,two_opt,4,model_route,5.608240127563477,5.6082404386252165,-5.546512503855856e-06
50,20,two_opt,4,model_learned,5.608240127563477,5.6082404386252165,-5.546512503855856e-06
50,20,two_opt,8,original_order,5.608240127563477,5.6082404386252165,-5.546512503855856e-06
50,20,two_opt,8,exact_fixed_orientation,5.608240127563477,5.6082404386252165,-5.546512503855856e-06
50,20,two_opt,8,exact_reversible,5.608240127563477,5.6082404386252165,-5.546512503855856e-06
50,20,two_opt,8,greedy_pair,5.608240127563477,5.6082404386252165,-5.546512503855856e-06
50,20,two_opt,8,random_mean,5.608240127563477,8.553671170957386,-52.519702730231785
50,20,two_opt,8,random_best,5.608240127563477,6.812960183247924,-21.481249523597754
50,20,two_opt,8,model_route,5.608240127563477,5.6082404386252165,-5.546512503855856e-06
50,20,two_opt,8,model_learned,5.608240127563477,5.6082404386252165,-5.546512503855856e-06
50,20,two_opt,12,original_order,5.608240127563477,5.6082404386252165,-5.546512503855856e-06
50,20,two_opt,12,exact_fixed_orientation,5.608240127563477,5.6082404386252165,-5.546512503855856e-06
50,20,two_opt,12,exact_reversible,5.608240127563477,5.6082404386252165,-5.546512503855856e-06
50,20,two_opt,12,greedy_pair,5.608240127563477,5.6082404386252165,-5.546512503855856e-06
50,20,two_opt,12,random_mean,5.608240127563477,10.666855541523546,-90.19969364538971
50,20,two_opt,12,random_best,5.608240127563477,10.342695508152246,-84.41962670820362
50,20,two_opt,12,model_route,5.608240127563477,5.6082404386252165,-5.546512503855856e-06
50,20,two_opt,12,model_learned,5.608240127563477,6.205605110153556,-10.651558581704435
50,21,raw,4,original_order,5.497608661651611,5.497608724050224,-1.1350137185008554e-06
50,21,raw,4,exact_fixed_orientation,5.497608661651611,5.497608724050224,-1.1350137185008554e-06
50,21,raw,4,exact_reversible,5.497608661651611,5.497608724050224,-1.1350137185008554e-06
50,21,raw,4,greedy_pair,5.497608661651611,5.497608724050224,-1.1350137185008554e-06
50,21,raw,4,random_mean,5.497608661651611,7.084213187918067,-28.859902985342764
50,21,raw,4,random_best,5.497608661651611,6.6721709026023746,-21.364966356079208
50,21,raw,4,model_route,5.497608661651611,5.497608724050224,-1.1350137185008554e-06
50,21,raw,4,model_learned,5.497608661651611,5.497608724050224,-1.1350137185008554e-06
50,21,raw,8,original_order,5.497608661651611,5.497608724050224,-1.1350137185008554e-06
50,21,raw,8,exact_fixed_orientation,5.497608661651611,5.497608724050224,-1.1350137185008554e-06
50,21,raw,8,exact_reversible,5.497608661651611,5.497608724050224,-1.1350137185008554e-06
50,21,raw,8,greedy_pair,5.497608661651611,5.497608724050224,-1.1350137185008554e-06
50,21,raw,8,random_mean,5.497608661651611,8.432139489334077,-53.37831425056113
50,21,raw,8,random_best,5.497608661651611,7.435426170937717,-35.24837122007771
50,21,raw,8,model_route,5.497608661651611,5.497608724050224,-1.1350137185008554e-06
50,21,raw,8,model_learned,5.497608661651611,6.0173042407259345,-9.453120639514461
50,21,raw,12,original_order,5.497608661651611,5.497608724050224,-1.1350137185008554e-06
50,21,raw,12,exact_fixed_orientation,5.497608661651611,5.497608724050224,-1.1350137185008554e-06
50,21,raw,12,exact_reversible,5.497608661651611,5.497608724050224,-1.1350137185008554e-06
50,21,raw,12,greedy_pair,5.497608661651611,5.497608724050224,-1.1350137185008554e-06
50,21,raw,12,random_mean,5.497608661651611,9.567357922904193,-74.02762749631461
50,21,raw,12,random_best,5.497608661651611,8.122798142023385,-47.751479633021106
50,21,raw,12,model_route,5.497608661651611,6.6851325100287795,-21.600734454976795
50,21,raw,12,model_learned,5.497608661651611,6.228147852234542,-13.288308345386298
50,21,two_opt,4,original_order,5.497608661651611,5.497608724050224,-1.1350137185008554e-06
50,21,two_opt,4,exact_fixed_orientation,5.497608661651611,5.497608724050224,-1.1350137185008554e-06
50,21,two_opt,4,exact_reversible,5.497608661651611,5.497608724050224,-1.1350137185008554e-06
50,21,two_opt,4,greedy_pair,5.497608661651611,5.497608724050224,-1.1350137185008554e-06
50,21,two_opt,4,random_mean,5.497608661651611,7.084213187918067,-28.859902985342764
50,21,two_opt,4,random_best,5.497608661651611,6.6721709026023746,-21.364966356079208
50,21,two_opt,4,model_route,5.497608661651611,5.497608724050224,-1.1350137185008554e-06
50,21,two_opt,4,model_learned,5.497608661651611,5.497608724050224,-1.1350137185008554e-06
50,21,two_opt,8,original_order,5.497608661651611,5.497608724050224,-1.1350137185008554e-06
50,21,two_opt,8,exact_fixed_orientation,5.497608661651611,5.497608724050224,-1.1350137185008554e-06
50,21,two_opt,8,exact_reversible,5.497608661651611,5.497608724050224,-1.1350137185008554e-06
50,21,two_opt,8,greedy_pair,5.497608661651611,5.497608724050224,-1.1350137185008554e-06
50,21,two_opt,8,random_mean,5.497608661651611,8.432139489334077,-53.37831425056113
50,21,two_opt,8,random_best,5.497608661651611,7.435426170937717,-35.24837122007771
50,21,two_opt,8,model_route,5.497608661651611,5.497608724050224,-1.1350137185008554e-06
50,21,two_opt,8,model_learned,5.497608661651611,6.0173042407259345,-9.453120639514461
50,21,two_opt,12,original_order,5.497608661651611,5.497608724050224,-1.1350137185008554e-06
50,21,two_opt,12,exact_fixed_orientation,5.497608661651611,5.497608724050224,-1.1350137185008554e-06
50,21,two_opt,12,exact_reversible,5.497608661651611,5.497608724050224,-1.1350137185008554e-06
50,21,two_opt,12,greedy_pair,5.497608661651611,5.497608724050224,-1.1350137185008554e-06
50,21,two_opt,12,random_mean,5.497608661651611,9.567357922904193,-74.02762749631461
50,21,two_opt,12,random_best,5.497608661651611,8.122798142023385,-47.751479633021106
50,21,two_opt,12,model_route,5.497608661651611,6.6851325100287795,-21.600734454976795
50,21,two_opt,12,model_learned,5.497608661651611,6.228147852234542,-13.288308345386298
50,22,raw,4,original_order,6.134776592254639,6.134776680730283,-1.4421983141191144e-06
50,22,raw,4,exact_fixed_orientation,6.134776592254639,6.134776680730283,-1.4421983141191144e-06
50,22,raw,4,exact_reversible,6.134776592254639,6.134776680730283,-1.4421983141191144e-06
50,22,raw,4,greedy_pair,6.134776592254639,6.134776680730283,-1.4421983141191144e-06
50,22,raw,4,random_mean,6.134776592254639,7.447519287467003,-21.398378171908426
50,22,raw,4,random_best,6.134776592254639,6.134776680730283,-1.4421983141191144e-06
50,22,raw,4,model_route,6.134776592254639,6.134776680730283,-1.4421983141191144e-06
50,22,raw,4,model_learned,6.134776592254639,6.134776680730283,-1.4421983141191144e-06
50,22,raw,8,original_order,6.134776592254639,6.134776680730283,-1.4421983141191144e-06
50,22,raw,8,exact_fixed_orientation,6.134776592254639,6.134776680730283,-1.4421983141191144e-06
50,22,raw,8,exact_reversible,6.134776592254639,6.134776680730283,-1.4421983141191144e-06
50,22,raw,8,greedy_pair,6.134776592254639,6.134776680730283,-1.4421983141191144e-06
50,22,raw,8,random_mean,6.134776592254639,9.55649233283475,-55.775718791457585
50,22,raw,8,random_best,6.134776592254639,8.90565167274326,-45.166682744192265
50,22,raw,8,model_route,6.134776592254639,6.134776680730283,-1.4421983141191144e-06
50,22,raw,8,model_learned,6.134776592254639,6.134776680730283,-1.4421983141191144e-06
50,22,raw,12,original_order,6.134776592254639,6.134776680730283,-1.4421983141191144e-06
50,22,raw,12,exact_fixed_orientation,6.134776592254639,6.134776680730283,-1.4421983141191144e-06
50,22,raw,12,exact_reversible,6.134776592254639,6.134776680730283,-1.4421983141191144e-06
50,22,raw,12,greedy_pair,6.134776592254639,6.134776680730283,-1.4421983141191144e-06
50,22,raw,12,random_mean,6.134776592254639,12.37997732218355,-101.79996999098037
50,22,raw,12,random_best,6.134776592254639,10.616604239679873,-73.05608574375296
50,22,raw,12,model_route,6.134776592254639,6.134776680730283,-1.4421983141191144e-06
50,22,raw,12,model_learned,6.134776592254639,6.134776680730283,-1.4421983141191144e-06
50,22,two_opt,4,original_order,6.134776592254639,6.134776680730283,-1.4421983141191144e-06
50,22,two_opt,4,exact_fixed_orientation,6.134776592254639,6.134776680730283,-1.4421983141191144e-06
50,22,two_opt,4,exact_reversible,6.134776592254639,6.134776680730283,-1.4421983141191144e-06
50,22,two_opt,4,greedy_pair,6.134776592254639,6.134776680730283,-1.4421983141191144e-06
50,22,two_opt,4,random_mean,6.134776592254639,7.447519287467003,-21.398378171908426
50,22,two_opt,4,random_best,6.134776592254639,6.134776680730283,-1.4421983141191144e-06
50,22,two_opt,4,model_route,6.134776592254639,6.134776680730283,-1.4421983141191144e-06
50,22,two_opt,4,model_learned,6.134776592254639,6.134776680730283,-1.4421983141191144e-06
50,22,two_opt,8,original_order,6.134776592254639,6.134776680730283,-1.4421983141191144e-06
50,22,two_opt,8,exact_fixed_orientation,6.134776592254639,6.134776680730283,-1.4421983141191144e-06
50,22,two_opt,8,exact_reversible,6.134776592254639,6.134776680730283,-1.4421983141191144e-06
50,22,two_opt,8,greedy_pair,6.134776592254639,6.134776680730283,-1.4421983141191144e-06
50,22,two_opt,8,random_mean,6.134776592254639,9.55649233283475,-55.775718791457585
50,22,two_opt,8,random_best,6.134776592254639,8.90565167274326,-45.166682744192265
50,22,two_opt,8,model_route,6.134776592254639,6.134776680730283,-1.4421983141191144e-06
50,22,two_opt,8,model_learned,6.134776592254639,6.134776680730283,-1.4421983141191144e-06
50,22,two_opt,12,original_order,6.134776592254639,6.134776680730283,-1.4421983141191144e-06
50,22,two_opt,12,exact_fixed_orientation,6.134776592254639,6.134776680730283,-1.4421983141191144e-06
50,22,two_opt,12,exact_reversible,6.134776592254639,6.134776680730283,-1.4421983141191144e-06
50,22,two_opt,12,greedy_pair,6.134776592254639,6.134776680730283,-1.4421983141191144e-06
50,22,two_opt,12,random_mean,6.134776592254639,12.37997732218355,-101.79996999098037
50,22,two_opt,12,random_best,6.134776592254639,10.616604239679873,-73.05608574375296
50,22,two_opt,12,model_route,6.134776592254639,6.134776680730283,-1.4421983141191144e-06
50,22,two_opt,12,model_learned,6.134776592254639,6.134776680730283,-1.4421983141191144e-06
50,23,raw,4,original_order,5.543600559234619,5.543600630946457,-1.293596778467978e-06
50,23,raw,4,exact_fixed_orientation,5.543600559234619,5.543600630946457,-1.293596778467978e-06
50,23,raw,4,exact_reversible,5.543600559234619,5.543600630946457,-1.293596778467978e-06
50,23,raw,4,greedy_pair,5.543600559234619,5.543600630946457,-1.293596778467978e-06
50,23,raw,4,random_mean,5.543600559234619,6.760035106912255,-21.94304107375269
50,23,raw,4,random_best,5.543600559234619,5.543600630946457,-1.293596778467978e-06
50,23,raw,4,model_route,5.543600559234619,5.543600630946457,-1.293596778467978e-06
50,23,raw,4,model_learned,5.543600559234619,5.543600630946457,-1.293596778467978e-06
50,23,raw,8,original_order,5.543600559234619,5.543600630946457,-1.293596778467978e-06
50,23,raw,8,exact_fixed_orientation,5.543600559234619,5.543600630946457,-1.293596778467978e-06
50,23,raw,8,exact_reversible,5.543600559234619,5.543600630946457,-1.293596778467978e-06
50,23,raw,8,greedy_pair,5.543600559234619,5.543600630946457,-1.293596778467978e-06
50,23,raw,8,random_mean,5.543600559234619,9.027161561651155,-62.839321938763504
50,23,raw,8,random_best,5.543600559234619,8.088400456123054,-45.905181473605026
50,23,raw,8,model_route,5.543600559234619,5.543600630946457,-1.293596778467978e-06
50,23,raw,8,model_learned,5.543600559234619,5.543600630946457,-1.293596778467978e-06
50,23,raw,12,original_order,5.543600559234619,5.543600630946457,-1.293596778467978e-06
50,23,raw,12,exact_fixed_orientation,5.543600559234619,5.543600630946457,-1.293596778467978e-06
50,23,raw,12,exact_reversible,5.543600559234619,5.543600630946457,-1.293596778467978e-06
50,23,raw,12,greedy_pair,5.543600559234619,5.543600630946457,-1.293596778467978e-06
50,23,raw,12,random_mean,5.543600559234619,10.651287623448297,-92.13663592167028
50,23,raw,12,random_best,5.543600559234619,9.552209134213626,-72.31055939449682
50,23,raw,12,model_route,5.543600559234619,5.543600630946457,-1.293596778467978e-06
50,23,raw,12,model_learned,5.543600559234619,5.543600630946457,-1.293596778467978e-06
50,23,two_opt,4,original_order,5.543600559234619,5.543600630946457,-1.293596778467978e-06
50,23,two_opt,4,exact_fixed_orientation,5.543600559234619,5.543600630946457,-1.293596778467978e-06
50,23,two_opt,4,exact_reversible,5.543600559234619,5.543600630946457,-1.293596778467978e-06
50,23,two_opt,4,greedy_pair,5.543600559234619,5.543600630946457,-1.293596778467978e-06
50,23,two_opt,4,random_mean,5.543600559234619,6.760035106912255,-21.94304107375269
50,23,two_opt,4,random_best,5.543600559234619,5.543600630946457,-1.293596778467978e-06
50,23,two_opt,4,model_route,5.543600559234619,5.543600630946457,-1.293596778467978e-06
50,23,two_opt,4,model_learned,5.543600559234619,5.543600630946457,-1.293596778467978e-06
50,23,two_opt,8,original_order,5.543600559234619,5.543600630946457,-1.293596778467978e-06
50,23,two_opt,8,exact_fixed_orientation,5.543600559234619,5.543600630946457,-1.293596778467978e-06
50,23,two_opt,8,exact_reversible,5.543600559234619,5.543600630946457,-1.293596778467978e-06
50,23,two_opt,8,greedy_pair,5.543600559234619,5.543600630946457,-1.293596778467978e-06
50,23,two_opt,8,random_mean,5.543600559234619,9.027161561651155,-62.839321938763504
50,23,two_opt,8,random_best,5.543600559234619,8.088400456123054,-45.905181473605026
50,23,two_opt,8,model_route,5.543600559234619,5.543600630946457,-1.293596778467978e-06
50,23,two_opt,8,model_learned,5.543600559234619,5.543600630946457,-1.293596778467978e-06
50,23,two_opt,12,original_order,5.543600559234619,5.543600630946457,-1.293596778467978e-06
50,23,two_opt,12,exact_fixed_orientation,5.543600559234619,5.543600630946457,-1.293596778467978e-06
50,23,two_opt,12,exact_reversible,5.543600559234619,5.543600630946457,-1.293596778467978e-06
50,23,two_opt,12,greedy_pair,5.543600559234619,5.543600630946457,-1.293596778467978e-06
50,23,two_opt,12,random_mean,5.543600559234619,10.651287623448297,-92.13663592167028
50,23,two_opt,12,random_best,5.543600559234619,9.552209134213626,-72.31055939449682
50,23,two_opt,12,model_route,5.543600559234619,5.543600630946457,-1.293596778467978e-06
50,23,two_opt,12,model_learned,5.543600559234619,5.543600630946457,-1.293596778467978e-06
50,24,raw,4,original_order,5.810262203216553,5.810261653736234,9.457065788165994e-06
50,24,raw,4,exact_fixed_orientation,5.810262203216553,5.810261653736234,9.457065788165994e-06
50,24,raw,4,exact_reversible,5.810262203216553,5.810261653736234,9.457065788165994e-06
50,24,raw,4,greedy_pair,5.810262203216553,5.810261653736234,9.457065788165994e-06
50,24,raw,4,random_mean,5.810262203216553,7.353141017258167,-26.55437500200041
50,24,raw,4,random_best,5.810262203216553,5.810261653736234,9.457065788165994e-06
50,24,raw,4,model_route,5.810262203216553,5.810261653736234,9.457065788165994e-06
50,24,raw,4,model_learned,5.810262203216553,5.810261653736234,9.457065788165994e-06
50,24,raw,8,original_order,5.810262203216553,5.810261653736234,9.457065788165994e-06
50,24,raw,8,exact_fixed_orientation,5.810262203216553,5.810261653736234,9.457065788165994e-06
50,24,raw,8,exact_reversible,5.810262203216553,5.810261653736234,9.457065788165994e-06
50,24,raw,8,greedy_pair,5.810262203216553,5.810261653736234,9.457065788165994e-06
50,24,raw,8,random_mean,5.810262203216553,8.63888101466,-48.68315254133503
50,24,raw,8,random_best,5.810262203216553,8.139689406380057,-40.09160209454811
50,24,raw,8,model_route,5.810262203216553,5.810261653736234,9.457065788165994e-06
50,24,raw,8,model_learned,5.810262203216553,5.810261653736234,9.457065788165994e-06
50,24,raw,12,original_order,5.810262203216553,5.810261653736234,9.457065788165994e-06
50,24,raw,12,exact_fixed_orientation,5.810262203216553,5.810261653736234,9.457065788165994e-06
50,24,raw,12,exact_reversible,5.810262203216553,5.810261653736234,9.457065788165994e-06
50,24,raw,12,greedy_pair,5.810262203216553,5.810261653736234,9.457065788165994e-06
50,24,raw,12,random_mean,5.810262203216553,10.828111029230058,-86.36183102434916
50,24,raw,12,random_best,5.810262203216553,9.101606572046876,-56.64708843962738
50,24,raw,12,model_route,5.810262203216553,6.616129627451301,-13.869725600139368
50,24,raw,12,model_learned,5.810262203216553,5.810261653736234,9.457065788165994e-06
50,24,two_opt,4,original_order,5.810262203216553,5.810261653736234,9.457065788165994e-06
50,24,two_opt,4,exact_fixed_orientation,5.810262203216553,5.810261653736234,9.457065788165994e-06
50,24,two_opt,4,exact_reversible,5.810262203216553,5.810261653736234,9.457065788165994e-06
50,24,two_opt,4,greedy_pair,5.810262203216553,5.810261653736234,9.457065788165994e-06
50,24,two_opt,4,random_mean,5.810262203216553,7.353141017258167,-26.55437500200041
50,24,two_opt,4,random_best,5.810262203216553,5.810261653736234,9.457065788165994e-06
50,24,two_opt,4,model_route,5.810262203216553,5.810261653736234,9.457065788165994e-06
50,24,two_opt,4,model_learned,5.810262203216553,5.810261653736234,9.457065788165994e-06
50,24,two_opt,8,original_order,5.810262203216553,5.810261653736234,9.457065788165994e-06
50,24,two_opt,8,exact_fixed_orientation,5.810262203216553,5.810261653736234,9.457065788165994e-06
50,24,two_opt,8,exact_reversible,5.810262203216553,5.810261653736234,9.457065788165994e-06
50,24,two_opt,8,greedy_pair,5.810262203216553,5.810261653736234,9.457065788165994e-06
50,24,two_opt,8,random_mean,5.810262203216553,8.63888101466,-48.68315254133503
50,24,two_opt,8,random_best,5.810262203216553,8.139689406380057,-40.09160209454811
50,24,two_opt,8,model_route,5.810262203216553,5.810261653736234,9.457065788165994e-06
50,24,two_opt,8,model_learned,5.810262203216553,5.810261653736234,9.457065788165994e-06
50,24,two_opt,12,original_order,5.810262203216553,5.810261653736234,9.457065788165994e-06
50,24,two_opt,12,exact_fixed_orientation,5.810262203216553,5.810261653736234,9.457065788165994e-06
50,24,two_opt,12,exact_reversible,5.810262203216553,5.810261653736234,9.457065788165994e-06
50,24,two_opt,12,greedy_pair,5.810262203216553,5.810261653736234,9.457065788165994e-06
50,24,two_opt,12,random_mean,5.810262203216553,10.828111029230058,-86.36183102434916
50,24,two_opt,12,random_best,5.810262203216553,9.101606572046876,-56.64708843962738
50,24,two_opt,12,model_route,5.810262203216553,6.616129627451301,-13.869725600139368
50,24,two_opt,12,model_learned,5.810262203216553,5.810261653736234,9.457065788165994e-06
50,25,raw,4,original_order,5.653147220611572,5.653147192671895,4.94232259450016e-07
50,25,raw,4,exact_fixed_orientation,5.653147220611572,5.653147192671895,4.94232259450016e-07
50,25,raw,4,exact_reversible,5.653147220611572,5.653147192671895,4.94232259450016e-07
50,25,raw,4,greedy_pair,5.653147220611572,5.653147192671895,4.94232259450016e-07
50,25,raw,4,random_mean,5.653147220611572,7.879947250708938,-39.39044824409268
50,25,raw,4,random_best,5.653147220611572,5.653147192671895,4.94232259450016e-07
50,25,raw,4,model_route,5.653147220611572,5.653147192671895,4.94232259450016e-07
50,25,raw,4,model_learned,5.653147220611572,5.653147192671895,4.94232259450016e-07
50,25,raw,8,original_order,5.653147220611572,5.653147192671895,4.94232259450016e-07
50,25,raw,8,exact_fixed_orientation,5.653147220611572,5.653147192671895,4.94232259450016e-07
50,25,raw,8,exact_reversible,5.653147220611572,5.653147192671895,4.94232259450016e-07
50,25,raw,8,greedy_pair,5.653147220611572,5.653147192671895,4.94232259450016e-07
50,25,raw,8,random_mean,5.653147220611572,8.874298471026123,-56.97978709399466
50,25,raw,8,random_best,5.653147220611572,8.076283352449536,-42.863488907614595
50,25,raw,8,model_route,5.653147220611572,5.653147192671895,4.94232259450016e-07
50,25,raw,8,model_learned,5.653147220611572,5.653147192671895,4.94232259450016e-07
50,25,raw,12,original_order,5.653147220611572,5.653147192671895,4.94232259450016e-07
50,25,raw,12,exact_fixed_orientation,5.653147220611572,5.653147192671895,4.94232259450016e-07
50,25,raw,12,exact_reversible,5.653147220611572,5.653147192671895,4.94232259450016e-07
50,25,raw,12,greedy_pair,5.653147220611572,5.653147192671895,4.94232259450016e-07
50,25,raw,12,random_mean,5.653147220611572,10.844068470643833,-91.82356389209149
50,25,raw,12,random_best,5.653147220611572,9.766769152134657,-72.76693443476361
50,25,raw,12,model_route,5.653147220611572,5.653147192671895,4.94232259450016e-07
50,25,raw,12,model_learned,5.653147220611572,5.653147192671895,4.94232259450016e-07
50,25,two_opt,4,original_order,5.6497650146484375,5.649764822795987,3.395759821397223e-06
50,25,two_opt,4,exact_fixed_orientation,5.6497650146484375,5.649764822795987,3.395759821397223e-06
50,25,two_opt,4,exact_reversible,5.6497650146484375,5.649764822795987,3.395759821397223e-06
50,25,two_opt,4,greedy_pair,5.6497650146484375,5.649764822795987,3.395759821397223e-06
50,25,two_opt,4,random_mean,5.6497650146484375,7.87656488083303,-39.41402625438497
50,25,two_opt,4,random_best,5.6497650146484375,5.649764822795987,3.395759821397223e-06
50,25,two_opt,4,model_route,5.6497650146484375,5.649764822795987,3.395759821397223e-06
50,25,two_opt,4,model_learned,5.6497650146484375,5.649764822795987,3.395759821397223e-06
50,25,two_opt,8,original_order,5.6497650146484375,5.649764822795987,3.395759821397223e-06
50,25,two_opt,8,exact_fixed_orientation,5.6497650146484375,5.649764822795987,3.395759821397223e-06
50,25,two_opt,8,exact_reversible,5.6497650146484375,5.649764822795987,3.395759821397223e-06
50,25,two_opt,8,greedy_pair,5.6497650146484375,5.649764822795987,3.395759821397223e-06
50,25,two_opt,8,random_mean,5.6497650146484375,8.835737655870616,-56.39124163503691
50,25,two_opt,8,random_best,5.6497650146484375,8.022021705284715,-41.98859040129288
50,25,two_opt,8,model_route,5.6497650146484375,5.649764822795987,3.395759821397223e-06
50,25,two_opt,8,model_learned,5.6497650146484375,5.649764822795987,3.395759821397223e-06
50,25,two_opt,12,original_order,5.6497650146484375,5.649764822795987,3.395759821397223e-06
50,25,two_opt,12,exact_fixed_orientation,5.6497650146484375,5.649764822795987,3.395759821397223e-06
50,25,two_opt,12,exact_reversible,5.6497650146484375,5.649764822795987,3.395759821397223e-06
50,25,two_opt,12,greedy_pair,5.6497650146484375,5.649764822795987,3.395759821397223e-06
50,25,two_opt,12,random_mean,5.6497650146484375,10.812285469146445,-91.3758437937308
50,25,two_opt,12,random_best,5.6497650146484375,9.749045465141535,-72.55665394692844
50,25,two_opt,12,model_route,5.6497650146484375,5.649764822795987,3.395759821397223e-06
50,25,two_opt,12,model_learned,5.6497650146484375,5.649764822795987,3.395759821397223e-06
50,26,raw,4,original_order,5.5876030921936035,5.587602965533733,2.2668014899744863e-06
50,26,raw,4,exact_fixed_orientation,5.5876030921936035,5.587602965533733,2.2668014899744863e-06
50,26,raw,4,exact_reversible,5.5876030921936035,5.587602965533733,2.2668014899744863e-06
50,26,raw,4,greedy_pair,5.5876030921936035,5.587602965533733,2.2668014899744863e-06
50,26,raw,4,random_mean,5.5876030921936035,6.809140560217202,-21.86156475090721
50,26,raw,4,random_best,5.5876030921936035,6.197681240737438,-10.918423132025431
50,26,raw,4,model_route,5.5876030921936035,5.587602965533733,2.2668014899744863e-06
50,26,raw,4,model_learned,5.5876030921936035,5.587602965533733,2.2668014899744863e-06
50,26,raw,8,original_order,5.5876030921936035,5.587602965533733,2.2668014899744863e-06
50,26,raw,8,exact_fixed_orientation,5.5876030921936035,5.587602965533733,2.2668014899744863e-06
50,26,raw,8,exact_reversible,5.5876030921936035,5.587602965533733,2.2668014899744863e-06
50,26,raw,8,greedy_pair,5.5876030921936035,5.587602965533733,2.2668014899744863e-06
50,26,raw,8,random_mean,5.5876030921936035,8.091031065676361,-44.80325341970473
50,26,raw,8,random_best,5.5876030921936035,7.249403025954962,-29.740837105682147
50,26,raw,8,model_route,5.5876030921936035,5.587602965533733,2.2668014899744863e-06
50,26,raw,8,model_learned,5.5876030921936035,5.587602965533733,2.2668014899744863e-06
50,26,raw,12,original_order,5.5876030921936035,5.587602965533733,2.2668014899744863e-06
50,26,raw,12,exact_fixed_orientation,5.5876030921936035,5.587602965533733,2.2668014899744863e-06
50,26,raw,12,exact_reversible,5.5876030921936035,5.587602965533733,2.2668014899744863e-06
50,26,raw,12,greedy_pair,5.5876030921936035,6.084234945476055,-8.888101840595874
50,26,raw,12,random_mean,5.5876030921936035,9.869744593277574,-76.63646523258812
50,26,raw,12,random_best,5.5876030921936035,7.7487379796803,-38.677315690264415
50,26,raw,12,model_route,5.5876030921936035,6.0828163251280785,-8.862713130543103
50,26,raw,12,model_learned,5.5876030921936035,5.80146249383688,-3.827390709659702
50,26,two_opt,4,original_order,5.5876030921936035,5.587602965533733,2.2668014899744863e-06
50,26,two_opt,4,exact_fixed_orientation,5.5876030921936035,5.587602965533733,2.2668014899744863e-06
50,26,two_opt,4,exact_reversible,5.5876030921936035,5.587602965533733,2.2668014899744863e-06
50,26,two_opt,4,greedy_pair,5.5876030921936035,5.587602965533733,2.2668014899744863e-06
50,26,two_opt,4,random_mean,5.5876030921936035,6.809140560217202,-21.86156475090721
50,26,two_opt,4,random_best,5.5876030921936035,6.197681240737438,-10.918423132025431
50,26,two_opt,4,model_route,5.5876030921936035,5.587602965533733,2.2668014899744863e-06
50,26,two_opt,4,model_learned,5.5876030921936035,5.587602965533733,2.2668014899744863e-06
50,26,two_opt,8,original_order,5.5876030921936035,5.587602965533733,2.2668014899744863e-06
50,26,two_opt,8,exact_fixed_orientation,5.5876030921936035,5.587602965533733,2.2668014899744863e-06
50,26,two_opt,8,exact_reversible,5.5876030921936035,5.587602965533733,2.2668014899744863e-06
50,26,two_opt,8,greedy_pair,5.5876030921936035,5.587602965533733,2.2668014899744863e-06
50,26,two_opt,8,random_mean,5.5876030921936035,8.091031065676361,-44.80325341970473
50,26,two_opt,8,random_best,5.5876030921936035,7.249403025954962,-29.740837105682147
50,26,two_opt,8,model_route,5.5876030921936035,5.587602965533733,2.2668014899744863e-06
50,26,two_opt,8,model_learned,5.5876030921936035,5.587602965533733,2.2668014899744863e-06
50,26,two_opt,12,original_order,5.5876030921936035,5.587602965533733,2.2668014899744863e-06
50,26,two_opt,12,exact_fixed_orientation,5.5876030921936035,5.587602965533733,2.2668014899744863e-06
50,26,two_opt,12,exact_reversible,5.5876030921936035,5.587602965533733,2.2668014899744863e-06
50,26,two_opt,12,greedy_pair,5.5876030921936035,6.084234945476055,-8.888101840595874
50,26,two_opt,12,random_mean,5.5876030921936035,9.869744593277574,-76.63646523258812
50,26,two_opt,12,random_best,5.5876030921936035,7.7487379796803,-38.677315690264415
50,26,two_opt,12,model_route,5.5876030921936035,6.0828163251280785,-8.862713130543103
50,26,two_opt,12,model_learned,5.5876030921936035,5.80146249383688,-3.827390709659702
50,27,raw,4,original_order,4.994051456451416,4.99405122268945,4.680808122761865e-06
50,27,raw,4,exact_fixed_orientation,4.994051456451416,4.99405122268945,4.680808122761865e-06
50,27,raw,4,exact_reversible,4.994051456451416,4.99405122268945,4.680808122761865e-06
50,27,raw,4,greedy_pair,4.994051456451416,4.99405122268945,4.680808122761865e-06
50,27,raw,4,random_mean,4.994051456451416,5.995090211275965,-20.044622358293626
50,27,raw,4,random_best,4.994051456451416,4.99405122268945,4.680808122761865e-06
50,27,raw,4,model_route,4.994051456451416,4.99405122268945,4.680808122761865e-06
50,27,raw,4,model_learned,4.994051456451416,4.99405122268945,4.680808122761865e-06
50,27,raw,8,original_order,4.994051456451416,4.99405122268945,4.680808122761865e-06
50,27,raw,8,exact_fixed_orientation,4.994051456451416,4.99405122268945,4.680808122761865e-06
50,27,raw,8,exact_reversible,4.994051456451416,4.99405122268945,4.680808122761865e-06
50,27,raw,8,greedy_pair,4.994051456451416,4.99405122268945,4.680808122761865e-06
50,27,raw,8,random_mean,4.994051456451416,7.516043131239712,-50.49991368291443
50,27,raw,8,random_best,4.994051456451416,6.717979175038636,-34.51962266748804
50,27,raw,8,model_route,4.994051456451416,4.99405122268945,4.680808122761865e-06
50,27,raw,8,model_learned,4.994051456451416,5.284868826158345,-5.823275395595794
50,27,raw,12,original_order,4.994051456451416,4.99405122268945,4.680808122761865e-06
50,27,raw,12,exact_fixed_orientation,4.994051456451416,4.99405122268945,4.680808122761865e-06
50,27,raw,12,exact_reversible,4.994051456451416,4.99405122268945,4.680808122761865e-06
50,27,raw,12,greedy_pair,4.994051456451416,4.99405122268945,4.680808122761865e-06
50,27,raw,12,random_mean,4.994051456451416,8.739668734837323,-75.00157559544654
50,27,raw,12,random_best,4.994051456451416,7.81241446454078,-56.43440065977986
50,27,raw,12,model_route,4.994051456451416,4.99405122268945,4.680808122761865e-06
50,27,raw,12,model_learned,4.994051456451416,5.311347206123173,-6.353473776524033
50,27,two_opt,4,original_order,4.994051456451416,4.99405122268945,4.680808122761865e-06
50,27,two_opt,4,exact_fixed_orientation,4.994051456451416,4.99405122268945,4.680808122761865e-06
50,27,two_opt,4,exact_reversible,4.994051456451416,4.99405122268945,4.680808122761865e-06
50,27,two_opt,4,greedy_pair,4.994051456451416,4.99405122268945,4.680808122761865e-06
50,27,two_opt,4,random_mean,4.994051456451416,5.995090211275965,-20.044622358293626
50,27,two_opt,4,random_best,4.994051456451416,4.99405122268945,4.680808122761865e-06
50,27,two_opt,4,model_route,4.994051456451416,4.99405122268945,4.680808122761865e-06
50,27,two_opt,4,model_learned,4.994051456451416,4.99405122268945,4.680808122761865e-06
50,27,two_opt,8,original_order,4.994051456451416,4.99405122268945,4.680808122761865e-06
50,27,two_opt,8,exact_fixed_orientation,4.994051456451416,4.99405122268945,4.680808122761865e-06
50,27,two_opt,8,exact_reversible,4.994051456451416,4.99405122268945,4.680808122761865e-06
50,27,two_opt,8,greedy_pair,4.994051456451416,4.99405122268945,4.680808122761865e-06
50,27,two_opt,8,random_mean,4.994051456451416,7.516043131239712,-50.49991368291443
50,27,two_opt,8,random_best,4.994051456451416,6.717979175038636,-34.51962266748804
50,27,two_opt,8,model_route,4.994051456451416,4.99405122268945,4.680808122761865e-06
50,27,two_opt,8,model_learned,4.994051456451416,5.284868826158345,-5.823275395595794
50,27,two_opt,12,original_order,4.994051456451416,4.99405122268945,4.680808122761865e-06
50,27,two_opt,12,exact_fixed_orientation,4.994051456451416,4.99405122268945,4.680808122761865e-06
50,27,two_opt,12,exact_reversible,4.994051456451416,4.99405122268945,4.680808122761865e-06
50,27,two_opt,12,greedy_pair,4.994051456451416,4.99405122268945,4.680808122761865e-06
50,27,two_opt,12,random_mean,4.994051456451416,8.739668734837323,-75.00157559544654
50,27,two_opt,12,random_best,4.994051456451416,7.81241446454078,-56.43440065977986
50,27,two_opt,12,model_route,4.994051456451416,4.99405122268945,4.680808122761865e-06
50,27,two_opt,12,model_learned,4.994051456451416,5.311347206123173,-6.353473776524033
50,28,raw,4,original_order,5.587974548339844,5.5879738964140415,1.1666585031682339e-05
50,28,raw,4,exact_fixed_orientation,5.587974548339844,5.5879738964140415,1.1666585031682339e-05
50,28,raw,4,exact_reversible,5.587974548339844,5.5879738964140415,1.1666585031682339e-05
50,28,raw,4,greedy_pair,5.587974548339844,5.5879738964140415,1.1666585031682339e-05
50,28,raw,4,random_mean,5.587974548339844,7.516521533718333,-34.51245113404193
50,28,raw,4,random_best,5.587974548339844,5.5879738964140415,1.1666585031682339e-05
50,28,raw,4,model_route,5.587974548339844,5.5879738964140415,1.1666585031682339e-05
50,28,raw,4,model_learned,5.587974548339844,5.5879738964140415,1.1666585031682339e-05
50,28,raw,8,original_order,5.587974548339844,5.5879738964140415,1.1666585031682339e-05
50,28,raw,8,exact_fixed_orientation,5.587974548339844,5.5879738964140415,1.1666585031682339e-05
50,28,raw,8,exact_reversible,5.587974548339844,5.5879738964140415,1.1666585031682339e-05
50,28,raw,8,greedy_pair,5.587974548339844,5.5879738964140415,1.1666585031682339e-05
50,28,raw,8,random_mean,5.587974548339844,9.348360588774085,-67.29425855297482
50,28,raw,8,random_best,5.587974548339844,8.309083383530378,-48.695798659264845
50,28,raw,8,model_route,5.587974548339844,5.5879738964140415,1.1666585031682339e-05
50,28,raw,8,model_learned,5.587974548339844,5.5879738964140415,1.1666585031682339e-05
50,28,raw,12,original_order,5.587974548339844,5.5879738964140415,1.1666585031682339e-05
50,28,raw,12,exact_fixed_orientation,5.587974548339844,5.5879738964140415,1.1666585031682339e-05
50,28,raw,12,exact_reversible,5.587974548339844,5.5879738964140415,1.1666585031682339e-05
50,28,raw,12,greedy_pair,5.587974548339844,5.5879738964140415,1.1666585031682339e-05
50,28,raw,12,random_mean,5.587974548339844,11.774542472325265,-110.71217076003714
50,28,raw,12,random_best,5.587974548339844,10.327877152711153,-84.82326759665554
50,28,raw,12,model_route,5.587974548339844,5.5879738964140415,1.1666585031682339e-05
50,28,raw,12,model_learned,5.587974548339844,6.8425223007798195,-22.450849437256203
50,28,two_opt,4,original_order,5.587974548339844,5.5879738964140415,1.1666585031682339e-05
50,28,two_opt,4,exact_fixed_orientation,5.587974548339844,5.5879738964140415,1.1666585031682339e-05
50,28,two_opt,4,exact_reversible,5.587974548339844,5.5879738964140415,1.1666585031682339e-05
50,28,two_opt,4,greedy_pair,5.587974548339844,5.5879738964140415,1.1666585031682339e-05
50,28,two_opt,4,random_mean,5.587974548339844,7.516521533718333,-34.51245113404193
50,28,two_opt,4,random_best,5.587974548339844,5.5879738964140415,1.1666585031682339e-05
50,28,two_opt,4,model_route,5.587974548339844,5.5879738964140415,1.1666585031682339e-05
50,28,two_opt,4,model_learned,5.587974548339844,5.5879738964140415,1.1666585031682339e-05
50,28,two_opt,8,original_order,5.587974548339844,5.5879738964140415,1.1666585031682339e-05
50,28,two_opt,8,exact_fixed_orientation,5.587974548339844,5.5879738964140415,1.1666585031682339e-05
50,28,two_opt,8,exact_reversible,5.587974548339844,5.5879738964140415,1.1666585031682339e-05
50,28,two_opt,8,greedy_pair,5.587974548339844,5.5879738964140415,1.1666585031682339e-05
50,28,two_opt,8,random_mean,5.587974548339844,9.348360588774085,-67.29425855297482
50,28,two_opt,8,random_best,5.587974548339844,8.309083383530378,-48.695798659264845
50,28,two_opt,8,model_route,5.587974548339844,5.5879738964140415,1.1666585031682339e-05
50,28,two_opt,8,model_learned,5.587974548339844,5.5879738964140415,1.1666585031682339e-05
50,28,two_opt,12,original_order,5.587974548339844,5.5879738964140415,1.1666585031682339e-05
50,28,two_opt,12,exact_fixed_orientation,5.587974548339844,5.5879738964140415,1.1666585031682339e-05
50,28,two_opt,12,exact_reversible,5.587974548339844,5.5879738964140415,1.1666585031682339e-05
50,28,two_opt,12,greedy_pair,5.587974548339844,5.5879738964140415,1.1666585031682339e-05
50,28,two_opt,12,random_mean,5.587974548339844,11.774542472325265,-110.71217076003714
50,28,two_opt,12,random_best,5.587974548339844,10.327877152711153,-84.82326759665554
50,28,two_opt,12,model_route,5.587974548339844,5.5879738964140415,1.1666585031682339e-05
50,28,two_opt,12,model_learned,5.587974548339844,6.8425223007798195,-22.450849437256203
50,29,raw,4,original_order,6.279366970062256,6.279366945847869,3.8561828055993313e-07
50,29,raw,4,exact_fixed_orientation,6.279366970062256,6.279366945847869,3.8561828055993313e-07
50,29,raw,4,exact_reversible,6.279366970062256,6.279366945847869,3.8561828055993313e-07
50,29,raw,4,greedy_pair,6.279366970062256,6.279366945847869,3.8561828055993313e-07
50,29,raw,4,random_mean,6.279366970062256,7.859814847353846,-25.16890452216907
50,29,raw,4,random_best,6.279366970062256,6.279366945847869,3.8561828055993313e-07
50,29,raw,4,model_route,6.279366970062256,7.948376996442676,-26.57927199250584
50,29,raw,4,model_learned,6.279366970062256,7.948376996442676,-26.57927199250584
50,29,raw,8,original_order,6.279366970062256,6.279366945847869,3.8561828055993313e-07
50,29,raw,8,exact_fixed_orientation,6.279366970062256,6.279366945847869,3.8561828055993313e-07
50,29,raw,8,exact_reversible,6.279366970062256,6.279366945847869,3.8561828055993313e-07
50,29,raw,8,greedy_pair,6.279366970062256,6.279366945847869,3.8561828055993313e-07
50,29,raw,8,random_mean,6.279366970062256,9.289225607644767,-47.932516954852694
50,29,raw,8,random_best,6.279366970062256,8.473041972145438,-34.934652052377714
50,29,raw,8,model_route,6.279366970062256,6.279366945847869,3.8561828055993313e-07
50,29,raw,8,model_learned,6.279366970062256,6.279366945847869,3.8561828055993313e-07
50,29,raw,12,original_order,6.279366970062256,6.279366945847869,3.8561828055993313e-07
50,29,raw,12,exact_fixed_orientation,6.279366970062256,6.279366945847869,3.8561828055993313e-07
50,29,raw,12,exact_reversible,6.279366970062256,6.279366945847869,3.8561828055993313e-07
50,29,raw,12,greedy_pair,6.279366970062256,6.279366945847869,3.8561828055993313e-07
50,29,raw,12,random_mean,6.279366970062256,11.600976884365082,-84.74755400782168
50,29,raw,12,random_best,6.279366970062256,10.09268950857222,-60.727817894550576
50,29,raw,12,model_route,6.279366970062256,6.279366945847869,3.8561828055993313e-07
50,29,raw,12,model_learned,6.279366970062256,6.279366945847869,3.8561828055993313e-07
50,29,two_opt,4,original_order,6.266478538513184,6.266478946432471,-6.5095457548373665e-06
50,29,two_opt,4,exact_fixed_orientation,6.266478538513184,6.266478946432471,-6.5095457548373665e-06
50,29,two_opt,4,exact_reversible,6.266478538513184,6.266478946432471,-6.5095457548373665e-06
50,29,two_opt,4,greedy_pair,6.266478538513184,6.266478946432471,-6.5095457548373665e-06
50,29,two_opt,4,random_mean,6.266478538513184,7.846926847938448,-25.22067696732669
50,29,two_opt,4,random_best,6.266478538513184,6.266478946432471,-6.5095457548373665e-06
50,29,two_opt,4,model_route,6.266478538513184,7.935488997027278,-26.633945177606755
50,29,two_opt,4,model_learned,6.266478538513184,7.935488997027278,-26.633945177606755
50,29,two_opt,8,original_order,6.266478538513184,6.266478946432471,-6.5095457548373665e-06
50,29,two_opt,8,exact_fixed_orientation,6.266478538513184,6.266478946432471,-6.5095457548373665e-06
50,29,two_opt,8,exact_reversible,6.266478538513184,6.266478946432471,-6.5095457548373665e-06
50,29,two_opt,8,greedy_pair,6.266478538513184,6.266478946432471,-6.5095457548373665e-06
50,29,two_opt,8,random_mean,6.266478538513184,9.282162352930754,-48.124058765755976
50,29,two_opt,8,random_best,6.266478538513184,8.471806203946471,-35.19245540983748
50,29,two_opt,8,model_route,6.266478538513184,6.266478946432471,-6.5095457548373665e-06
50,29,two_opt,8,model_learned,6.266478538513184,6.266478946432471,-6.5095457548373665e-06
50,29,two_opt,12,original_order,6.266478538513184,6.266478946432471,-6.5095457548373665e-06
50,29,two_opt,12,exact_fixed_orientation,6.266478538513184,6.266478946432471,-6.5095457548373665e-06
50,29,two_opt,12,exact_reversible,6.266478538513184,6.266478946432471,-6.5095457548373665e-06
50,29,two_opt,12,greedy_pair,6.266478538513184,6.266478946432471,-6.5095457548373665e-06
50,29,two_opt,12,random_mean,6.266478538513184,11.588088884949684,-84.9218634314374
50,29,two_opt,12,random_best,6.266478538513184,10.079801509156823,-60.85272529391616
50,29,two_opt,12,model_route,6.266478538513184,6.266478946432471,-6.5095457548373665e-06
50,29,two_opt,12,model_learned,6.266478538513184,6.266478946432471,-6.5095457548373665e-06
50,30,raw,4,original_order,5.65067720413208,5.65067704138346,2.8801613334954666e-06
50,30,raw,4,exact_fixed_orientation,5.65067720413208,5.65067704138346,2.8801613334954666e-06
50,30,raw,4,exact_reversible,5.65067720413208,5.65067704138346,2.8801613334954666e-06
50,30,raw,4,greedy_pair,5.65067720413208,5.65067704138346,2.8801613334954666e-06
50,30,raw,4,random_mean,5.65067720413208,6.678262106375769,-18.1851637444847
50,30,raw,4,random_best,5.65067720413208,5.65067704138346,2.8801613334954666e-06
50,30,raw,4,model_route,5.65067720413208,5.65067704138346,2.8801613334954666e-06
50,30,raw,4,model_learned,5.65067720413208,6.732498035999015,-19.144976660069155
50,30,raw,8,original_order,5.65067720413208,5.65067704138346,2.8801613334954666e-06
50,30,raw,8,exact_fixed_orientation,5.65067720413208,5.65067704138346,2.8801613334954666e-06
50,30,raw,8,exact_reversible,5.65067720413208,5.65067704138346,2.8801613334954666e-06
50,30,raw,8,greedy_pair,5.65067720413208,5.65067704138346,2.8801613334954666e-06
50,30,raw,8,random_mean,5.65067720413208,8.847747525433078,-56.578533966922194
50,30,raw,8,random_best,5.65067720413208,7.241156664909795,-28.14670531196987
50,30,raw,8,model_route,5.65067720413208,5.65067704138346,2.8801613334954666e-06
50,30,raw,8,model_learned,5.65067720413208,8.086896241875365,-43.11375344466307
50,30,raw,12,original_order,5.65067720413208,5.65067704138346,2.8801613334954666e-06
50,30,raw,12,exact_fixed_orientation,5.65067720413208,5.65067704138346,2.8801613334954666e-06
50,30,raw,12,exact_reversible,5.65067720413208,5.65067704138346,2.8801613334954666e-06
50,30,raw,12,greedy_pair,5.65067720413208,5.65067704138346,2.8801613334954666e-06
50,30,raw,12,random_mean,5.65067720413208,10.724658490391448,-89.79421586051667
50,30,raw,12,random_best,5.65067720413208,9.946448319824412,-76.02223522078084
50,30,raw,12,model_route,5.65067720413208,5.65067704138346,2.8801613334954666e-06
50,30,raw,12,model_learned,5.65067720413208,5.65067704138346,2.8801613334954666e-06
50,30,two_opt,4,original_order,5.65067720413208,5.65067704138346,2.8801613334954666e-06
50,30,two_opt,4,exact_fixed_orientation,5.65067720413208,5.65067704138346,2.8801613334954666e-06
50,30,two_opt,4,exact_reversible,5.65067720413208,5.65067704138346,2.8801613334954666e-06
50,30,two_opt,4,greedy_pair,5.65067720413208,5.65067704138346,2.8801613334954666e-06
50,30,two_opt,4,random_mean,5.65067720413208,6.678262106375769,-18.1851637444847
50,30,two_opt,4,random_best,5.65067720413208,5.65067704138346,2.8801613334954666e-06
50,30,two_opt,4,model_route,5.65067720413208,5.65067704138346,2.8801613334954666e-06
50,30,two_opt,4,model_learned,5.65067720413208,6.732498035999015,-19.144976660069155
50,30,two_opt,8,original_order,5.65067720413208,5.65067704138346,2.8801613334954666e-06
50,30,two_opt,8,exact_fixed_orientation,5.65067720413208,5.65067704138346,2.8801613334954666e-06
50,30,two_opt,8,exact_reversible,5.65067720413208,5.65067704138346,2.8801613334954666e-06
50,30,two_opt,8,greedy_pair,5.65067720413208,5.65067704138346,2.8801613334954666e-06
50,30,two_opt,8,random_mean,5.65067720413208,8.847747525433078,-56.578533966922194
50,30,two_opt,8,random_best,5.65067720413208,7.241156664909795,-28.14670531196987
50,30,two_opt,8,model_route,5.65067720413208,5.65067704138346,2.8801613334954666e-06
50,30,two_opt,8,model_learned,5.65067720413208,8.086896241875365,-43.11375344466307
50,30,two_opt,12,original_order,5.65067720413208,5.65067704138346,2.8801613334954666e-06
50,30,two_opt,12,exact_fixed_orientation,5.65067720413208,5.65067704138346,2.8801613334954666e-06
50,30,two_opt,12,exact_reversible,5.65067720413208,5.65067704138346,2.8801613334954666e-06
50,30,two_opt,12,greedy_pair,5.65067720413208,5.65067704138346,2.8801613334954666e-06
50,30,two_opt,12,random_mean,5.65067720413208,10.724658490391448,-89.79421586051667
50,30,two_opt,12,random_best,5.65067720413208,9.946448319824412,-76.02223522078084
50,30,two_opt,12,model_route,5.65067720413208,5.65067704138346,2.8801613334954666e-06
50,30,two_opt,12,model_learned,5.65067720413208,5.65067704138346,2.8801613334954666e-06
50,31,raw,4,original_order,5.9635329246521,5.963533205911517,-4.716322037415139e-06
50,31,raw,4,exact_fixed_orientation,5.9635329246521,5.963533205911517,-4.716322037415139e-06
50,31,raw,4,exact_reversible,5.9635329246521,5.963533205911517,-4.716322037415139e-06
50,31,raw,4,greedy_pair,5.9635329246521,5.963533205911517,-4.716322037415139e-06
50,31,raw,4,random_mean,5.9635329246521,7.379732895642519,-23.747667513264172
50,31,raw,4,random_best,5.9635329246521,6.4142640475183725,-7.558122484794827
50,31,raw,4,model_route,5.9635329246521,5.963533205911517,-4.716322037415139e-06
50,31,raw,4,model_learned,5.9635329246521,7.890645237639546,-32.314943798182696
50,31,raw,8,original_order,5.9635329246521,5.963533205911517,-4.716322037415139e-06
50,31,raw,8,exact_fixed_orientation,5.9635329246521,5.963533205911517,-4.716322037415139e-06
50,31,raw,8,exact_reversible,5.9635329246521,5.963533205911517,-4.716322037415139e-06
50,31,raw,8,greedy_pair,5.9635329246521,5.963533205911517,-4.716322037415139e-06
50,31,raw,8,random_mean,5.9635329246521,8.957829499617219,-50.210112240468604
50,31,raw,8,random_best,5.9635329246521,8.483122646808624,-42.24995072536658
50,31,raw,8,model_route,5.9635329246521,5.963533205911517,-4.716322037415139e-06
50,31,raw,8,model_learned,5.9635329246521,5.963533205911517,-4.716322037415139e-06
50,31,raw,12,original_order,5.9635329246521,5.963533205911517,-4.716322037415139e-06
50,31,raw,12,exact_fixed_orientation,5.9635329246521,5.963533205911517,-4.716322037415139e-06
50,31,raw,12,exact_reversible,5.9635329246521,5.963533205911517,-4.716322037415139e-06
50,31,raw,12,greedy_pair,5.9635329246521,5.963533205911517,-4.716322037415139e-06
50,31,raw,12,random_mean,5.9635329246521,11.080229154787958,-85.79974814902788
50,31,raw,12,random_best,5.9635329246521,10.365085737779737,-73.80780602270951
50,31,raw,12,model_route,5.9635329246521,5.963533205911517,-4.716322037415139e-06
50,31,raw,12,model_learned,5.9635329246521,6.606535775586963,-10.78224701798514
50,31,two_opt,4,original_order,5.9635329246521,5.963533205911517,-4.716322037415139e-06
50,31,two_opt,4,exact_fixed_orientation,5.9635329246521,5.963533205911517,-4.716322037415139e-06
50,31,two_opt,4,exact_reversible,5.9635329246521,5.963533205911517,-4.716322037415139e-06
50,31,two_opt,4,greedy_pair,5.9635329246521,5.963533205911517,-4.716322037415139e-06
50,31,two_opt,4,random_mean,5.9635329246521,7.379732895642519,-23.747667513264172
50,31,two_opt,4,random_best,5.9635329246521,6.4142640475183725,-7.558122484794827
50,31,two_opt,4,model_route,5.9635329246521,5.963533205911517,-4.716322037415139e-06
50,31,two_opt,4,model_learned,5.9635329246521,7.890645237639546,-32.314943798182696
50,31,two_opt,8,original_order,5.9635329246521,5.963533205911517,-4.716322037415139e-06
50,31,two_opt,8,exact_fixed_orientation,5.9635329246521,5.963533205911517,-4.716322037415139e-06
50,31,two_opt,8,exact_reversible,5.9635329246521,5.963533205911517,-4.716322037415139e-06
50,31,two_opt,8,greedy_pair,5.9635329246521,5.963533205911517,-4.716322037415139e-06
50,31,two_opt,8,random_mean,5.9635329246521,8.957829499617219,-50.210112240468604
50,31,two_opt,8,random_best,5.9635329246521,8.483122646808624,-42.24995072536658
50,31,two_opt,8,model_route,5.9635329246521,5.963533205911517,-4.716322037415139e-06
50,31,two_opt,8,model_learned,5.9635329246521,5.963533205911517,-4.716322037415139e-06
50,31,two_opt,12,original_order,5.9635329246521,5.963533205911517,-4.716322037415139e-06
50,31,two_opt,12,exact_fixed_orientation,5.9635329246521,5.963533205911517,-4.716322037415139e-06
50,31,two_opt,12,exact_reversible,5.9635329246521,5.963533205911517,-4.716322037415139e-06
50,31,two_opt,12,greedy_pair,5.9635329246521,5.963533205911517,-4.716322037415139e-06
50,31,two_opt,12,random_mean,5.9635329246521,11.080229154787958,-85.79974814902788
50,31,two_opt,12,random_best,5.9635329246521,10.365085737779737,-73.80780602270951
50,31,two_opt,12,model_route,5.9635329246521,5.963533205911517,-4.716322037415139e-06
50,31,two_opt,12,model_learned,5.9635329246521,6.606535775586963,-10.78224701798514
50,32,raw,4,original_order,5.3521318435668945,5.352131779305637,1.2006665666449934e-06
50,32,raw,4,exact_fixed_orientation,5.3521318435668945,5.352131779305637,1.2006665666449934e-06
50,32,raw,4,exact_reversible,5.3521318435668945,5.352131779305637,1.2006665666449934e-06
50,32,raw,4,greedy_pair,5.3521318435668945,5.352131779305637,1.2006665666449934e-06
50,32,raw,4,random_mean,5.3521318435668945,6.506747572682798,-21.573006100433002
50,32,raw,4,random_best,5.3521318435668945,5.352131779305637,1.2006665666449934e-06
50,32,raw,4,model_route,5.3521318435668945,5.352131779305637,1.2006665666449934e-06
50,32,raw,4,model_learned,5.3521318435668945,6.156144375912845,-15.0222856208662
50,32,raw,8,original_order,5.3521318435668945,5.352131779305637,1.2006665666449934e-06
50,32,raw,8,exact_fixed_orientation,5.3521318435668945,5.352131779305637,1.2006665666449934e-06
50,32,raw,8,exact_reversible,5.3521318435668945,5.352131779305637,1.2006665666449934e-06
50,32,raw,8,greedy_pair,5.3521318435668945,5.352131779305637,1.2006665666449934e-06
50,32,raw,8,random_mean,5.3521318435668945,7.771027837647125,-45.19500013789221
50,32,raw,8,random_best,5.3521318435668945,7.070215453393757,-32.10092090485306
50,32,raw,8,model_route,5.3521318435668945,5.352131779305637,1.2006665666449934e-06
50,32,raw,8,model_learned,5.3521318435668945,6.048100515268743,-13.003578612107294
50,32,raw,12,original_order,5.3521318435668945,5.352131779305637,1.2006665666449934e-06
50,32,raw,12,exact_fixed_orientation,5.3521318435668945,5.352131779305637,1.2006665666449934e-06
50,32,raw,12,exact_reversible,5.3521318435668945,5.352131779305637,1.2006665666449934e-06
50,32,raw,12,greedy_pair,5.3521318435668945,5.352131779305637,1.2006665666449934e-06
50,32,raw,12,random_mean,5.3521318435668945,10.099630896467716,-88.7029541061694
50,32,raw,12,random_best,5.3521318435668945,9.034239878877997,-68.79703532970491
50,32,raw,12,model_route,5.3521318435668945,5.352131779305637,1.2006665666449934e-06
50,32,raw,12,model_learned,5.3521318435668945,5.352131779305637,1.2006665666449934e-06
50,32,two_opt,4,original_order,5.3521318435668945,5.352131779305637,1.2006665666449934e-06
50,32,two_opt,4,exact_fixed_orientation,5.3521318435668945,5.352131779305637,1.2006665666449934e-06
50,32,two_opt,4,exact_reversible,5.3521318435668945,5.352131779305637,1.2006665666449934e-06
50,32,two_opt,4,greedy_pair,5.3521318435668945,5.352131779305637,1.2006665666449934e-06
50,32,two_opt,4,random_mean,5.3521318435668945,6.506747572682798,-21.573006100433002
50,32,two_opt,4,random_best,5.3521318435668945,5.352131779305637,1.2006665666449934e-06
50,32,two_opt,4,model_route,5.3521318435668945,5.352131779305637,1.2006665666449934e-06
50,32,two_opt,4,model_learned,5.3521318435668945,6.156144375912845,-15.0222856208662
50,32,two_opt,8,original_order,5.3521318435668945,5.352131779305637,1.2006665666449934e-06
50,32,two_opt,8,exact_fixed_orientation,5.3521318435668945,5.352131779305637,1.2006665666449934e-06
50,32,two_opt,8,exact_reversible,5.3521318435668945,5.352131779305637,1.2006665666449934e-06
50,32,two_opt,8,greedy_pair,5.3521318435668945,5.352131779305637,1.2006665666449934e-06
50,32,two_opt,8,random_mean,5.3521318435668945,7.771027837647125,-45.19500013789221
50,32,two_opt,8,random_best,5.3521318435668945,7.070215453393757,-32.10092090485306
50,32,two_opt,8,model_route,5.3521318435668945,5.352131779305637,1.2006665666449934e-06
50,32,two_opt,8,model_learned,5.3521318435668945,6.048100515268743,-13.003578612107294
50,32,two_opt,12,original_order,5.3521318435668945,5.352131779305637,1.2006665666449934e-06
50,32,two_opt,12,exact_fixed_orientation,5.3521318435668945,5.352131779305637,1.2006665666449934e-06
50,32,two_opt,12,exact_reversible,5.3521318435668945,5.352131779305637,1.2006665666449934e-06
50,32,two_opt,12,greedy_pair,5.3521318435668945,5.352131779305637,1.2006665666449934e-06
50,32,two_opt,12,random_mean,5.3521318435668945,10.099630896467716,-88.7029541061694
50,32,two_opt,12,random_best,5.3521318435668945,9.034239878877997,-68.79703532970491
50,32,two_opt,12,model_route,5.3521318435668945,5.352131779305637,1.2006665666449934e-06
50,32,two_opt,12,model_learned,5.3521318435668945,5.352131779305637,1.2006665666449934e-06
50,33,raw,4,original_order,5.566073417663574,5.566073385998607,5.688923799754337e-07
50,33,raw,4,exact_fixed_orientation,5.566073417663574,5.566073385998607,5.688923799754337e-07
50,33,raw,4,exact_reversible,5.566073417663574,5.566073385998607,5.688923799754337e-07
50,33,raw,4,greedy_pair,5.566073417663574,5.566073385998607,5.688923799754337e-07
50,33,raw,4,random_mean,5.566073417663574,6.9126537730917335,-24.192644515878527
50,33,raw,4,random_best,5.566073417663574,5.566073385998607,5.688923799754337e-07
50,33,raw,4,model_route,5.566073417663574,5.566073385998607,5.688923799754337e-07
50,33,raw,4,model_learned,5.566073417663574,5.566073385998607,5.688923799754337e-07
50,33,raw,8,original_order,5.566073417663574,5.566073385998607,5.688923799754337e-07
50,33,raw,8,exact_fixed_orientation,5.566073417663574,5.566073385998607,5.688923799754337e-07
50,33,raw,8,exact_reversible,5.566073417663574,5.566073385998607,5.688923799754337e-07
50,33,raw,8,greedy_pair,5.566073417663574,5.566073385998607,5.688923799754337e-07
50,33,raw,8,random_mean,5.566073417663574,8.710242548957467,-56.488100234468256
50,33,raw,8,random_best,5.566073417663574,7.456696351990104,-33.966906155545125
50,33,raw,8,model_route,5.566073417663574,7.218406019732356,-29.685785257973983
50,33,raw,8,model_learned,5.566073417663574,6.354864193126559,-14.17140444033326
50,33,raw,12,original_order,5.566073417663574,5.566073385998607,5.688923799754337e-07
50,33,raw,12,exact_fixed_orientation,5.566073417663574,5.566073385998607,5.688923799754337e-07
50,33,raw,12,exact_reversible,5.566073417663574,5.566073385998607,5.688923799754337e-07
50,33,raw,12,greedy_pair,5.566073417663574,7.163853308185935,-28.705691977614052
50,33,raw,12,random_mean,5.566073417663574,10.194106830284,-83.14718591266978
50,33,raw,12,random_best,5.566073417663574,8.8818080406636,-59.57044354603294
50,33,raw,12,model_route,5.566073417663574,5.566073385998607,5.688923799754337e-07
50,33,raw,12,model_learned,5.566073417663574,5.566073385998607,5.688923799754337e-07
50,33,two_opt,4,original_order,5.566073417663574,5.566073385998607,5.688923799754337e-07
50,33,two_opt,4,exact_fixed_orientation,5.566073417663574,5.566073385998607,5.688923799754337e-07
50,33,two_opt,4,exact_reversible,5.566073417663574,5.566073385998607,5.688923799754337e-07
50,33,two_opt,4,greedy_pair,5.566073417663574,5.566073385998607,5.688923799754337e-07
50,33,two_opt,4,random_mean,5.566073417663574,6.9126537730917335,-24.192644515878527
50,33,two_opt,4,random_best,5.566073417663574,5.566073385998607,5.688923799754337e-07
50,33,two_opt,4,model_route,5.566073417663574,5.566073385998607,5.688923799754337e-07
50,33,two_opt,4,model_learned,5.566073417663574,5.566073385998607,5.688923799754337e-07
50,33,two_opt,8,original_order,5.566073417663574,5.566073385998607,5.688923799754337e-07
50,33,two_opt,8,exact_fixed_orientation,5.566073417663574,5.566073385998607,5.688923799754337e-07
50,33,two_opt,8,exact_reversible,5.566073417663574,5.566073385998607,5.688923799754337e-07
50,33,two_opt,8,greedy_pair,5.566073417663574,5.566073385998607,5.688923799754337e-07
50,33,two_opt,8,random_mean,5.566073417663574,8.710242548957467,-56.488100234468256
50,33,two_opt,8,random_best,5.566073417663574,7.456696351990104,-33.966906155545125
50,33,two_opt,8,model_route,5.566073417663574,7.218406019732356,-29.685785257973983
50,33,two_opt,8,model_learned,5.566073417663574,6.354864193126559,-14.17140444033326
50,33,two_opt,12,original_order,5.566073417663574,5.566073385998607,5.688923799754337e-07
50,33,two_opt,12,exact_fixed_orientation,5.566073417663574,5.566073385998607,5.688923799754337e-07
50,33,two_opt,12,exact_reversible,5.566073417663574,5.566073385998607,5.688923799754337e-07
50,33,two_opt,12,greedy_pair,5.566073417663574,7.163853308185935,-28.705691977614052
50,33,two_opt,12,random_mean,5.566073417663574,10.194106830284,-83.14718591266978
50,33,two_opt,12,random_best,5.566073417663574,8.8818080406636,-59.57044354603294
50,33,two_opt,12,model_route,5.566073417663574,5.566073385998607,5.688923799754337e-07
50,33,two_opt,12,model_learned,5.566073417663574,5.566073385998607,5.688923799754337e-07
50,34,raw,4,original_order,5.4973835945129395,5.497383611276746,-3.0494154273336394e-07
50,34,raw,4,exact_fixed_orientation,5.4973835945129395,5.497383611276746,-3.0494154273336394e-07
50,34,raw,4,exact_reversible,5.4973835945129395,5.497383611276746,-3.0494154273336394e-07
50,34,raw,4,greedy_pair,5.4973835945129395,5.497383611276746,-3.0494154273336394e-07
50,34,raw,4,random_mean,5.4973835945129395,6.935341231524944,-26.15712751875751
50,34,raw,4,random_best,5.4973835945129395,5.497383611276746,-3.0494154273336394e-07
50,34,raw,4,model_route,5.4973835945129395,5.497383611276746,-3.0494154273336394e-07
50,34,raw,4,model_learned,5.4973835945129395,5.497383611276746,-3.0494154273336394e-07
50,34,raw,8,original_order,5.4973835945129395,5.497383611276746,-3.0494154273336394e-07
50,34,raw,8,exact_fixed_orientation,5.4973835945129395,5.497383611276746,-3.0494154273336394e-07
50,34,raw,8,exact_reversible,5.4973835945129395,5.497383611276746,-3.0494154273336394e-07
50,34,raw,8,greedy_pair,5.4973835945129395,5.497383611276746,-3.0494154273336394e-07
50,34,raw,8,random_mean,5.4973835945129395,8.845126199070364,-60.89701668078758
50,34,raw,8,random_best,5.4973835945129395,7.571065237745643,-37.72124698197322
50,34,raw,8,model_route,5.4973835945129395,5.497383611276746,-3.0494154273336394e-07
50,34,raw,8,model_learned,5.4973835945129395,5.497383611276746,-3.0494154273336394e-07
50,34,raw,12,original_order,5.4973835945129395,5.497383611276746,-3.0494154273336394e-07
50,34,raw,12,exact_fixed_orientation,5.4973835945129395,5.497383611276746,-3.0494154273336394e-07
50,34,raw,12,exact_reversible,5.4973835945129395,5.497383611276746,-3.0494154273336394e-07
50,34,raw,12,greedy_pair,5.4973835945129395,6.035870524123311,-9.795331185326914
50,34,raw,12,random_mean,5.4973835945129395,10.623869766946882,-93.2532009872988
50,34,raw,12,random_best,5.4973835945129395,8.573843073099852,-55.96224868967839
50,34,raw,12,model_route,5.4973835945129395,5.497383611276746,-3.0494154273336394e-07
50,34,raw,12,model_learned,5.4973835945129395,6.035870524123311,-9.795331185326914
50,34,two_opt,4,original_order,5.490141868591309,5.490141740068793,2.340968928912452e-06
50,34,two_opt,4,exact_fixed_orientation,5.490141868591309,5.490141740068793,2.340968928912452e-06
50,34,two_opt,4,exact_reversible,5.490141868591309,5.490141740068793,2.340968928912452e-06
50,34,two_opt,4,greedy_pair,5.490141868591309,5.490141740068793,2.340968928912452e-06
50,34,two_opt,4,random_mean,5.490141868591309,6.928099360316992,-26.19162721371793
50,34,two_opt,4,random_best,5.490141868591309,5.490141740068793,2.340968928912452e-06
50,34,two_opt,4,model_route,5.490141868591309,5.490141740068793,2.340968928912452e-06
50,34,two_opt,4,model_learned,5.490141868591309,5.490141740068793,2.340968928912452e-06
50,34,two_opt,8,original_order,5.490141868591309,5.490141740068793,2.340968928912452e-06
50,34,two_opt,8,exact_fixed_orientation,5.490141868591309,5.490141740068793,2.340968928912452e-06
50,34,two_opt,8,exact_reversible,5.490141868591309,5.490141740068793,2.340968928912452e-06
50,34,two_opt,8,greedy_pair,5.490141868591309,5.490141740068793,2.340968928912452e-06
50,34,two_opt,8,random_mean,5.490141868591309,8.837884327862412,-60.97733973730784
50,34,two_opt,8,random_best,5.490141868591309,7.56382336653769,-37.771000232430396
50,34,two_opt,8,model_route,5.490141868591309,5.490141740068793,2.340968928912452e-06
50,34,two_opt,8,model_learned,5.490141868591309,5.490141740068793,2.340968928912452e-06
50,34,two_opt,12,original_order,5.490141868591309,5.490141740068793,2.340968928912452e-06
50,34,two_opt,12,exact_fixed_orientation,5.490141868591309,5.490141740068793,2.340968928912452e-06
50,34,two_opt,12,exact_reversible,5.490141868591309,5.490141740068793,2.340968928912452e-06
50,34,two_opt,12,greedy_pair,5.490141868591309,6.0286286529153585,-9.808248989059694
50,34,two_opt,12,random_mean,5.490141868591309,10.645385479554534,-93.90000721941247
50,34,two_opt,12,random_best,5.490141868591309,8.594108503311872,-56.53709337600409
50,34,two_opt,12,model_route,5.490141868591309,5.490141740068793,2.340968928912452e-06
50,34,two_opt,12,model_learned,5.490141868591309,6.0286286529153585,-9.808248989059694
50,35,raw,4,original_order,5.8514275550842285,5.851428089663386,-9.135875866134511e-06
50,35,raw,4,exact_fixed_orientation,5.8514275550842285,5.851428089663386,-9.135875866134511e-06
50,35,raw,4,exact_reversible,5.8514275550842285,5.851428089663386,-9.135875866134511e-06
50,35,raw,4,greedy_pair,5.8514275550842285,5.851428089663386,-9.135875866134511e-06
50,35,raw,4,random_mean,5.8514275550842285,6.967982719652355,-19.081756615066798
50,35,raw,4,random_best,5.8514275550842285,5.851428089663386,-9.135875866134511e-06
50,35,raw,4,model_route,5.8514275550842285,5.851428089663386,-9.135875866134511e-06
50,35,raw,4,model_learned,5.8514275550842285,5.851428089663386,-9.135875866134511e-06
50,35,raw,8,original_order,5.8514275550842285,5.851428089663386,-9.135875866134511e-06
50,35,raw,8,exact_fixed_orientation,5.8514275550842285,5.851428089663386,-9.135875866134511e-06
50,35,raw,8,exact_reversible,5.8514275550842285,5.851428089663386,-9.135875866134511e-06
50,35,raw,8,greedy_pair,5.8514275550842285,5.851428089663386,-9.135875866134511e-06
50,35,raw,8,random_mean,5.8514275550842285,9.207900597248226,-57.361609804903125
50,35,raw,8,random_best,5.8514275550842285,8.637736544013023,-47.617593530792455
50,35,raw,8,model_route,5.8514275550842285,5.851428089663386,-9.135875866134511e-06
50,35,raw,8,model_learned,5.8514275550842285,7.172710658982396,-22.5805257171837
50,35,raw,12,original_order,5.8514275550842285,5.851428089663386,-9.135875866134511e-06
50,35,raw,12,exact_fixed_orientation,5.8514275550842285,5.851428089663386,-9.135875866134511e-06
50,35,raw,12,exact_reversible,5.8514275550842285,5.851428089663386,-9.135875866134511e-06
50,35,raw,12,greedy_pair,5.8514275550842285,5.851428089663386,-9.135875866134511e-06
50,35,raw,12,random_mean,5.8514275550842285,11.424552300246432,-95.24384763714265
50,35,raw,12,random_best,5.8514275550842285,10.977689754217863,-87.60703522133659
50,35,raw,12,model_route,5.8514275550842285,5.851428089663386,-9.135875866134511e-06
50,35,raw,12,model_learned,5.8514275550842285,5.851428089663386,-9.135875866134511e-06
50,35,two_opt,4,original_order,5.850133419036865,5.850133014842868,6.909141526034837e-06
50,35,two_opt,4,exact_fixed_orientation,5.850133419036865,5.850133014842868,6.909141526034837e-06
50,35,two_opt,4,exact_reversible,5.850133419036865,5.850133014842868,6.909141526034837e-06
50,35,two_opt,4,greedy_pair,5.850133419036865,5.850133014842868,6.909141526034837e-06
50,35,two_opt,4,random_mean,5.850133419036865,6.966687644831836,-19.08596173484868
50,35,two_opt,4,random_best,5.850133419036865,5.850133014842868,6.909141526034837e-06
50,35,two_opt,4,model_route,5.850133419036865,5.850133014842868,6.909141526034837e-06
50,35,two_opt,4,model_learned,5.850133419036865,5.850133014842868,6.909141526034837e-06
50,35,two_opt,8,original_order,5.850133419036865,5.850133014842868,6.909141526034837e-06
50,35,two_opt,8,exact_fixed_orientation,5.850133419036865,5.850133014842868,6.909141526034837e-06
50,35,two_opt,8,exact_reversible,5.850133419036865,5.850133014842868,6.909141526034837e-06
50,35,two_opt,8,greedy_pair,5.850133419036865,5.850133014842868,6.909141526034837e-06
50,35,two_opt,8,random_mean,5.850133419036865,9.206605522427708,-57.37428299444552
50,35,two_opt,8,random_best,5.850133419036865,8.636441469192505,-47.62811119980171
50,35,two_opt,8,model_route,5.850133419036865,5.850133014842868,6.909141526034837e-06
50,35,two_opt,8,model_learned,5.850133419036865,7.171415584161878,-22.585504816444704
50,35,two_opt,12,original_order,5.850133419036865,5.850133014842868,6.909141526034837e-06
50,35,two_opt,12,exact_fixed_orientation,5.850133419036865,5.850133014842868,6.909141526034837e-06
50,35,two_opt,12,exact_reversible,5.850133419036865,5.850133014842868,6.909141526034837e-06
50,35,two_opt,12,greedy_pair,5.850133419036865,5.850133014842868,6.909141526034837e-06
50,35,two_opt,12,random_mean,5.850133419036865,11.423257225425914,-95.26490093804695
50,35,two_opt,12,random_best,5.850133419036865,10.976394679397345,-87.62639914637091
50,35,two_opt,12,model_route,5.850133419036865,5.850133014842868,6.909141526034837e-06
50,35,two_opt,12,model_learned,5.850133419036865,5.850133014842868,6.909141526034837e-06
50,36,raw,4,original_order,5.664543151855469,5.6645427090115845,7.817821708792223e-06
50,36,raw,4,exact_fixed_orientation,5.664543151855469,5.6645427090115845,7.817821708792223e-06
50,36,raw,4,exact_reversible,5.664543151855469,5.6645427090115845,7.817821708792223e-06
50,36,raw,4,greedy_pair,5.664543151855469,5.6645427090115845,7.817821708792223e-06
50,36,raw,4,random_mean,5.664543151855469,6.574684019200504,-16.06733046153794
50,36,raw,4,random_best,5.664543151855469,5.6645427090115845,7.817821708792223e-06
50,36,raw,4,model_route,5.664543151855469,5.6645427090115845,7.817821708792223e-06
50,36,raw,4,model_learned,5.664543151855469,5.6645427090115845,7.817821708792223e-06
50,36,raw,8,original_order,5.664543151855469,5.6645427090115845,7.817821708792223e-06
50,36,raw,8,exact_fixed_orientation,5.664543151855469,5.6645427090115845,7.817821708792223e-06
50,36,raw,8,exact_reversible,5.664543151855469,5.6645427090115845,7.817821708792223e-06
50,36,raw,8,greedy_pair,5.664543151855469,5.6645427090115845,7.817821708792223e-06
50,36,raw,8,random_mean,5.664543151855469,8.869033471215516,-56.57102847403307
50,36,raw,8,random_best,5.664543151855469,8.058505293447524,-42.26222799287694
50,36,raw,8,model_route,5.664543151855469,5.6645427090115845,7.817821708792223e-06
50,36,raw,8,model_learned,5.664543151855469,6.7460712981410325,-19.09294566731829
50,36,raw,12,original_order,5.664543151855469,5.6645427090115845,7.817821708792223e-06
50,36,raw,12,exact_fixed_orientation,5.664543151855469,5.6645427090115845,7.817821708792223e-06
50,36,raw,12,exact_reversible,5.664543151855469,5.6645427090115845,7.817821708792223e-06
50,36,raw,12,greedy_pair,5.664543151855469,6.5983923566527665,-16.48586972969581
50,36,raw,12,random_mean,5.664543151855469,9.80381018226035,-73.07327209695681
50,36,raw,12,random_best,5.664543151855469,9.096705340314656,-60.59027350396217
50,36,raw,12,model_route,5.664543151855469,6.968328293878585,-23.01659828641345
50,36,raw,12,model_learned,5.664543151855469,7.097256552893668,-25.292655782292034
50,36,two_opt,4,original_order,5.664543151855469,5.6645427090115845,7.817821708792223e-06
50,36,two_opt,4,exact_fixed_orientation,5.664543151855469,5.6645427090115845,7.817821708792223e-06
50,36,two_opt,4,exact_reversible,5.664543151855469,5.6645427090115845,7.817821708792223e-06
50,36,two_opt,4,greedy_pair,5.664543151855469,5.6645427090115845,7.817821708792223e-06
50,36,two_opt,4,random_mean,5.664543151855469,6.574684019200504,-16.06733046153794
50,36,two_opt,4,random_best,5.664543151855469,5.6645427090115845,7.817821708792223e-06
50,36,two_opt,4,model_route,5.664543151855469,5.6645427090115845,7.817821708792223e-06
50,36,two_opt,4,model_learned,5.664543151855469,5.6645427090115845,7.817821708792223e-06
50,36,two_opt,8,original_order,5.664543151855469,5.6645427090115845,7.817821708792223e-06
50,36,two_opt,8,exact_fixed_orientation,5.664543151855469,5.6645427090115845,7.817821708792223e-06
50,36,two_opt,8,exact_reversible,5.664543151855469,5.6645427090115845,7.817821708792223e-06
50,36,two_opt,8,greedy_pair,5.664543151855469,5.6645427090115845,7.817821708792223e-06
50,36,two_opt,8,random_mean,5.664543151855469,8.869033471215516,-56.57102847403307
50,36,two_opt,8,random_best,5.664543151855469,8.058505293447524,-42.26222799287694
50,36,two_opt,8,model_route,5.664543151855469,5.6645427090115845,7.817821708792223e-06
50,36,two_opt,8,model_learned,5.664543151855469,6.7460712981410325,-19.09294566731829
50,36,two_opt,12,original_order,5.664543151855469,5.6645427090115845,7.817821708792223e-06
50,36,two_opt,12,exact_fixed_orientation,5.664543151855469,5.6645427090115845,7.817821708792223e-06
50,36,two_opt,12,exact_reversible,5.664543151855469,5.6645427090115845,7.817821708792223e-06
50,36,two_opt,12,greedy_pair,5.664543151855469,6.5983923566527665,-16.48586972969581
50,36,two_opt,12,random_mean,5.664543151855469,9.80381018226035,-73.07327209695681
50,36,two_opt,12,random_best,5.664543151855469,9.096705340314656,-60.59027350396217
50,36,two_opt,12,model_route,5.664543151855469,6.968328293878585,-23.01659828641345
50,36,two_opt,12,model_learned,5.664543151855469,7.097256552893668,-25.292655782292034
50,37,raw,4,original_order,5.9767303466796875,5.976730251684785,1.5894125567092427e-06
50,37,raw,4,exact_fixed_orientation,5.9767303466796875,5.976730251684785,1.5894125567092427e-06
50,37,raw,4,exact_reversible,5.9767303466796875,5.976730251684785,1.5894125567092427e-06
50,37,raw,4,greedy_pair,5.9767303466796875,5.976730251684785,1.5894125567092427e-06
50,37,raw,4,random_mean,5.9767303466796875,7.206198465079069,-20.570914983347045
50,37,raw,4,random_best,5.9767303466796875,5.976730251684785,1.5894125567092427e-06
50,37,raw,4,model_route,5.9767303466796875,5.976730251684785,1.5894125567092427e-06
50,37,raw,4,model_learned,5.9767303466796875,5.976730251684785,1.5894125567092427e-06
50,37,raw,8,original_order,5.9767303466796875,5.976730251684785,1.5894125567092427e-06
50,37,raw,8,exact_fixed_orientation,5.9767303466796875,5.976730251684785,1.5894125567092427e-06
50,37,raw,8,exact_reversible,5.9767303466796875,5.976730251684785,1.5894125567092427e-06
50,37,raw,8,greedy_pair,5.9767303466796875,5.976730251684785,1.5894125567092427e-06
50,37,raw,8,random_mean,5.9767303466796875,9.9990352881141,-67.29942139131246
50,37,raw,8,random_best,5.9767303466796875,9.490542314015329,-58.79154259130503
50,37,raw,8,model_route,5.9767303466796875,6.942409212701023,-16.157310268444824
50,37,raw,8,model_learned,5.9767303466796875,5.976730251684785,1.5894125567092427e-06
50,37,raw,12,original_order,5.9767303466796875,5.976730251684785,1.5894125567092427e-06
50,37,raw,12,exact_fixed_orientation,5.9767303466796875,5.976730251684785,1.5894125567092427e-06
50,37,raw,12,exact_reversible,5.9767303466796875,5.976730251684785,1.5894125567092427e-06
50,37,raw,12,greedy_pair,5.9767303466796875,5.976730251684785,1.5894125567092427e-06
50,37,raw,12,random_mean,5.9767303466796875,11.341054560616612,-89.75349234079167
50,37,raw,12,random_best,5.9767303466796875,10.566485818475485,-76.79375186042299
50,37,raw,12,model_route,5.9767303466796875,5.976730251684785,1.5894125567092427e-06
50,37,raw,12,model_learned,5.9767303466796875,6.333420867100358,-5.967987507062726
50,37,two_opt,4,original_order,5.9767303466796875,5.976730251684785,1.5894125567092427e-06
50,37,two_opt,4,exact_fixed_orientation,5.9767303466796875,5.976730251684785,1.5894125567092427e-06
50,37,two_opt,4,exact_reversible,5.9767303466796875,5.976730251684785,1.5894125567092427e-06
50,37,two_opt,4,greedy_pair,5.9767303466796875,5.976730251684785,1.5894125567092427e-06
50,37,two_opt,4,random_mean,5.9767303466796875,7.206198465079069,-20.570914983347045
50,37,two_opt,4,random_best,5.9767303466796875,5.976730251684785,1.5894125567092427e-06
50,37,two_opt,4,model_route,5.9767303466796875,5.976730251684785,1.5894125567092427e-06
50,37,two_opt,4,model_learned,5.9767303466796875,5.976730251684785,1.5894125567092427e-06
50,37,two_opt,8,original_order,5.9767303466796875,5.976730251684785,1.5894125567092427e-06
50,37,two_opt,8,exact_fixed_orientation,5.9767303466796875,5.976730251684785,1.5894125567092427e-06
50,37,two_opt,8,exact_reversible,5.9767303466796875,5.976730251684785,1.5894125567092427e-06
50,37,two_opt,8,greedy_pair,5.9767303466796875,5.976730251684785,1.5894125567092427e-06
50,37,two_opt,8,random_mean,5.9767303466796875,9.9990352881141,-67.29942139131246
50,37,two_opt,8,random_best,5.9767303466796875,9.490542314015329,-58.79154259130503
50,37,two_opt,8,model_route,5.9767303466796875,6.942409212701023,-16.157310268444824
50,37,two_opt,8,model_learned,5.9767303466796875,5.976730251684785,1.5894125567092427e-06
50,37,two_opt,12,original_order,5.9767303466796875,5.976730251684785,1.5894125567092427e-06
50,37,two_opt,12,exact_fixed_orientation,5.9767303466796875,5.976730251684785,1.5894125567092427e-06
50,37,two_opt,12,exact_reversible,5.9767303466796875,5.976730251684785,1.5894125567092427e-06
50,37,two_opt,12,greedy_pair,5.9767303466796875,5.976730251684785,1.5894125567092427e-06
50,37,two_opt,12,random_mean,5.9767303466796875,11.341054560616612,-89.75349234079167
50,37,two_opt,12,random_best,5.9767303466796875,10.566485818475485,-76.79375186042299
50,37,two_opt,12,model_route,5.9767303466796875,5.976730251684785,1.5894125567092427e-06
50,37,two_opt,12,model_learned,5.9767303466796875,6.333420867100358,-5.967987507062726
50,38,raw,4,original_order,5.246823310852051,5.246823932044208,-1.1839395391564014e-05
50,38,raw,4,exact_fixed_orientation,5.246823310852051,5.246823932044208,-1.1839395391564014e-05
50,38,raw,4,exact_reversible,5.246823310852051,5.246823932044208,-1.1839395391564014e-05
50,38,raw,4,greedy_pair,5.246823310852051,5.246823932044208,-1.1839395391564014e-05
50,38,raw,4,random_mean,5.246823310852051,6.404912223573774,-22.072191955205312
50,38,raw,4,random_best,5.246823310852051,5.246823932044208,-1.1839395391564014e-05
50,38,raw,4,model_route,5.246823310852051,7.3144570896402,-39.40734528856049
50,38,raw,4,model_learned,5.246823310852051,6.681370968930423,-27.341261046684856
50,38,raw,8,original_order,5.246823310852051,5.246823932044208,-1.1839395391564014e-05
50,38,raw,8,exact_fixed_orientation,5.246823310852051,5.246823932044208,-1.1839395391564014e-05
50,38,raw,8,exact_reversible,5.246823310852051,5.246823932044208,-1.1839395391564014e-05
50,38,raw,8,greedy_pair,5.246823310852051,5.246823932044208,-1.1839395391564014e-05
50,38,raw,8,random_mean,5.246823310852051,8.521847438532859,-62.41918078138913
50,38,raw,8,random_best,5.246823310852051,7.827843873761594,-49.19206174850973
50,38,raw,8,model_route,5.246823310852051,5.246823932044208,-1.1839395391564014e-05
50,38,raw,8,model_learned,5.246823310852051,6.794186620973051,-29.491431642467827
50,38,raw,12,original_order,5.246823310852051,5.246823932044208,-1.1839395391564014e-05
50,38,raw,12,exact_fixed_orientation,5.246823310852051,5.246823932044208,-1.1839395391564014e-05
50,38,raw,12,exact_reversible,5.246823310852051,5.246823932044208,-1.1839395391564014e-05
50,38,raw,12,greedy_pair,5.246823310852051,5.246823932044208,-1.1839395391564014e-05
50,38,raw,12,random_mean,5.246823310852051,8.978505623992532,-71.12269828911926
50,38,raw,12,random_best,5.246823310852051,8.274109636433423,-57.697508496617544
50,38,raw,12,model_route,5.246823310852051,5.744632794521749,-9.487826331793459
50,38,raw,12,model_learned,5.246823310852051,7.074859601445496,-34.840820479174546
50,38,two_opt,4,original_order,5.235982894897461,5.235982998274267,-1.974353389944422e-06
50,38,two_opt,4,exact_fixed_orientation,5.235982894897461,5.235982998274267,-1.974353389944422e-06
50,38,two_opt,4,exact_reversible,5.235982894897461,5.235982998274267,-1.974353389944422e-06
50,38,two_opt,4,greedy_pair,5.235982894897461,5.235982998274267,-1.974353389944422e-06
50,38,two_opt,4,random_mean,5.235982894897461,6.405380768235773,-22.33387497269914
50,38,two_opt,4,random_best,5.235982894897461,5.235982998274267,-1.974353389944422e-06
50,38,two_opt,4,model_route,5.235982894897461,7.308417131192982,-39.58061509931856
50,38,two_opt,4,model_learned,5.235982894897461,5.235982998274267,-1.974353389944422e-06
50,38,two_opt,8,original_order,5.235982894897461,5.235982998274267,-1.974353389944422e-06
50,38,two_opt,8,exact_fixed_orientation,5.235982894897461,5.235982998274267,-1.974353389944422e-06
50,38,two_opt,8,exact_reversible,5.235982894897461,5.235982998274267,-1.974353389944422e-06
50,38,two_opt,8,greedy_pair,5.235982894897461,5.235982998274267,-1.974353389944422e-06
50,38,two_opt,8,random_mean,5.235982894897461,8.511006504762918,-62.54840162020035
50,38,two_opt,8,random_best,5.235982894897461,7.817002939991653,-49.29389757192355
50,38,two_opt,8,model_route,5.235982894897461,5.235982998274267,-1.974353389944422e-06
50,38,two_opt,8,model_learned,5.235982894897461,6.783345687203109,-29.55247989472187
50,38,two_opt,12,original_order,5.235982894897461,5.235982998274267,-1.974353389944422e-06
50,38,two_opt,12,exact_fixed_orientation,5.235982894897461,5.235982998274267,-1.974353389944422e-06
50,38,two_opt,12,exact_reversible,5.235982894897461,5.235982998274267,-1.974353389944422e-06
50,38,two_opt,12,greedy_pair,5.235982894897461,5.235982998274267,-1.974353389944422e-06
50,38,two_opt,12,random_mean,5.235982894897461,8.975936037953943,-71.42790987153757
50,38,two_opt,12,random_best,5.235982894897461,8.294710793532431,-58.41745399160382
50,38,two_opt,12,model_route,5.235982894897461,5.765233951620758,-10.107960001914048
50,38,two_opt,12,model_learned,5.235982894897461,7.095460758544505,-35.51344419897038
50,39,raw,4,original_order,5.658394813537598,5.658394609577954,3.604549533249613e-06
50,39,raw,4,exact_fixed_orientation,5.658394813537598,5.658394609577954,3.604549533249613e-06
50,39,raw,4,exact_reversible,5.658394813537598,5.658394609577954,3.604549533249613e-06
50,39,raw,4,greedy_pair,5.658394813537598,5.658394609577954,3.604549533249613e-06
50,39,raw,4,random_mean,5.658394813537598,7.54364469088614,-33.31775069562342
50,39,raw,4,random_best,5.658394813537598,6.832032565958798,-20.741531672786337
50,39,raw,4,model_route,5.658394813537598,5.658394609577954,3.604549533249613e-06
50,39,raw,4,model_learned,5.658394813537598,5.658394609577954,3.604549533249613e-06
50,39,raw,8,original_order,5.658394813537598,5.658394609577954,3.604549533249613e-06
50,39,raw,8,exact_fixed_orientation,5.658394813537598,5.658394609577954,3.604549533249613e-06
50,39,raw,8,exact_reversible,5.658394813537598,5.658394609577954,3.604549533249613e-06
50,39,raw,8,greedy_pair,5.658394813537598,5.658394609577954,3.604549533249613e-06
50,39,raw,8,random_mean,5.658394813537598,9.802078201202676,-73.2307222138582
50,39,raw,8,random_best,5.658394813537598,7.987823736853898,-41.16766326985857
50,39,raw,8,model_route,5.658394813537598,6.098263238556683,-7.773731588448174
50,39,raw,8,model_learned,5.658394813537598,5.658394609577954,3.604549533249613e-06
50,39,raw,12,original_order,5.658394813537598,5.658394609577954,3.604549533249613e-06
50,39,raw,12,exact_fixed_orientation,5.658394813537598,5.658394609577954,3.604549533249613e-06
50,39,raw,12,exact_reversible,5.658394813537598,5.658394609577954,3.604549533249613e-06
50,39,raw,12,greedy_pair,5.658394813537598,5.658394609577954,3.604549533249613e-06
50,39,raw,12,random_mean,5.658394813537598,11.472363307606429,-102.74943134330299
50,39,raw,12,random_best,5.658394813537598,10.112501525320113,-78.71678909937766
50,39,raw,12,model_route,5.658394813537598,5.658394609577954,3.604549533249613e-06
50,39,raw,12,model_learned,5.658394813537598,5.658394609577954,3.604549533249613e-06
50,39,two_opt,4,original_order,5.658394813537598,5.658394609577954,3.604549533249613e-06
50,39,two_opt,4,exact_fixed_orientation,5.658394813537598,5.658394609577954,3.604549533249613e-06
50,39,two_opt,4,exact_reversible,5.658394813537598,5.658394609577954,3.604549533249613e-06
50,39,two_opt,4,greedy_pair,5.658394813537598,5.658394609577954,3.604549533249613e-06
50,39,two_opt,4,random_mean,5.658394813537598,7.54364469088614,-33.31775069562342
50,39,two_opt,4,random_best,5.658394813537598,6.832032565958798,-20.741531672786337
50,39,two_opt,4,model_route,5.658394813537598,5.658394609577954,3.604549533249613e-06
50,39,two_opt,4,model_learned,5.658394813537598,5.658394609577954,3.604549533249613e-06
50,39,two_opt,8,original_order,5.658394813537598,5.658394609577954,3.604549533249613e-06
50,39,two_opt,8,exact_fixed_orientation,5.658394813537598,5.658394609577954,3.604549533249613e-06
50,39,two_opt,8,exact_reversible,5.658394813537598,5.658394609577954,3.604549533249613e-06
50,39,two_opt,8,greedy_pair,5.658394813537598,5.658394609577954,3.604549533249613e-06
50,39,two_opt,8,random_mean,5.658394813537598,9.802078201202676,-73.2307222138582
50,39,two_opt,8,random_best,5.658394813537598,7.987823736853898,-41.16766326985857
50,39,two_opt,8,model_route,5.658394813537598,6.098263238556683,-7.773731588448174
50,39,two_opt,8,model_learned,5.658394813537598,5.658394609577954,3.604549533249613e-06
50,39,two_opt,12,original_order,5.658394813537598,5.658394609577954,3.604549533249613e-06
50,39,two_opt,12,exact_fixed_orientation,5.658394813537598,5.658394609577954,3.604549533249613e-06
50,39,two_opt,12,exact_reversible,5.658394813537598,5.658394609577954,3.604549533249613e-06
50,39,two_opt,12,greedy_pair,5.658394813537598,5.658394609577954,3.604549533249613e-06
50,39,two_opt,12,random_mean,5.658394813537598,11.472363307606429,-102.74943134330299
50,39,two_opt,12,random_best,5.658394813537598,10.112501525320113,-78.71678909937766
50,39,two_opt,12,model_route,5.658394813537598,5.658394609577954,3.604549533249613e-06
50,39,two_opt,12,model_learned,5.658394813537598,5.658394609577954,3.604549533249613e-06
50,40,raw,4,original_order,5.5701069831848145,5.570106960833073,4.0128029602030107e-07
50,40,raw,4,exact_fixed_orientation,5.5701069831848145,5.570106960833073,4.0128029602030107e-07
50,40,raw,4,exact_reversible,5.5701069831848145,5.570106960833073,4.0128029602030107e-07
50,40,raw,4,greedy_pair,5.5701069831848145,5.570106960833073,4.0128029602030107e-07
50,40,raw,4,random_mean,5.5701069831848145,6.873712852597237,-23.40360559227645
50,40,raw,4,random_best,5.5701069831848145,5.570106960833073,4.0128029602030107e-07
50,40,raw,4,model_route,5.5701069831848145,5.570106960833073,4.0128029602030107e-07
50,40,raw,4,model_learned,5.5701069831848145,5.570106960833073,4.0128029602030107e-07
50,40,raw,8,original_order,5.5701069831848145,5.570106960833073,4.0128029602030107e-07
50,40,raw,8,exact_fixed_orientation,5.5701069831848145,5.570106960833073,4.0128029602030107e-07
50,40,raw,8,exact_reversible,5.5701069831848145,5.570106960833073,4.0128029602030107e-07
50,40,raw,8,greedy_pair,5.5701069831848145,5.570106960833073,4.0128029602030107e-07
50,40,raw,8,random_mean,5.5701069831848145,8.293137398432009,-48.88650116537349
50,40,raw,8,random_best,5.5701069831848145,7.462891974486411,-33.98112454600217
50,40,raw,8,model_route,5.5701069831848145,6.143933215178549,-10.301888881596287
50,40,raw,8,model_learned,5.5701069831848145,5.570106960833073,4.0128029602030107e-07
50,40,raw,12,original_order,5.5701069831848145,5.570106960833073,4.0128029602030107e-07
50,40,raw,12,exact_fixed_orientation,5.5701069831848145,5.570106960833073,4.0128029602030107e-07
50,40,raw,12,exact_reversible,5.5701069831848145,5.570106960833073,4.0128029602030107e-07
50,40,raw,12,greedy_pair,5.5701069831848145,5.570106960833073,4.0128029602030107e-07
50,40,raw,12,random_mean,5.5701069831848145,10.053599558770657,-80.4920370312586
50,40,raw,12,random_best,5.5701069831848145,8.73987241834402,-56.906724497898836
50,40,raw,12,model_route,5.5701069831848145,5.570106960833073,4.0128029602030107e-07
50,40,raw,12,model_learned,5.5701069831848145,6.724748641252518,-20.729254600555535
50,40,two_opt,4,original_order,5.5701069831848145,5.570106960833073,4.0128029602030107e-07
50,40,two_opt,4,exact_fixed_orientation,5.5701069831848145,5.570106960833073,4.0128029602030107e-07
50,40,two_opt,4,exact_reversible,5.5701069831848145,5.570106960833073,4.0128029602030107e-07
50,40,two_opt,4,greedy_pair,5.5701069831848145,5.570106960833073,4.0128029602030107e-07
50,40,two_opt,4,random_mean,5.5701069831848145,6.873712852597237,-23.40360559227645
50,40,two_opt,4,random_best,5.5701069831848145,5.570106960833073,4.0128029602030107e-07
50,40,two_opt,4,model_route,5.5701069831848145,5.570106960833073,4.0128029602030107e-07
50,40,two_opt,4,model_learned,5.5701069831848145,5.570106960833073,4.0128029602030107e-07
50,40,two_opt,8,original_order,5.5701069831848145,5.570106960833073,4.0128029602030107e-07
50,40,two_opt,8,exact_fixed_orientation,5.5701069831848145,5.570106960833073,4.0128029602030107e-07
50,40,two_opt,8,exact_reversible,5.5701069831848145,5.570106960833073,4.0128029602030107e-07
50,40,two_opt,8,greedy_pair,5.5701069831848145,5.570106960833073,4.0128029602030107e-07
50,40,two_opt,8,random_mean,5.5701069831848145,8.293137398432009,-48.88650116537349
50,40,two_opt,8,random_best,5.5701069831848145,7.462891974486411,-33.98112454600217
50,40,two_opt,8,model_route,5.5701069831848145,6.143933215178549,-10.301888881596287
50,40,two_opt,8,model_learned,5.5701069831848145,5.570106960833073,4.0128029602030107e-07
50,40,two_opt,12,original_order,5.5701069831848145,5.570106960833073,4.0128029602030107e-07
50,40,two_opt,12,exact_fixed_orientation,5.5701069831848145,5.570106960833073,4.0128029602030107e-07
50,40,two_opt,12,exact_reversible,5.5701069831848145,5.570106960833073,4.0128029602030107e-07
50,40,two_opt,12,greedy_pair,5.5701069831848145,5.570106960833073,4.0128029602030107e-07
50,40,two_opt,12,random_mean,5.5701069831848145,10.053599558770657,-80.4920370312586
50,40,two_opt,12,random_best,5.5701069831848145,8.73987241834402,-56.906724497898836
50,40,two_opt,12,model_route,5.5701069831848145,5.570106960833073,4.0128029602030107e-07
50,40,two_opt,12,model_learned,5.5701069831848145,6.724748641252518,-20.729254600555535
50,41,raw,4,original_order,5.979342460632324,5.97934290394187,-7.4140183211731805e-06
50,41,raw,4,exact_fixed_orientation,5.979342460632324,5.97934290394187,-7.4140183211731805e-06
50,41,raw,4,exact_reversible,5.979342460632324,5.97934290394187,-7.4140183211731805e-06
50,41,raw,4,greedy_pair,5.979342460632324,5.97934290394187,-7.4140183211731805e-06
50,41,raw,4,random_mean,5.979342460632324,7.25871597789228,-21.396558663152064
50,41,raw,4,random_best,5.979342460632324,5.97934290394187,-7.4140183211731805e-06
50,41,raw,4,model_route,5.979342460632324,5.97934290394187,-7.4140183211731805e-06
50,41,raw,4,model_learned,5.979342460632324,5.97934290394187,-7.4140183211731805e-06
50,41,raw,8,original_order,5.979342460632324,5.97934290394187,-7.4140183211731805e-06
50,41,raw,8,exact_fixed_orientation,5.979342460632324,5.97934290394187,-7.4140183211731805e-06
50,41,raw,8,exact_reversible,5.979342460632324,5.97934290394187,-7.4140183211731805e-06
50,41,raw,8,greedy_pair,5.979342460632324,5.97934290394187,-7.4140183211731805e-06
50,41,raw,8,random_mean,5.979342460632324,8.668633927591145,-44.97637465431984
50,41,raw,8,random_best,5.979342460632324,6.581833813339472,-10.076214176958736
50,41,raw,8,model_route,5.979342460632324,5.97934290394187,-7.4140183211731805e-06
50,41,raw,8,model_learned,5.979342460632324,5.97934290394187,-7.4140183211731805e-06
50,41,raw,12,original_order,5.979342460632324,5.97934290394187,-7.4140183211731805e-06
50,41,raw,12,exact_fixed_orientation,5.979342460632324,5.97934290394187,-7.4140183211731805e-06
50,41,raw,12,exact_reversible,5.979342460632324,5.97934290394187,-7.4140183211731805e-06
50,41,raw,12,greedy_pair,5.979342460632324,5.97934290394187,-7.4140183211731805e-06
50,41,raw,12,random_mean,5.979342460632324,11.043275272473693,-84.69046295946478
50,41,raw,12,random_best,5.979342460632324,10.70194948837161,-78.98204625061506
50,41,raw,12,model_route,5.979342460632324,6.4746329970657825,-8.283361250746635
50,41,raw,12,model_learned,5.979342460632324,5.97934290394187,-7.4140183211731805e-06
50,41,two_opt,4,original_order,5.979342460632324,5.97934290394187,-7.4140183211731805e-06
50,41,two_opt,4,exact_fixed_orientation,5.979342460632324,5.97934290394187,-7.4140183211731805e-06
50,41,two_opt,4,exact_reversible,5.979342460632324,5.97934290394187,-7.4140183211731805e-06
50,41,two_opt,4,greedy_pair,5.979342460632324,5.97934290394187,-7.4140183211731805e-06
50,41,two_opt,4,random_mean,5.979342460632324,7.25871597789228,-21.396558663152064
50,41,two_opt,4,random_best,5.979342460632324,5.97934290394187,-7.4140183211731805e-06
50,41,two_opt,4,model_route,5.979342460632324,5.97934290394187,-7.4140183211731805e-06
50,41,two_opt,4,model_learned,5.979342460632324,5.97934290394187,-7.4140183211731805e-06
50,41,two_opt,8,original_order,5.979342460632324,5.97934290394187,-7.4140183211731805e-06
50,41,two_opt,8,exact_fixed_orientation,5.979342460632324,5.97934290394187,-7.4140183211731805e-06
50,41,two_opt,8,exact_reversible,5.979342460632324,5.97934290394187,-7.4140183211731805e-06
50,41,two_opt,8,greedy_pair,5.979342460632324,5.97934290394187,-7.4140183211731805e-06
50,41,two_opt,8,random_mean,5.979342460632324,8.668633927591145,-44.97637465431984
50,41,two_opt,8,random_best,5.979342460632324,6.581833813339472,-10.076214176958736
50,41,two_opt,8,model_route,5.979342460632324,5.97934290394187,-7.4140183211731805e-06
50,41,two_opt,8,model_learned,5.979342460632324,5.97934290394187,-7.4140183211731805e-06
50,41,two_opt,12,original_order,5.979342460632324,5.97934290394187,-7.4140183211731805e-06
50,41,two_opt,12,exact_fixed_orientation,5.979342460632324,5.97934290394187,-7.4140183211731805e-06
50,41,two_opt,12,exact_reversible,5.979342460632324,5.97934290394187,-7.4140183211731805e-06
50,41,two_opt,12,greedy_pair,5.979342460632324,5.97934290394187,-7.4140183211731805e-06
50,41,two_opt,12,random_mean,5.979342460632324,11.043275272473693,-84.69046295946478
50,41,two_opt,12,random_best,5.979342460632324,10.70194948837161,-78.98204625061506
50,41,two_opt,12,model_route,5.979342460632324,6.4746329970657825,-8.283361250746635
50,41,two_opt,12,model_learned,5.979342460632324,5.97934290394187,-7.4140183211731805e-06
50,42,raw,4,original_order,5.846814155578613,5.846814409829676,-4.348540181107644e-06
50,42,raw,4,exact_fixed_orientation,5.846814155578613,5.846814409829676,-4.348540181107644e-06
50,42,raw,4,exact_reversible,5.846814155578613,5.846814409829676,-4.348540181107644e-06
50,42,raw,4,greedy_pair,5.846814155578613,5.846814409829676,-4.348540181107644e-06
50,42,raw,4,random_mean,5.846814155578613,8.33333673235029,-42.527819605814116
50,42,raw,4,random_best,5.846814155578613,7.839983724988997,-34.08983963529341
50,42,raw,4,model_route,5.846814155578613,5.846814409829676,-4.348540181107644e-06
50,42,raw,4,model_learned,5.846814155578613,5.846814409829676,-4.348540181107644e-06
50,42,raw,8,original_order,5.846814155578613,5.846814409829676,-4.348540181107644e-06
50,42,raw,8,exact_fixed_orientation,5.846814155578613,5.846814409829676,-4.348540181107644e-06
50,42,raw,8,exact_reversible,5.846814155578613,5.846814409829676,-4.348540181107644e-06
50,42,raw,8,greedy_pair,5.846814155578613,5.846814409829676,-4.348540181107644e-06
50,42,raw,8,random_mean,5.846814155578613,9.517611619085073,-62.78286543457255
50,42,raw,8,random_best,5.846814155578613,8.588933459483087,-46.89937512872953
50,42,raw,8,model_route,5.846814155578613,5.846814409829676,-4.348540181107644e-06
50,42,raw,8,model_learned,5.846814155578613,5.846814409829676,-4.348540181107644e-06
50,42,raw,12,original_order,5.846814155578613,5.846814409829676,-4.348540181107644e-06
50,42,raw,12,exact_fixed_orientation,5.846814155578613,5.846814409829676,-4.348540181107644e-06
50,42,raw,12,exact_reversible,5.846814155578613,5.846814409829676,-4.348540181107644e-06
50,42,raw,12,greedy_pair,5.846814155578613,5.846814409829676,-4.348540181107644e-06
50,42,raw,12,random_mean,5.846814155578613,10.688956524361856,-82.81676550576208
50,42,raw,12,random_best,5.846814155578613,9.918679929338396,-69.64246964947053
50,42,raw,12,model_route,5.846814155578613,5.846814409829676,-4.348540181107644e-06
50,42,raw,12,model_learned,5.846814155578613,5.846814409829676,-4.348540181107644e-06
50,42,two_opt,4,original_order,5.846814155578613,5.846814409829676,-4.348540181107644e-06
50,42,two_opt,4,exact_fixed_orientation,5.846814155578613,5.846814409829676,-4.348540181107644e-06
50,42,two_opt,4,exact_reversible,5.846814155578613,5.846814409829676,-4.348540181107644e-06
50,42,two_opt,4,greedy_pair,5.846814155578613,5.846814409829676,-4.348540181107644e-06
50,42,two_opt,4,random_mean,5.846814155578613,8.33333673235029,-42.527819605814116
50,42,two_opt,4,random_best,5.846814155578613,7.839983724988997,-34.08983963529341
50,42,two_opt,4,model_route,5.846814155578613,5.846814409829676,-4.348540181107644e-06
50,42,two_opt,4,model_learned,5.846814155578613,5.846814409829676,-4.348540181107644e-06
50,42,two_opt,8,original_order,5.846814155578613,5.846814409829676,-4.348540181107644e-06
50,42,two_opt,8,exact_fixed_orientation,5.846814155578613,5.846814409829676,-4.348540181107644e-06
50,42,two_opt,8,exact_reversible,5.846814155578613,5.846814409829676,-4.348540181107644e-06
50,42,two_opt,8,greedy_pair,5.846814155578613,5.846814409829676,-4.348540181107644e-06
50,42,two_opt,8,random_mean,5.846814155578613,9.517611619085073,-62.78286543457255
50,42,two_opt,8,random_best,5.846814155578613,8.588933459483087,-46.89937512872953
50,42,two_opt,8,model_route,5.846814155578613,5.846814409829676,-4.348540181107644e-06
50,42,two_opt,8,model_learned,5.846814155578613,5.846814409829676,-4.348540181107644e-06
50,42,two_opt,12,original_order,5.846814155578613,5.846814409829676,-4.348540181107644e-06
50,42,two_opt,12,exact_fixed_orientation,5.846814155578613,5.846814409829676,-4.348540181107644e-06
50,42,two_opt,12,exact_reversible,5.846814155578613,5.846814409829676,-4.348540181107644e-06
50,42,two_opt,12,greedy_pair,5.846814155578613,5.846814409829676,-4.348540181107644e-06
50,42,two_opt,12,random_mean,5.846814155578613,10.688956524361856,-82.81676550576208
50,42,two_opt,12,random_best,5.846814155578613,9.918679929338396,-69.64246964947053
50,42,two_opt,12,model_route,5.846814155578613,5.846814409829676,-4.348540181107644e-06
50,42,two_opt,12,model_learned,5.846814155578613,5.846814409829676,-4.348540181107644e-06
50,43,raw,4,original_order,5.6965556144714355,5.696555577451363,6.498676541824693e-07
50,43,raw,4,exact_fixed_orientation,5.6965556144714355,5.696555577451363,6.498676541824693e-07
50,43,raw,4,exact_reversible,5.6965556144714355,5.696555577451363,6.498676541824693e-07
50,43,raw,4,greedy_pair,5.6965556144714355,5.696555577451363,6.498676541824693e-07
50,43,raw,4,random_mean,5.6965556144714355,7.714613510528579,-35.42593160910258
50,43,raw,4,random_best,5.6965556144714355,7.231931954855099,-26.952713960752337
50,43,raw,4,model_route,5.6965556144714355,5.696555577451363,6.498676541824693e-07
50,43,raw,4,model_learned,5.6965556144714355,5.696555577451363,6.498676541824693e-07
50,43,raw,8,original_order,5.6965556144714355,5.696555577451363,6.498676541824693e-07
50,43,raw,8,exact_fixed_orientation,5.6965556144714355,5.696555577451363,6.498676541824693e-07
50,43,raw,8,exact_reversible,5.6965556144714355,5.696555577451363,6.498676541824693e-07
50,43,raw,8,greedy_pair,5.6965556144714355,5.696555577451363,6.498676541824693e-07
50,43,raw,8,random_mean,5.6965556144714355,10.843454881804064,-90.35107555621033
50,43,raw,8,random_best,5.6965556144714355,9.657965481514111,-69.54044048967371
50,43,raw,8,model_route,5.6965556144714355,5.696555577451363,6.498676541824693e-07
50,43,raw,8,model_learned,5.6965556144714355,5.696555577451363,6.498676541824693e-07
50,43,raw,12,original_order,5.6965556144714355,5.696555577451363,6.498676541824693e-07
50,43,raw,12,exact_fixed_orientation,5.6965556144714355,5.696555577451363,6.498676541824693e-07
50,43,raw,12,exact_reversible,5.6965556144714355,5.696555577451363,6.498676541824693e-07
50,43,raw,12,greedy_pair,5.6965556144714355,5.696555577451363,6.498676541824693e-07
50,43,raw,12,random_mean,5.6965556144714355,11.91442227223888,-109.151337730675
50,43,raw,12,random_best,5.6965556144714355,11.412137612700462,-100.33399803399193
50,43,raw,12,model_route,5.6965556144714355,7.12554969266057,-25.08523000388062
50,43,raw,12,model_learned,5.6965556144714355,6.398296494036913,-12.318687414949245
50,43,two_opt,4,original_order,5.6965556144714355,5.696555577451363,6.498676541824693e-07
50,43,two_opt,4,exact_fixed_orientation,5.6965556144714355,5.696555577451363,6.498676541824693e-07
50,43,two_opt,4,exact_reversible,5.6965556144714355,5.696555577451363,6.498676541824693e-07
50,43,two_opt,4,greedy_pair,5.6965556144714355,5.696555577451363,6.498676541824693e-07
50,43,two_opt,4,random_mean,5.6965556144714355,7.714613510528579,-35.42593160910258
50,43,two_opt,4,random_best,5.6965556144714355,7.231931954855099,-26.952713960752337
50,43,two_opt,4,model_route,5.6965556144714355,5.696555577451363,6.498676541824693e-07
50,43,two_opt,4,model_learned,5.6965556144714355,5.696555577451363,6.498676541824693e-07
50,43,two_opt,8,original_order,5.6965556144714355,5.696555577451363,6.498676541824693e-07
50,43,two_opt,8,exact_fixed_orientation,5.6965556144714355,5.696555577451363,6.498676541824693e-07
50,43,two_opt,8,exact_reversible,5.6965556144714355,5.696555577451363,6.498676541824693e-07
50,43,two_opt,8,greedy_pair,5.6965556144714355,5.696555577451363,6.498676541824693e-07
50,43,two_opt,8,random_mean,5.6965556144714355,10.843454881804064,-90.35107555621033
50,43,two_opt,8,random_best,5.6965556144714355,9.657965481514111,-69.54044048967371
50,43,two_opt,8,model_route,5.6965556144714355,5.696555577451363,6.498676541824693e-07
50,43,two_opt,8,model_learned,5.6965556144714355,5.696555577451363,6.498676541824693e-07
50,43,two_opt,12,original_order,5.6965556144714355,5.696555577451363,6.498676541824693e-07
50,43,two_opt,12,exact_fixed_orientation,5.6965556144714355,5.696555577451363,6.498676541824693e-07
50,43,two_opt,12,exact_reversible,5.6965556144714355,5.696555577451363,6.498676541824693e-07
50,43,two_opt,12,greedy_pair,5.6965556144714355,5.696555577451363,6.498676541824693e-07
50,43,two_opt,12,random_mean,5.6965556144714355,11.91442227223888,-109.151337730675
50,43,two_opt,12,random_best,5.6965556144714355,11.412137612700462,-100.33399803399193
50,43,two_opt,12,model_route,5.6965556144714355,7.12554969266057,-25.08523000388062
50,43,two_opt,12,model_learned,5.6965556144714355,6.398296494036913,-12.318687414949245
50,44,raw,4,original_order,6.2197065353393555,6.219706607051194,-1.1529778428923762e-06
50,44,raw,4,exact_fixed_orientation,6.2197065353393555,6.219706607051194,-1.1529778428923762e-06
50,44,raw,4,exact_reversible,6.2197065353393555,6.219706607051194,-1.1529778428923762e-06
50,44,raw,4,greedy_pair,6.2197065353393555,6.219706607051194,-1.1529778428923762e-06
50,44,raw,4,random_mean,6.2197065353393555,7.575463520362973,-21.79776452989266
50,44,raw,4,random_best,6.2197065353393555,6.219706607051194,-1.1529778428923762e-06
50,44,raw,4,model_route,6.2197065353393555,6.219706607051194,-1.1529778428923762e-06
50,44,raw,4,model_learned,6.2197065353393555,6.219706607051194,-1.1529778428923762e-06
50,44,raw,8,original_order,6.2197065353393555,6.219706607051194,-1.1529778428923762e-06
50,44,raw,8,exact_fixed_orientation,6.2197065353393555,6.219706607051194,-1.1529778428923762e-06
50,44,raw,8,exact_reversible,6.2197065353393555,6.219706607051194,-1.1529778428923762e-06
50,44,raw,8,greedy_pair,6.2197065353393555,6.219706607051194,-1.1529778428923762e-06
50,44,raw,8,random_mean,6.2197065353393555,9.698365854099393,-55.929637499693335
50,44,raw,8,random_best,6.2197065353393555,8.746932779438794,-40.63256408867769
50,44,raw,8,model_route,6.2197065353393555,6.219706607051194,-1.1529778428923762e-06
50,44,raw,8,model_learned,6.2197065353393555,6.219706607051194,-1.1529778428923762e-06
50,44,raw,12,original_order,6.2197065353393555,6.219706607051194,-1.1529778428923762e-06
50,44,raw,12,exact_fixed_orientation,6.2197065353393555,6.219706607051194,-1.1529778428923762e-06
50,44,raw,12,exact_reversible,6.2197065353393555,6.214654159732163,0.08123173623201906
50,44,raw,12,greedy_pair,6.2197065353393555,6.3879712941125035,-2.705348842700137
50,44,raw,12,random_mean,6.2197065353393555,10.9780212813057,-76.50384658714006
50,44,raw,12,random_best,6.2197065353393555,10.068681630305946,-61.883548252595894
50,44,raw,12,model_route,6.2197065353393555,6.219706607051194,-1.1529778428923762e-06
50,44,raw,12,model_learned,6.2197065353393555,6.219706607051194,-1.1529778428923762e-06
50,44,two_opt,4,original_order,6.207590103149414,6.207589861936867,3.885767952091908e-06
50,44,two_opt,4,exact_fixed_orientation,6.207590103149414,6.207589861936867,3.885767952091908e-06
50,44,two_opt,4,exact_reversible,6.207590103149414,6.207589861936867,3.885767952091908e-06
50,44,two_opt,4,greedy_pair,6.207590103149414,6.207589861936867,3.885767952091908e-06
50,44,two_opt,4,random_mean,6.207590103149414,7.563346775248647,-21.840305973350127
50,44,two_opt,4,random_best,6.207590103149414,6.207589861936867,3.885767952091908e-06
50,44,two_opt,4,model_route,6.207590103149414,6.207589861936867,3.885767952091908e-06
50,44,two_opt,4,model_learned,6.207590103149414,6.207589861936867,3.885767952091908e-06
50,44,two_opt,8,original_order,6.207590103149414,6.207589861936867,3.885767952091908e-06
50,44,two_opt,8,exact_fixed_orientation,6.207590103149414,6.207589861936867,3.885767952091908e-06
50,44,two_opt,8,exact_reversible,6.207590103149414,6.207589861936867,3.885767952091908e-06
50,44,two_opt,8,greedy_pair,6.207590103149414,6.207589861936867,3.885767952091908e-06
50,44,two_opt,8,random_mean,6.207590103149414,9.64900285191834,-55.43878850865054
50,44,two_opt,8,random_best,6.207590103149414,8.734816034324467,-40.71186868303157
50,44,two_opt,8,model_route,6.207590103149414,6.207589861936867,3.885767952091908e-06
50,44,two_opt,8,model_learned,6.207590103149414,7.7500722380355,-24.848324539075307
50,44,two_opt,12,original_order,6.207590103149414,6.207589861936867,3.885767952091908e-06
50,44,two_opt,12,exact_fixed_orientation,6.207590103149414,6.207589861936867,3.885767952091908e-06
50,44,two_opt,12,exact_reversible,6.207590103149414,6.195053753443062,0.20195195716919925
50,44,two_opt,12,greedy_pair,6.207590103149414,6.207589861936867,3.885767952091908e-06
50,44,two_opt,12,random_mean,6.207590103149414,10.98542268620804,-76.96759134651299
50,44,two_opt,12,random_best,6.207590103149414,9.939415405504405,-60.117134674560006
50,44,two_opt,12,model_route,6.207590103149414,6.207589861936867,3.885767952091908e-06
50,44,two_opt,12,model_learned,6.207590103149414,7.941603598184884,-27.93376280040977
50,45,raw,4,original_order,5.231284141540527,5.231283791363239,6.693906860740668e-06
50,45,raw,4,exact_fixed_orientation,5.231284141540527,5.231283791363239,6.693906860740668e-06
50,45,raw,4,exact_reversible,5.231284141540527,5.231283791363239,6.693906860740668e-06
50,45,raw,4,greedy_pair,5.231284141540527,5.231283791363239,6.693906860740668e-06
50,45,raw,4,random_mean,5.231284141540527,6.80385578610003,-30.06091051472509
50,45,raw,4,random_best,5.231284141540527,6.722697742283344,-28.509512394859517
50,45,raw,4,model_route,5.231284141540527,5.231283791363239,6.693906860740668e-06
50,45,raw,4,model_learned,5.231284141540527,5.231283791363239,6.693906860740668e-06
50,45,raw,8,original_order,5.231284141540527,5.231283791363239,6.693906860740668e-06
50,45,raw,8,exact_fixed_orientation,5.231284141540527,5.231283791363239,6.693906860740668e-06
50,45,raw,8,exact_reversible,5.231284141540527,5.231283791363239,6.693906860740668e-06
50,45,raw,8,greedy_pair,5.231284141540527,5.231283791363239,6.693906860740668e-06
50,45,raw,8,random_mean,5.231284141540527,8.814492334146053,-68.49576692177781
50,45,raw,8,random_best,5.231284141540527,8.182558819651604,-56.415874157467854
50,45,raw,8,model_route,5.231284141540527,5.231283791363239,6.693906860740668e-06
50,45,raw,8,model_learned,5.231284141540527,5.231283791363239,6.693906860740668e-06
50,45,raw,12,original_order,5.231284141540527,5.231283791363239,6.693906860740668e-06
50,45,raw,12,exact_fixed_orientation,5.231284141540527,5.231283791363239,6.693906860740668e-06
50,45,raw,12,exact_reversible,5.231284141540527,5.231283791363239,6.693906860740668e-06
50,45,raw,12,greedy_pair,5.231284141540527,5.231283791363239,6.693906860740668e-06
50,45,raw,12,random_mean,5.231284141540527,10.210120762931183,-95.17427244784433
50,45,raw,12,random_best,5.231284141540527,8.481819845736027,-62.13647770312606
50,45,raw,12,model_route,5.231284141540527,5.231283791363239,6.693906860740668e-06
50,45,raw,12,model_learned,5.231284141540527,6.216425649821758,-18.831733884581595
50,45,two_opt,4,original_order,5.231284141540527,5.231283791363239,6.693906860740668e-06
50,45,two_opt,4,exact_fixed_orientation,5.231284141540527,5.231283791363239,6.693906860740668e-06
50,45,two_opt,4,exact_reversible,5.231284141540527,5.231283791363239,6.693906860740668e-06
50,45,two_opt,4,greedy_pair,5.231284141540527,5.231283791363239,6.693906860740668e-06
50,45,two_opt,4,random_mean,5.231284141540527,6.80385578610003,-30.06091051472509
50,45,two_opt,4,random_best,5.231284141540527,6.722697742283344,-28.509512394859517
50,45,two_opt,4,model_route,5.231284141540527,5.231283791363239,6.693906860740668e-06
50,45,two_opt,4,model_learned,5.231284141540527,5.231283791363239,6.693906860740668e-06
50,45,two_opt,8,original_order,5.231284141540527,5.231283791363239,6.693906860740668e-06
50,45,two_opt,8,exact_fixed_orientation,5.231284141540527,5.231283791363239,6.693906860740668e-06
50,45,two_opt,8,exact_reversible,5.231284141540527,5.231283791363239,6.693906860740668e-06
50,45,two_opt,8,greedy_pair,5.231284141540527,5.231283791363239,6.693906860740668e-06
50,45,two_opt,8,random_mean,5.231284141540527,8.814492334146053,-68.49576692177781
50,45,two_opt,8,random_best,5.231284141540527,8.182558819651604,-56.415874157467854
50,45,two_opt,8,model_route,5.231284141540527,5.231283791363239,6.693906860740668e-06
50,45,two_opt,8,model_learned,5.231284141540527,5.231283791363239,6.693906860740668e-06
50,45,two_opt,12,original_order,5.231284141540527,5.231283791363239,6.693906860740668e-06
50,45,two_opt,12,exact_fixed_orientation,5.231284141540527,5.231283791363239,6.693906860740668e-06
50,45,two_opt,12,exact_reversible,5.231284141540527,5.231283791363239,6.693906860740668e-06
50,45,two_opt,12,greedy_pair,5.231284141540527,5.231283791363239,6.693906860740668e-06
50,45,two_opt,12,random_mean,5.231284141540527,10.210120762931183,-95.17427244784433
50,45,two_opt,12,random_best,5.231284141540527,8.481819845736027,-62.13647770312606
50,45,two_opt,12,model_route,5.231284141540527,5.231283791363239,6.693906860740668e-06
50,45,two_opt,12,model_learned,5.231284141540527,6.216425649821758,-18.831733884581595
50,46,raw,4,original_order,6.107207298278809,6.107207490131259,-3.14141048437734e-06
50,46,raw,4,exact_fixed_orientation,6.107207298278809,6.107207490131259,-3.14141048437734e-06
50,46,raw,4,exact_reversible,6.107207298278809,6.107207490131259,-3.14141048437734e-06
50,46,raw,4,greedy_pair,6.107207298278809,6.107207490131259,-3.14141048437734e-06
50,46,raw,4,random_mean,6.107207298278809,8.517269174568355,-39.46258508318152
50,46,raw,4,random_best,6.107207298278809,7.889860680326819,-29.18933802280488
50,46,raw,4,model_route,6.107207298278809,6.107207490131259,-3.14141048437734e-06
50,46,raw,4,model_learned,6.107207298278809,6.107207490131259,-3.14141048437734e-06
50,46,raw,8,original_order,6.107207298278809,6.107207490131259,-3.14141048437734e-06
50,46,raw,8,exact_fixed_orientation,6.107207298278809,6.107207490131259,-3.14141048437734e-06
50,46,raw,8,exact_reversible,6.107207298278809,6.107207490131259,-3.14141048437734e-06
50,46,raw,8,greedy_pair,6.107207298278809,6.107207490131259,-3.14141048437734e-06
50,46,raw,8,random_mean,6.107207298278809,10.165445196442306,-66.4499778697086
50,46,raw,8,random_best,6.107207298278809,8.426147557795048,-37.97055096148095
50,46,raw,8,model_route,6.107207298278809,6.733630441129208,-10.25711282187758
50,46,raw,8,model_learned,6.107207298278809,6.107207490131259,-3.14141048437734e-06
50,46,raw,12,original_order,6.107207298278809,6.107207490131259,-3.14141048437734e-06
50,46,raw,12,exact_fixed_orientation,6.107207298278809,6.107207490131259,-3.14141048437734e-06
50,46,raw,12,exact_reversible,6.107207298278809,6.107207490131259,-3.14141048437734e-06
50,46,raw,12,greedy_pair,6.107207298278809,7.243684304878116,-18.608783869504478
50,46,raw,12,random_mean,6.107207298278809,10.854010407812893,-77.7246109014815
50,46,raw,12,random_best,6.107207298278809,10.01534534059465,-63.99222838591494
50,46,raw,12,model_route,6.107207298278809,6.802354549989104,-11.382407993686552
50,46,raw,12,model_learned,6.107207298278809,6.322824126109481,-3.5305306877570612
50,46,two_opt,4,original_order,6.102358818054199,6.10235901735723,-3.26599986841256e-06
50,46,two_opt,4,exact_fixed_orientation,6.102358818054199,6.10235901735723,-3.26599986841256e-06
50,46,two_opt,4,exact_reversible,6.102358818054199,6.10235901735723,-3.26599986841256e-06
50,46,two_opt,4,greedy_pair,6.102358818054199,6.10235901735723,-3.26599986841256e-06
50,46,two_opt,4,random_mean,6.102358818054199,8.512420701794326,-39.49393923886961
50,46,two_opt,4,random_best,6.102358818054199,7.885012207552791,-29.212529820837528
50,46,two_opt,4,model_route,6.102358818054199,6.10235901735723,-3.26599986841256e-06
50,46,two_opt,4,model_learned,6.102358818054199,6.10235901735723,-3.26599986841256e-06
50,46,two_opt,8,original_order,6.102358818054199,6.10235901735723,-3.26599986841256e-06
50,46,two_opt,8,exact_fixed_orientation,6.102358818054199,6.10235901735723,-3.26599986841256e-06
50,46,two_opt,8,exact_reversible,6.102358818054199,6.10235901735723,-3.26599986841256e-06
50,46,two_opt,8,greedy_pair,6.102358818054199,6.10235901735723,-3.26599986841256e-06
50,46,two_opt,8,random_mean,6.102358818054199,10.160596723668277,-66.50277419950355
50,46,two_opt,8,random_best,6.102358818054199,8.421299085021019,-38.00071965788203
50,46,two_opt,8,model_route,6.102358818054199,6.728781968355179,-10.265262482561148
50,46,two_opt,8,model_learned,6.102358818054199,6.10235901735723,-3.26599986841256e-06
50,46,two_opt,12,original_order,6.102358818054199,6.10235901735723,-3.26599986841256e-06
50,46,two_opt,12,exact_fixed_orientation,6.102358818054199,6.10235901735723,-3.26599986841256e-06
50,46,two_opt,12,exact_reversible,6.102358818054199,6.10235901735723,-3.26599986841256e-06
50,46,two_opt,12,greedy_pair,6.102358818054199,7.238835832104087,-18.623569146533164
50,46,two_opt,12,random_mean,6.102358818054199,10.891175073571503,-78.47483896471805
50,46,two_opt,12,random_best,6.102358818054199,10.059068938717246,-64.83902763890055
50,46,two_opt,12,model_route,6.102358818054199,6.377146450802684,-4.502974029247652
50,46,two_opt,12,model_learned,6.102358818054199,6.904938085004687,-13.151951415508517
50,47,raw,4,original_order,5.526008605957031,5.526008680462837,-1.3482752431641367e-06
50,47,raw,4,exact_fixed_orientation,5.526008605957031,5.526008680462837,-1.3482752431641367e-06
50,47,raw,4,exact_reversible,5.526008605957031,5.526008680462837,-1.3482752431641367e-06
50,47,raw,4,greedy_pair,5.526008605957031,5.526008680462837,-1.3482752431641367e-06
50,47,raw,4,random_mean,5.526008605957031,6.54248571023345,-18.39441768477627
50,47,raw,4,random_best,5.526008605957031,5.526008680462837,-1.3482752431641367e-06
50,47,raw,4,model_route,5.526008605957031,5.526008680462837,-1.3482752431641367e-06
50,47,raw,4,model_learned,5.526008605957031,5.526008680462837,-1.3482752431641367e-06
50,47,raw,8,original_order,5.526008605957031,5.526008680462837,-1.3482752431641367e-06
50,47,raw,8,exact_fixed_orientation,5.526008605957031,5.526008680462837,-1.3482752431641367e-06
50,47,raw,8,exact_reversible,5.526008605957031,5.526008680462837,-1.3482752431641367e-06
50,47,raw,8,greedy_pair,5.526008605957031,5.526008680462837,-1.3482752431641367e-06
50,47,raw,8,random_mean,5.526008605957031,8.914964764378965,-61.32737749935175
50,47,raw,8,random_best,5.526008605957031,8.332482039928436,-50.78662800028993
50,47,raw,8,model_route,5.526008605957031,5.526008680462837,-1.3482752431641367e-06
50,47,raw,8,model_learned,5.526008605957031,7.14667634665966,-29.32799885536825
50,47,raw,12,original_order,5.526008605957031,5.526008680462837,-1.3482752431641367e-06
50,47,raw,12,exact_fixed_orientation,5.526008605957031,5.526008680462837,-1.3482752431641367e-06
50,47,raw,12,exact_reversible,5.526008605957031,5.526008680462837,-1.3482752431641367e-06
50,47,raw,12,greedy_pair,5.526008605957031,5.526008680462837,-1.3482752431641367e-06
50,47,raw,12,random_mean,5.526008605957031,11.300296866334975,-104.4929292030647
50,47,raw,12,random_best,5.526008605957031,10.406922355294228,-88.32620608074292
50,47,raw,12,model_route,5.526008605957031,5.526008680462837,-1.3482752431641367e-06
50,47,raw,12,model_learned,5.526008605957031,6.79024051502347,-22.87784908086459
50,47,two_opt,4,original_order,5.526008605957031,5.526008680462837,-1.3482752431641367e-06
50,47,two_opt,4,exact_fixed_orientation,5.526008605957031,5.526008680462837,-1.3482752431641367e-06
50,47,two_opt,4,exact_reversible,5.526008605957031,5.526008680462837,-1.3482752431641367e-06
50,47,two_opt,4,greedy_pair,5.526008605957031,5.526008680462837,-1.3482752431641367e-06
50,47,two_opt,4,random_mean,5.526008605957031,6.54248571023345,-18.39441768477627
50,47,two_opt,4,random_best,5.526008605957031,5.526008680462837,-1.3482752431641367e-06
50,47,two_opt,4,model_route,5.526008605957031,5.526008680462837,-1.3482752431641367e-06
50,47,two_opt,4,model_learned,5.526008605957031,5.526008680462837,-1.3482752431641367e-06
50,47,two_opt,8,original_order,5.526008605957031,5.526008680462837,-1.3482752431641367e-06
50,47,two_opt,8,exact_fixed_orientation,5.526008605957031,5.526008680462837,-1.3482752431641367e-06
50,47,two_opt,8,exact_reversible,5.526008605957031,5.526008680462837,-1.3482752431641367e-06
50,47,two_opt,8,greedy_pair,5.526008605957031,5.526008680462837,-1.3482752431641367e-06
50,47,two_opt,8,random_mean,5.526008605957031,8.914964764378965,-61.32737749935175
50,47,two_opt,8,random_best,5.526008605957031,8.332482039928436,-50.78662800028993
50,47,two_opt,8,model_route,5.526008605957031,5.526008680462837,-1.3482752431641367e-06
50,47,two_opt,8,model_learned,5.526008605957031,7.14667634665966,-29.32799885536825
50,47,two_opt,12,original_order,5.526008605957031,5.526008680462837,-1.3482752431641367e-06
50,47,two_opt,12,exact_fixed_orientation,5.526008605957031,5.526008680462837,-1.3482752431641367e-06
50,47,two_opt,12,exact_reversible,5.526008605957031,5.526008680462837,-1.3482752431641367e-06
50,47,two_opt,12,greedy_pair,5.526008605957031,5.526008680462837,-1.3482752431641367e-06
50,47,two_opt,12,random_mean,5.526008605957031,11.300296866334975,-104.4929292030647
50,47,two_opt,12,random_best,5.526008605957031,10.406922355294228,-88.32620608074292
50,47,two_opt,12,model_route,5.526008605957031,5.526008680462837,-1.3482752431641367e-06
50,47,two_opt,12,model_learned,5.526008605957031,6.79024051502347,-22.87784908086459
100,0,raw,4,original_order,7.867138385772705,7.867138938978314,-7.0318530346693365e-06
100,0,raw,4,exact_fixed_orientation,7.867138385772705,7.867138938978314,-7.0318530346693365e-06
100,0,raw,4,exact_reversible,7.867138385772705,7.867138938978314,-7.0318530346693365e-06
100,0,raw,4,greedy_pair,7.867138385772705,7.867138938978314,-7.0318530346693365e-06
100,0,raw,4,random_mean,7.867138385772705,9.782443106174469,-24.34563403467631
100,0,raw,4,random_best,7.867138385772705,9.424423867836595,-19.794814908558823
100,0,raw,4,model_route,7.867138385772705,7.867138938978314,-7.0318530346693365e-06
100,0,raw,4,model_learned,7.867138385772705,7.867138938978314,-7.0318530346693365e-06
100,0,raw,8,original_order,7.867138385772705,7.867138938978314,-7.0318530346693365e-06
100,0,raw,8,exact_fixed_orientation,7.867138385772705,7.867138938978314,-7.0318530346693365e-06
100,0,raw,8,exact_reversible,7.867138385772705,7.867138938978314,-7.0318530346693365e-06
100,0,raw,8,greedy_pair,7.867138385772705,7.867138938978314,-7.0318530346693365e-06
100,0,raw,8,random_mean,7.867138385772705,11.643917315639555,-48.0070229436532
100,0,raw,8,random_best,7.867138385772705,11.135917349718511,-41.54978346201735
100,0,raw,8,model_route,7.867138385772705,7.867138938978314,-7.0318530346693365e-06
100,0,raw,8,model_learned,7.867138385772705,7.867138938978314,-7.0318530346693365e-06
100,0,raw,12,original_order,7.867138385772705,7.867138938978314,-7.0318530346693365e-06
100,0,raw,12,exact_fixed_orientation,7.867138385772705,7.867138938978314,-7.0318530346693365e-06
100,0,raw,12,exact_reversible,7.867138385772705,7.867138938978314,-7.0318530346693365e-06
100,0,raw,12,greedy_pair,7.867138385772705,7.867138938978314,-7.0318530346693365e-06
100,0,raw,12,random_mean,7.867138385772705,12.39389876788482,-57.540113827138434
100,0,raw,12,random_best,7.867138385772705,11.474766680970788,-45.85693194011032
100,0,raw,12,model_route,7.867138385772705,7.867138938978314,-7.0318530346693365e-06
100,0,raw,12,model_learned,7.867138385772705,7.867138938978314,-7.0318530346693365e-06
100,0,two_opt,4,original_order,7.858911037445068,7.858910853043199,2.3464048504334997e-06
100,0,two_opt,4,exact_fixed_orientation,7.858911037445068,7.858910853043199,2.3464048504334997e-06
100,0,two_opt,4,exact_reversible,7.858911037445068,7.858910853043199,2.3464048504334997e-06
100,0,two_opt,4,greedy_pair,7.858911037445068,7.858910853043199,2.3464048504334997e-06
100,0,two_opt,4,random_mean,7.858911037445068,9.774215020239353,-24.37111164216652
100,0,two_opt,4,random_best,7.858911037445068,9.416195781901479,-19.815528347839443
100,0,two_opt,4,model_route,7.858911037445068,7.858910853043199,2.3464048504334997e-06
100,0,two_opt,4,model_learned,7.858911037445068,7.858910853043199,2.3464048504334997e-06
100,0,two_opt,8,original_order,7.858911037445068,7.858910853043199,2.3464048504334997e-06
100,0,two_opt,8,exact_fixed_orientation,7.858911037445068,7.858910853043199,2.3464048504334997e-06
100,0,two_opt,8,exact_reversible,7.858911037445068,7.858910853043199,2.3464048504334997e-06
100,0,two_opt,8,greedy_pair,7.858911037445068,7.858910853043199,2.3464048504334997e-06
100,0,two_opt,8,random_mean,7.858911037445068,11.63568922970444,-48.05727122071103
100,0,two_opt,8,random_best,7.858911037445068,11.127689263783395,-41.59327177472423
100,0,two_opt,8,model_route,7.858911037445068,7.858910853043199,2.3464048504334997e-06
100,0,two_opt,8,model_learned,7.858911037445068,7.858910853043199,2.3464048504334997e-06
100,0,two_opt,12,original_order,7.858911037445068,7.858910853043199,2.3464048504334997e-06
100,0,two_opt,12,exact_fixed_orientation,7.858911037445068,7.858910853043199,2.3464048504334997e-06
100,0,two_opt,12,exact_reversible,7.858911037445068,7.858910853043199,2.3464048504334997e-06
100,0,two_opt,12,greedy_pair,7.858911037445068,7.858910853043199,2.3464048504334997e-06
100,0,two_opt,12,random_mean,7.858911037445068,12.38944886950776,-57.64841732494747
100,0,two_opt,12,random_best,7.858911037445068,11.467165859416127,-45.91291089540189
100,0,two_opt,12,model_route,7.858911037445068,7.858910853043199,2.3464048504334997e-06
100,0,two_opt,12,model_learned,7.858911037445068,10.009101903066039,-27.359908457749864
100,1,raw,4,original_order,7.650821208953857,7.650821216404438,-9.738275661447054e-08
100,1,raw,4,exact_fixed_orientation,7.650821208953857,7.650821216404438,-9.738275661447054e-08
100,1,raw,4,exact_reversible,7.650821208953857,7.650821216404438,-9.738275661447054e-08
100,1,raw,4,greedy_pair,7.650821208953857,7.650821216404438,-9.738275661447054e-08
100,1,raw,4,random_mean,7.650821208953857,9.040253341197968,-18.16056204029496
100,1,raw,4,random_best,7.650821208953857,8.715383037924767,-13.914347230138358
100,1,raw,4,model_route,7.650821208953857,7.650821216404438,-9.738275661447054e-08
100,1,raw,4,model_learned,7.650821208953857,7.650821216404438,-9.738275661447054e-08
100,1,raw,8,original_order,7.650821208953857,7.650821216404438,-9.738275661447054e-08
100,1,raw,8,exact_fixed_orientation,7.650821208953857,7.650821216404438,-9.738275661447054e-08
100,1,raw,8,exact_reversible,7.650821208953857,7.650821216404438,-9.738275661447054e-08
100,1,raw,8,greedy_pair,7.650821208953857,7.650821216404438,-9.738275661447054e-08
100,1,raw,8,random_mean,7.650821208953857,10.825323364930227,-41.49230611037163
100,1,raw,8,random_best,7.650821208953857,9.421838086098433,-23.148062525261086
100,1,raw,8,model_route,7.650821208953857,7.650821216404438,-9.738275661447054e-08
100,1,raw,8,model_learned,7.650821208953857,7.650821216404438,-9.738275661447054e-08
100,1,raw,12,original_order,7.650821208953857,7.650821216404438,-9.738275661447054e-08
100,1,raw,12,exact_fixed_orientation,7.650821208953857,7.650821216404438,-9.738275661447054e-08
100,1,raw,12,exact_reversible,7.650821208953857,7.650821216404438,-9.738275661447054e-08
100,1,raw,12,greedy_pair,7.650821208953857,7.650821216404438,-9.738275661447054e-08
100,1,raw,12,random_mean,7.650821208953857,13.352528135292232,-74.52411670090514
100,1,raw,12,random_best,7.650821208953857,12.71862392500043,-66.23867657651776
100,1,raw,12,model_route,7.650821208953857,7.650821216404438,-9.738275661447054e-08
100,1,raw,12,model_learned,7.650821208953857,7.650821216404438,-9.738275661447054e-08
100,1,two_opt,4,original_order,7.650821208953857,7.650821216404438,-9.738275661447054e-08
100,1,two_opt,4,exact_fixed_orientation,7.650821208953857,7.650821216404438,-9.738275661447054e-08
100,1,two_opt,4,exact_reversible,7.650821208953857,7.650821216404438,-9.738275661447054e-08
100,1,two_opt,4,greedy_pair,7.650821208953857,7.650821216404438,-9.738275661447054e-08
100,1,two_opt,4,random_mean,7.650821208953857,9.040253341197968,-18.16056204029496
100,1,two_opt,4,random_best,7.650821208953857,8.715383037924767,-13.914347230138358
100,1,two_opt,4,model_route,7.650821208953857,7.650821216404438,-9.738275661447054e-08
100,1,two_opt,4,model_learned,7.650821208953857,7.650821216404438,-9.738275661447054e-08
100,1,two_opt,8,original_order,7.650821208953857,7.650821216404438,-9.738275661447054e-08
100,1,two_opt,8,exact_fixed_orientation,7.650821208953857,7.650821216404438,-9.738275661447054e-08
100,1,two_opt,8,exact_reversible,7.650821208953857,7.650821216404438,-9.738275661447054e-08
100,1,two_opt,8,greedy_pair,7.650821208953857,7.650821216404438,-9.738275661447054e-08
100,1,two_opt,8,random_mean,7.650821208953857,10.825323364930227,-41.49230611037163
100,1,two_opt,8,random_best,7.650821208953857,9.421838086098433,-23.148062525261086
100,1,two_opt,8,model_route,7.650821208953857,7.650821216404438,-9.738275661447054e-08
100,1,two_opt,8,model_learned,7.650821208953857,7.650821216404438,-9.738275661447054e-08
100,1,two_opt,12,original_order,7.650821208953857,7.650821216404438,-9.738275661447054e-08
100,1,two_opt,12,exact_fixed_orientation,7.650821208953857,7.650821216404438,-9.738275661447054e-08
100,1,two_opt,12,exact_reversible,7.650821208953857,7.650821216404438,-9.738275661447054e-08
100,1,two_opt,12,greedy_pair,7.650821208953857,7.650821216404438,-9.738275661447054e-08
100,1,two_opt,12,random_mean,7.650821208953857,13.352528135292232,-74.52411670090514
100,1,two_opt,12,random_best,7.650821208953857,12.71862392500043,-66.23867657651776
100,1,two_opt,12,model_route,7.650821208953857,7.650821216404438,-9.738275661447054e-08
100,1,two_opt,12,model_learned,7.650821208953857,7.650821216404438,-9.738275661447054e-08
100,2,raw,4,original_order,7.915815353393555,7.915815276093781,9.765232037650534e-07
100,2,raw,4,exact_fixed_orientation,7.915815353393555,7.915815276093781,9.765232037650534e-07
100,2,raw,4,exact_reversible,7.915815353393555,7.915815276093781,9.765232037650534e-07
100,2,raw,4,greedy_pair,7.915815353393555,7.915815276093781,9.765232037650534e-07
100,2,raw,4,random_mean,7.915815353393555,9.397849599365145,-18.722445885959605
100,2,raw,4,random_best,7.915815353393555,7.915815276093781,9.765232037650534e-07
100,2,raw,4,model_route,7.915815353393555,7.915815276093781,9.765232037650534e-07
100,2,raw,4,model_learned,7.915815353393555,7.915815276093781,9.765232037650534e-07
100,2,raw,8,original_order,7.915815353393555,7.915815276093781,9.765232037650534e-07
100,2,raw,8,exact_fixed_orientation,7.915815353393555,7.915815276093781,9.765232037650534e-07
100,2,raw,8,exact_reversible,7.915815353393555,7.915815276093781,9.765232037650534e-07
100,2,raw,8,greedy_pair,7.915815353393555,7.915815276093781,9.765232037650534e-07
100,2,raw,8,random_mean,7.915815353393555,11.163801653310657,-41.031607672918646
100,2,raw,8,random_best,7.915815353393555,10.261975948698819,-29.638899981408127
100,2,raw,8,model_route,7.915815353393555,7.915815276093781,9.765232037650534e-07
100,2,raw,8,model_learned,7.915815353393555,7.915815276093781,9.765232037650534e-07
100,2,raw,12,original_order,7.915815353393555,7.915815276093781,9.765232037650534e-07
100,2,raw,12,exact_fixed_orientation,7.915815353393555,7.915815276093781,9.765232037650534e-07
100,2,raw,12,exact_reversible,7.915815353393555,7.915815276093781,9.765232037650534e-07
100,2,raw,12,greedy_pair,7.915815353393555,7.915815276093781,9.765232037650534e-07
100,2,raw,12,random_mean,7.915815353393555,13.571922931820154,-71.45325308784261
100,2,raw,12,random_best,7.915815353393555,12.392011647112668,-56.54750766514712
100,2,raw,12,model_route,7.915815353393555,9.106588211841881,-15.04295900406312
100,2,raw,12,model_learned,7.915815353393555,7.915815276093781,9.765232037650534e-07
100,2,two_opt,4,original_order,7.896719455718994,7.896719827316701,-4.705722539027975e-06
100,2,two_opt,4,exact_fixed_orientation,7.896719455718994,7.896719827316701,-4.705722539027975e-06
100,2,two_opt,4,exact_reversible,7.896719455718994,7.896719827316701,-4.705722539027975e-06
100,2,two_opt,4,greedy_pair,7.896719455718994,7.896719827316701,-4.705722539027975e-06
100,2,two_opt,4,random_mean,7.896719455718994,9.378754150588065,-18.767726309382134
100,2,two_opt,4,random_best,7.896719455718994,7.896719827316701,-4.705722539027975e-06
100,2,two_opt,4,model_route,7.896719455718994,7.896719827316701,-4.705722539027975e-06
100,2,two_opt,4,model_learned,7.896719455718994,7.896719827316701,-4.705722539027975e-06
100,2,two_opt,8,original_order,7.896719455718994,7.896719827316701,-4.705722539027975e-06
100,2,two_opt,8,exact_fixed_orientation,7.896719455718994,7.896719827316701,-4.705722539027975e-06
100,2,two_opt,8,exact_reversible,7.896719455718994,7.896719827316701,-4.705722539027975e-06
100,2,two_opt,8,greedy_pair,7.896719455718994,7.896719827316701,-4.705722539027975e-06
100,2,two_opt,8,random_mean,7.896719455718994,11.144706204533577,-41.130836254570404
100,2,two_opt,8,random_best,7.896719455718994,10.242880499921739,-29.71057864419381
100,2,two_opt,8,model_route,7.896719455718994,7.896719827316701,-4.705722539027975e-06
100,2,two_opt,8,model_learned,7.896719455718994,7.896719827316701,-4.705722539027975e-06
100,2,two_opt,12,original_order,7.896719455718994,7.896719827316701,-4.705722539027975e-06
100,2,two_opt,12,exact_fixed_orientation,7.896719455718994,7.896719827316701,-4.705722539027975e-06
100,2,two_opt,12,exact_reversible,7.896719455718994,7.896719827316701,-4.705722539027975e-06
100,2,two_opt,12,greedy_pair,7.896719455718994,7.896719827316701,-4.705722539027975e-06
100,2,two_opt,12,random_mean,7.896719455718994,13.604538610205054,-72.28089064696759
100,2,two_opt,12,random_best,7.896719455718994,12.442135131917894,-57.560809924771995
100,2,two_opt,12,model_route,7.896719455718994,9.087492763064802,-15.079341668690292
100,2,two_opt,12,model_learned,7.896719455718994,7.896719827316701,-4.705722539027975e-06
100,3,raw,4,original_order,7.416010856628418,7.41601062938571,3.0642175773390033e-06
100,3,raw,4,exact_fixed_orientation,7.416010856628418,7.41601062938571,3.0642175773390033e-06
100,3,raw,4,exact_reversible,7.416010856628418,7.41601062938571,3.0642175773390033e-06
100,3,raw,4,greedy_pair,7.416010856628418,7.41601062938571,3.0642175773390033e-06
100,3,raw,4,random_mean,7.416010856628418,8.981392262503505,-21.10813260846229
100,3,raw,4,random_best,7.416010856628418,8.37193700671196,-12.890031697150722
100,3,raw,4,model_route,7.416010856628418,7.41601062938571,3.0642175773390033e-06
100,3,raw,4,model_learned,7.416010856628418,7.41601062938571,3.0642175773390033e-06
100,3,raw,8,original_order,7.416010856628418,7.41601062938571,3.0642175773390033e-06
100,3,raw,8,exact_fixed_orientation,7.416010856628418,7.41601062938571,3.0642175773390033e-06
100,3,raw,8,exact_reversible,7.416010856628418,7.41601062938571,3.0642175773390033e-06
100,3,raw,8,greedy_pair,7.416010856628418,7.41601062938571,3.0642175773390033e-06
100,3,raw,8,random_mean,7.416010856628418,10.753727913135663,-45.0069062874146
100,3,raw,8,random_best,7.416010856628418,9.390828218311071,-26.629105591418668
100,3,raw,8,model_route,7.416010856628418,7.41601062938571,3.0642175773390033e-06
100,3,raw,8,model_learned,7.416010856628418,7.41601062938571,3.0642175773390033e-06
100,3,raw,12,original_order,7.416010856628418,7.41601062938571,3.0642175773390033e-06
100,3,raw,12,exact_fixed_orientation,7.416010856628418,7.41601062938571,3.0642175773390033e-06
100,3,raw,12,exact_reversible,7.416010856628418,7.41601062938571,3.0642175773390033e-06
100,3,raw,12,greedy_pair,7.416010856628418,7.41601062938571,3.0642175773390033e-06
100,3,raw,12,random_mean,7.416010856628418,12.074893425218761,-62.821949140301506
100,3,raw,12,random_best,7.416010856628418,11.166044909507036,-50.566728196289574
100,3,raw,12,model_route,7.416010856628418,7.41601062938571,3.0642175773390033e-06
100,3,raw,12,model_learned,7.416010856628418,7.41601062938571,3.0642175773390033e-06
100,3,two_opt,4,original_order,7.4064178466796875,7.406417179852724,9.003366772286856e-06
100,3,two_opt,4,exact_fixed_orientation,7.4064178466796875,7.406417179852724,9.003366772286856e-06
100,3,two_opt,4,exact_reversible,7.4064178466796875,7.406417179852724,9.003366772286856e-06
100,3,two_opt,4,greedy_pair,7.4064178466796875,7.406417179852724,9.003366772286856e-06
100,3,two_opt,4,random_mean,7.4064178466796875,8.971798812970519,-21.13546654665987
100,3,two_opt,4,random_best,7.4064178466796875,8.362343557178974,-12.906721309652143
100,3,two_opt,4,model_route,7.4064178466796875,7.406417179852724,9.003366772286856e-06
100,3,two_opt,4,model_learned,7.4064178466796875,7.406417179852724,9.003366772286856e-06
100,3,two_opt,8,original_order,7.4064178466796875,7.406417179852724,9.003366772286856e-06
100,3,two_opt,8,exact_fixed_orientation,7.4064178466796875,7.406417179852724,9.003366772286856e-06
100,3,two_opt,8,exact_reversible,7.4064178466796875,7.406417179852724,9.003366772286856e-06
100,3,two_opt,8,greedy_pair,7.4064178466796875,7.406417179852724,9.003366772286856e-06
100,3,two_opt,8,random_mean,7.4064178466796875,10.744134463602677,-45.065194619275964
100,3,two_opt,8,random_best,7.4064178466796875,9.381234768778086,-26.663590455995035
100,3,two_opt,8,model_route,7.4064178466796875,7.406417179852724,9.003366772286856e-06
100,3,two_opt,8,model_learned,7.4064178466796875,7.406417179852724,9.003366772286856e-06
100,3,two_opt,12,original_order,7.4064178466796875,7.406417179852724,9.003366772286856e-06
100,3,two_opt,12,exact_fixed_orientation,7.4064178466796875,7.406417179852724,9.003366772286856e-06
100,3,two_opt,12,exact_reversible,7.4064178466796875,7.406417179852724,9.003366772286856e-06
100,3,two_opt,12,greedy_pair,7.4064178466796875,7.406417179852724,9.003366772286856e-06
100,3,two_opt,12,random_mean,7.4064178466796875,12.042951135896146,-62.60156239085304
100,3,two_opt,12,random_best,7.4064178466796875,11.159160774201155,-50.66879840169738
100,3,two_opt,12,model_route,7.4064178466796875,7.406417179852724,9.003366772286856e-06
100,3,two_opt,12,model_learned,7.4064178466796875,8.710985735058784,-17.614019562289986
100,4,raw,4,original_order,7.732487678527832,7.732487183995545,6.395513419233431e-06
100,4,raw,4,exact_fixed_orientation,7.732487678527832,7.732487183995545,6.395513419233431e-06
100,4,raw,4,exact_reversible,7.732487678527832,7.732487183995545,6.395513419233431e-06
100,4,raw,4,greedy_pair,7.732487678527832,7.732487183995545,6.395513419233431e-06
100,4,raw,4,random_mean,7.732487678527832,9.127305357018486,-18.0384080321769
100,4,raw,4,random_best,7.732487678527832,7.732487183995545,6.395513419233431e-06
100,4,raw,4,model_route,7.732487678527832,7.732487183995545,6.395513419233431e-06
100,4,raw,4,model_learned,7.732487678527832,7.732487183995545,6.395513419233431e-06
100,4,raw,8,original_order,7.732487678527832,7.732487183995545,6.395513419233431e-06
100,4,raw,8,exact_fixed_orientation,7.732487678527832,7.732487183995545,6.395513419233431e-06
100,4,raw,8,exact_reversible,7.732487678527832,7.732487183995545,6.395513419233431e-06
100,4,raw,8,greedy_pair,7.732487678527832,7.732487183995545,6.395513419233431e-06
100,4,raw,8,random_mean,7.732487678527832,11.394409476779401,-47.35761569229882
100,4,raw,8,random_best,7.732487678527832,10.732477081008255,-38.797208960462044
100,4,raw,8,model_route,7.732487678527832,7.732487183995545,6.395513419233431e-06
100,4,raw,8,model_learned,7.732487678527832,7.732487183995545,6.395513419233431e-06
100,4,raw,12,original_order,7.732487678527832,7.732487183995545,6.395513419233431e-06
100,4,raw,12,exact_fixed_orientation,7.732487678527832,7.732487183995545,6.395513419233431e-06
100,4,raw,12,exact_reversible,7.732487678527832,7.732487183995545,6.395513419233431e-06
100,4,raw,12,greedy_pair,7.732487678527832,7.732487183995545,6.395513419233431e-06
100,4,raw,12,random_mean,7.732487678527832,12.678739330731332,-63.967145604882546
100,4,raw,12,random_best,7.732487678527832,10.917223821394145,-41.186436697596484
100,4,raw,12,model_route,7.732487678527832,8.452420358546078,-9.310492430753051
100,4,raw,12,model_learned,7.732487678527832,8.315899138338864,-7.544938757950999
100,4,two_opt,4,original_order,7.725353240966797,7.7253527501598,6.353198119403206e-06
100,4,two_opt,4,exact_fixed_orientation,7.725353240966797,7.7253527501598,6.353198119403206e-06
100,4,two_opt,4,exact_reversible,7.725353240966797,7.7253527501598,6.353198119403206e-06
100,4,two_opt,4,greedy_pair,7.725353240966797,7.7253527501598,6.353198119403206e-06
100,4,two_opt,4,random_mean,7.725353240966797,9.12017092318274,-18.055066722636855
100,4,two_opt,4,random_best,7.725353240966797,7.7253527501598,6.353198119403206e-06
100,4,two_opt,4,model_route,7.725353240966797,7.7253527501598,6.353198119403206e-06
100,4,two_opt,4,model_learned,7.725353240966797,7.7253527501598,6.353198119403206e-06
100,4,two_opt,8,original_order,7.725353240966797,7.7253527501598,6.353198119403206e-06
100,4,two_opt,8,exact_fixed_orientation,7.725353240966797,7.7253527501598,6.353198119403206e-06
100,4,two_opt,8,exact_reversible,7.725353240966797,7.7253527501598,6.353198119403206e-06
100,4,two_opt,8,greedy_pair,7.725353240966797,7.7253527501598,6.353198119403206e-06
100,4,two_opt,8,random_mean,7.725353240966797,11.387275042943656,-47.40135095128135
100,4,two_opt,8,random_best,7.725353240966797,10.72534264717251,-38.83303860200284
100,4,two_opt,8,model_route,7.725353240966797,7.7253527501598,6.353198119403206e-06
100,4,two_opt,8,model_learned,7.725353240966797,7.7253527501598,6.353198119403206e-06
100,4,two_opt,12,original_order,7.725353240966797,7.7253527501598,6.353198119403206e-06
100,4,two_opt,12,exact_fixed_orientation,7.725353240966797,7.7253527501598,6.353198119403206e-06
100,4,two_opt,12,exact_reversible,7.725353240966797,7.7253527501598,6.353198119403206e-06
100,4,two_opt,12,greedy_pair,7.725353240966797,7.7253527501598,6.353198119403206e-06
100,4,two_opt,12,random_mean,7.725353240966797,12.671604896895587,-64.026219923502
100,4,two_opt,12,random_best,7.725353240966797,10.9100893875584,-41.22447281379002
100,4,two_opt,12,model_route,7.725353240966797,8.445285924710333,-9.319090807729069
100,4,two_opt,12,model_learned,7.725353240966797,8.308764704503119,-7.5519066292340895
100,5,raw,4,original_order,8.010211944580078,8.010212436318398,-6.138892738408699e-06
100,5,raw,4,exact_fixed_orientation,8.010211944580078,8.010212436318398,-6.138892738408699e-06
100,5,raw,4,exact_reversible,8.010211944580078,8.010212436318398,-6.138892738408699e-06
100,5,raw,4,greedy_pair,8.010211944580078,8.010212436318398,-6.138892738408699e-06
100,5,raw,4,random_mean,8.010211944580078,9.144090114394203,-14.155407842626895
100,5,raw,4,random_best,8.010211944580078,8.010212436318398,-6.138892738408699e-06
100,5,raw,4,model_route,8.010211944580078,8.010212436318398,-6.138892738408699e-06
100,5,raw,4,model_learned,8.010211944580078,8.010212436318398,-6.138892738408699e-06
100,5,raw,8,original_order,8.010211944580078,8.010212436318398,-6.138892738408699e-06
100,5,raw,8,exact_fixed_orientation,8.010211944580078,8.010212436318398,-6.138892738408699e-06
100,5,raw,8,exact_reversible,8.010211944580078,8.010212436318398,-6.138892738408699e-06
100,5,raw,8,greedy_pair,8.010211944580078,8.010212436318398,-6.138892738408699e-06
100,5,raw,8,random_mean,8.010211944580078,11.779116823105142,-47.05125038639214
100,5,raw,8,random_best,8.010211944580078,9.828376388177276,-22.698081601041977
100,5,raw,8,model_route,8.010211944580078,8.010212436318398,-6.138892738408699e-06
100,5,raw,8,model_learned,8.010211944580078,8.010212436318398,-6.138892738408699e-06
100,5,raw,12,original_order,8.010211944580078,8.010212436318398,-6.138892738408699e-06
100,5,raw,12,exact_fixed_orientation,8.010211944580078,8.010212436318398,-6.138892738408699e-06
100,5,raw,12,exact_reversible,8.010211944580078,8.010212436318398,-6.138892738408699e-06
100,5,raw,12,greedy_pair,8.010211944580078,8.010212436318398,-6.138892738408699e-06
100,5,raw,12,random_mean,8.010211944580078,13.978833704139106,-74.51265710388044
100,5,raw,12,random_best,8.010211944580078,12.72126939613372,-58.8131435740757
100,5,raw,12,model_route,8.010211944580078,8.813567318022251,-10.029140040242563
100,5,raw,12,model_learned,8.010211944580078,8.010212436318398,-6.138892738408699e-06
100,5,two_opt,4,original_order,8.005240440368652,8.005240246653557,2.4198535567171383e-06
100,5,two_opt,4,exact_fixed_orientation,8.005240440368652,8.005240246653557,2.4198535567171383e-06
100,5,two_opt,4,exact_reversible,8.005240440368652,8.005240246653557,2.4198535567171383e-06
100,5,two_opt,4,greedy_pair,8.005240440368652,8.005240246653557,2.4198535567171383e-06
100,5,two_opt,4,random_mean,8.005240440368652,9.139117924729362,-14.164190230224905
100,5,two_opt,4,random_best,8.005240440368652,8.005240246653557,2.4198535567171383e-06
100,5,two_opt,4,model_route,8.005240440368652,8.005240246653557,2.4198535567171383e-06
100,5,two_opt,4,model_learned,8.005240440368652,8.005240246653557,2.4198535567171383e-06
100,5,two_opt,8,original_order,8.005240440368652,8.005240246653557,2.4198535567171383e-06
100,5,two_opt,8,exact_fixed_orientation,8.005240440368652,8.005240246653557,2.4198535567171383e-06
100,5,two_opt,8,exact_reversible,8.005240440368652,8.005240246653557,2.4198535567171383e-06
100,5,two_opt,8,greedy_pair,8.005240440368652,8.005240246653557,2.4198535567171383e-06
100,5,two_opt,8,random_mean,8.005240440368652,11.7741446334403,-47.08046211911263
100,5,two_opt,8,random_best,8.005240440368652,9.823404198512435,-22.712169255718866
100,5,two_opt,8,model_route,8.005240440368652,8.005240246653557,2.4198535567171383e-06
100,5,two_opt,8,model_learned,8.005240440368652,8.005240246653557,2.4198535567171383e-06
100,5,two_opt,12,original_order,8.005240440368652,8.005240246653557,2.4198535567171383e-06
100,5,two_opt,12,exact_fixed_orientation,8.005240440368652,8.005240246653557,2.4198535567171383e-06
100,5,two_opt,12,exact_reversible,8.005240440368652,8.005240246653557,2.4198535567171383e-06
100,5,two_opt,12,greedy_pair,8.005240440368652,8.005240246653557,2.4198535567171383e-06
100,5,two_opt,12,random_mean,8.005240440368652,13.973861514474265,-74.55892322742963
100,5,two_opt,12,random_best,8.005240440368652,12.71629720646888,-58.84965980963437
100,5,two_opt,12,model_route,8.005240440368652,8.80859512835741,-10.035359886726432
100,5,two_opt,12,model_learned,8.005240440368652,8.005240246653557,2.4198535567171383e-06
100,6,raw,4,original_order,7.922487258911133,7.9224872859194875,-3.4090751781860117e-07
100,6,raw,4,exact_fixed_orientation,7.922487258911133,7.9224872859194875,-3.4090751781860117e-07
100,6,raw,4,exact_reversible,7.922487258911133,7.9224872859194875,-3.4090751781860117e-07
100,6,raw,4,greedy_pair,7.922487258911133,7.9224872859194875,-3.4090751781860117e-07
100,6,raw,4,random_mean,7.922487258911133,9.952130211517215,-25.618759441022267
100,6,raw,4,random_best,7.922487258911133,7.9224872859194875,-3.4090751781860117e-07
100,6,raw,4,model_route,7.922487258911133,7.9224872859194875,-3.4090751781860117e-07
100,6,raw,4,model_learned,7.922487258911133,9.37425082642585,-18.324593275701247
100,6,raw,8,original_order,7.922487258911133,7.9224872859194875,-3.4090751781860117e-07
100,6,raw,8,exact_fixed_orientation,7.922487258911133,7.9224872859194875,-3.4090751781860117e-07
100,6,raw,8,exact_reversible,7.922487258911133,7.9224872859194875,-3.4090751781860117e-07
100,6,raw,8,greedy_pair,7.922487258911133,7.9224872859194875,-3.4090751781860117e-07
100,6,raw,8,random_mean,7.922487258911133,11.922936152201146,-50.494860547618416
100,6,raw,8,random_best,7.922487258911133,10.75619147438556,-35.76786081021595
100,6,raw,8,model_route,7.922487258911133,7.9224872859194875,-3.4090751781860117e-07
100,6,raw,8,model_learned,7.922487258911133,7.9224872859194875,-3.4090751781860117e-07
100,6,raw,12,original_order,7.922487258911133,7.9224872859194875,-3.4090751781860117e-07
100,6,raw,12,exact_fixed_orientation,7.922487258911133,7.9224872859194875,-3.4090751781860117e-07
100,6,raw,12,exact_reversible,7.922487258911133,7.9224872859194875,-3.4090751781860117e-07
100,6,raw,12,greedy_pair,7.922487258911133,7.9224872859194875,-3.4090751781860117e-07
100,6,raw,12,random_mean,7.922487258911133,13.921431428520009,-75.72046471720513
100,6,raw,12,random_best,7.922487258911133,13.197219374589622,-66.57924390784629
100,6,raw,12,model_route,7.922487258911133,7.9224872859194875,-3.4090751781860117e-07
100,6,raw,12,model_learned,7.922487258911133,7.9224872859194875,-3.4090751781860117e-07
100,6,two_opt,4,original_order,7.922487258911133,7.9224872859194875,-3.4090751781860117e-07
100,6,two_opt,4,exact_fixed_orientation,7.922487258911133,7.9224872859194875,-3.4090751781860117e-07
100,6,two_opt,4,exact_reversible,7.922487258911133,7.9224872859194875,-3.4090751781860117e-07
100,6,two_opt,4,greedy_pair,7.922487258911133,7.9224872859194875,-3.4090751781860117e-07
100,6,two_opt,4,random_mean,7.922487258911133,9.952130211517215,-25.618759441022267
100,6,two_opt,4,random_best,7.922487258911133,7.9224872859194875,-3.4090751781860117e-07
100,6,two_opt,4,model_route,7.922487258911133,7.9224872859194875,-3.4090751781860117e-07
100,6,two_opt,4,model_learned,7.922487258911133,9.37425082642585,-18.324593275701247
100,6,two_opt,8,original_order,7.922487258911133,7.9224872859194875,-3.4090751781860117e-07
100,6,two_opt,8,exact_fixed_orientation,7.922487258911133,7.9224872859194875,-3.4090751781860117e-07
100,6,two_opt,8,exact_reversible,7.922487258911133,7.9224872859194875,-3.4090751781860117e-07
100,6,two_opt,8,greedy_pair,7.922487258911133,7.9224872859194875,-3.4090751781860117e-07
100,6,two_opt,8,random_mean,7.922487258911133,11.922936152201146,-50.494860547618416
100,6,two_opt,8,random_best,7.922487258911133,10.75619147438556,-35.76786081021595
100,6,two_opt,8,model_route,7.922487258911133,7.9224872859194875,-3.4090751781860117e-07
100,6,two_opt,8,model_learned,7.922487258911133,7.9224872859194875,-3.4090751781860117e-07
100,6,two_opt,12,original_order,7.922487258911133,7.9224872859194875,-3.4090751781860117e-07
100,6,two_opt,12,exact_fixed_orientation,7.922487258911133,7.9224872859194875,-3.4090751781860117e-07
100,6,two_opt,12,exact_reversible,7.922487258911133,7.9224872859194875,-3.4090751781860117e-07
100,6,two_opt,12,greedy_pair,7.922487258911133,7.9224872859194875,-3.4090751781860117e-07
100,6,two_opt,12,random_mean,7.922487258911133,13.921431428520009,-75.72046471720513
100,6,two_opt,12,random_best,7.922487258911133,13.197219374589622,-66.57924390784629
100,6,two_opt,12,model_route,7.922487258911133,7.9224872859194875,-3.4090751781860117e-07
100,6,two_opt,12,model_learned,7.922487258911133,7.9224872859194875,-3.4090751781860117e-07
100,7,raw,4,original_order,7.313409805297852,7.313409551978111,3.4637706219047746e-06
100,7,raw,4,exact_fixed_orientation,7.313409805297852,7.313409551978111,3.4637706219047746e-06
100,7,raw,4,exact_reversible,7.313409805297852,7.313409551978111,3.4637706219047746e-06
100,7,raw,4,greedy_pair,7.313409805297852,7.313409551978111,3.4637706219047746e-06
100,7,raw,4,random_mean,7.313409805297852,8.507651804946363,-16.3294828464747
100,7,raw,4,random_best,7.313409805297852,7.313409551978111,3.4637706219047746e-06
100,7,raw,4,model_route,7.313409805297852,7.313409551978111,3.4637706219047746e-06
100,7,raw,4,model_learned,7.313409805297852,7.313409551978111,3.4637706219047746e-06
100,7,raw,8,original_order,7.313409805297852,7.313409551978111,3.4637706219047746e-06
100,7,raw,8,exact_fixed_orientation,7.313409805297852,7.313409551978111,3.4637706219047746e-06
100,7,raw,8,exact_reversible,7.313409805297852,7.313409551978111,3.4637706219047746e-06
100,7,raw,8,greedy_pair,7.313409805297852,7.313409551978111,3.4637706219047746e-06
100,7,raw,8,random_mean,7.313409805297852,10.484181722160429,-43.355589270625345
100,7,raw,8,random_best,7.313409805297852,10.011949215084314,-36.89851220741978
100,7,raw,8,model_route,7.313409805297852,7.313409551978111,3.4637706219047746e-06
100,7,raw,8,model_learned,7.313409805297852,7.313409551978111,3.4637706219047746e-06
100,7,raw,12,original_order,7.313409805297852,7.313409551978111,3.4637706219047746e-06
100,7,raw,12,exact_fixed_orientation,7.313409805297852,7.313409551978111,3.4637706219047746e-06
100,7,raw,12,exact_reversible,7.313409805297852,7.313409551978111,3.4637706219047746e-06
100,7,raw,12,greedy_pair,7.313409805297852,7.313409551978111,3.4637706219047746e-06
100,7,raw,12,random_mean,7.313409805297852,12.881565547082573,-76.13624684003263
100,7,raw,12,random_best,7.313409805297852,11.875249966979027,-62.37637823025543
100,7,raw,12,model_route,7.313409805297852,7.313409551978111,3.4637706219047746e-06
100,7,raw,12,model_learned,7.313409805297852,9.204947277903557,-25.86396117492925
100,7,two_opt,4,original_order,7.30092716217041,7.300926711410284,6.1740120960183666e-06
100,7,two_opt,4,exact_fixed_orientation,7.30092716217041,7.300926711410284,6.1740120960183666e-06
100,7,two_opt,4,exact_reversible,7.30092716217041,7.300926711410284,6.1740120960183666e-06
100,7,two_opt,4,greedy_pair,7.30092716217041,7.300926711410284,6.1740120960183666e-06
100,7,two_opt,4,random_mean,7.30092716217041,8.495168964378536,-16.357399213569238
100,7,two_opt,4,random_best,7.30092716217041,7.300926711410284,6.1740120960183666e-06
100,7,two_opt,4,model_route,7.30092716217041,7.300926711410284,6.1740120960183666e-06
100,7,two_opt,4,model_learned,7.30092716217041,7.300926711410284,6.1740120960183666e-06
100,7,two_opt,8,original_order,7.30092716217041,7.300926711410284,6.1740120960183666e-06
100,7,two_opt,8,exact_fixed_orientation,7.30092716217041,7.300926711410284,6.1740120960183666e-06
100,7,two_opt,8,exact_reversible,7.30092716217041,7.300926711410284,6.1740120960183666e-06
100,7,two_opt,8,greedy_pair,7.30092716217041,7.300926711410284,6.1740120960183666e-06
100,7,two_opt,8,random_mean,7.30092716217041,10.471698881592602,-43.42971308974939
100,7,two_opt,8,random_best,7.30092716217041,9.999466374516487,-36.961596142589904
100,7,two_opt,8,model_route,7.30092716217041,7.300926711410284,6.1740120960183666e-06
100,7,two_opt,8,model_learned,7.30092716217041,7.300926711410284,6.1740120960183666e-06
100,7,two_opt,12,original_order,7.30092716217041,7.300926711410284,6.1740120960183666e-06
100,7,two_opt,12,exact_fixed_orientation,7.30092716217041,7.300926711410284,6.1740120960183666e-06
100,7,two_opt,12,exact_reversible,7.30092716217041,7.300926711410284,6.1740120960183666e-06
100,7,two_opt,12,greedy_pair,7.30092716217041,7.300926711410284,6.1740120960183666e-06
100,7,two_opt,12,random_mean,7.30092716217041,12.864824465010315,-76.20809219504496
100,7,two_opt,12,random_best,7.30092716217041,11.8627671264112,-62.48302253825871
100,7,two_opt,12,model_route,7.30092716217041,8.403514944016933,-15.102024131394668
100,7,two_opt,12,model_learned,7.30092716217041,7.300926711410284,6.1740120960183666e-06
100,8,raw,4,original_order,7.776210308074951,7.776210240088403,8.742889563613208e-07
100,8,raw,4,exact_fixed_orientation,7.776210308074951,7.776210240088403,8.742889563613208e-07
100,8,raw,4,exact_reversible,7.776210308074951,7.776210240088403,8.742889563613208e-07
100,8,raw,4,greedy_pair,7.776210308074951,7.776210240088403,8.742889563613208e-07
100,8,raw,4,random_mean,7.776210308074951,9.21416310314089,-18.491691172147753
100,8,raw,4,random_best,7.776210308074951,7.776210240088403,8.742889563613208e-07
100,8,raw,4,model_route,7.776210308074951,7.776210240088403,8.742889563613208e-07
100,8,raw,4,model_learned,7.776210308074951,7.776210240088403,8.742889563613208e-07
100,8,raw,8,original_order,7.776210308074951,7.776210240088403,8.742889563613208e-07
100,8,raw,8,exact_fixed_orientation,7.776210308074951,7.776210240088403,8.742889563613208e-07
100,8,raw,8,exact_reversible,7.776210308074951,7.776210240088403,8.742889563613208e-07
100,8,raw,8,greedy_pair,7.776210308074951,7.776210240088403,8.742889563613208e-07
100,8,raw,8,random_mean,7.776210308074951,11.259762959554791,-44.79756222465407
100,8,raw,8,random_best,7.776210308074951,10.29987884964794,-32.453707417768356
100,8,raw,8,model_route,7.776210308074951,9.629282935522497,-23.830022003433765
100,8,raw,8,model_learned,7.776210308074951,9.285794205032289,-19.412848124616175
100,8,raw,12,original_order,7.776210308074951,7.776210240088403,8.742889563613208e-07
100,8,raw,12,exact_fixed_orientation,7.776210308074951,7.776210240088403,8.742889563613208e-07
100,8,raw,12,exact_reversible,7.776210308074951,7.776210240088403,8.742889563613208e-07
100,8,raw,12,greedy_pair,7.776210308074951,7.776210240088403,8.742889563613208e-07
100,8,raw,12,random_mean,7.776210308074951,13.430405009537935,-72.71144268811211
100,8,raw,12,random_best,7.776210308074951,13.04967422876507,-67.81534593031857
100,8,raw,12,model_route,7.776210308074951,8.699908933602273,-11.87851908490872
100,8,raw,12,model_learned,7.776210308074951,7.776210240088403,8.742889563613208e-07
100,8,two_opt,4,original_order,7.752965450286865,7.7529654102399945,5.165361688408377e-07
100,8,two_opt,4,exact_fixed_orientation,7.752965450286865,7.7529654102399945,5.165361688408377e-07
100,8,two_opt,4,exact_reversible,7.752965450286865,7.7529654102399945,5.165361688408377e-07
100,8,two_opt,4,greedy_pair,7.752965450286865,7.7529654102399945,5.165361688408377e-07
100,8,two_opt,4,random_mean,7.752965450286865,9.197088009677827,-18.626712174211075
100,8,two_opt,4,random_best,7.752965450286865,7.7529654102399945,5.165361688408377e-07
100,8,two_opt,4,model_route,7.752965450286865,7.7529654102399945,5.165361688408377e-07
100,8,two_opt,4,model_learned,7.752965450286865,7.7529654102399945,5.165361688408377e-07
100,8,two_opt,8,original_order,7.752965450286865,7.7529654102399945,5.165361688408377e-07
100,8,two_opt,8,exact_fixed_orientation,7.752965450286865,7.7529654102399945,5.165361688408377e-07
100,8,two_opt,8,exact_reversible,7.752965450286865,7.7529654102399945,5.165361688408377e-07
100,8,two_opt,8,greedy_pair,7.752965450286865,7.7529654102399945,5.165361688408377e-07
100,8,two_opt,8,random_mean,7.752965450286865,11.21024545095861,-44.593001514585914
100,8,two_opt,8,random_best,7.752965450286865,10.29740643221885,-32.81893874346929
100,8,two_opt,8,model_route,7.752965450286865,10.50897674728185,-35.547834111565784
100,8,two_opt,8,model_learned,7.752965450286865,7.7529654102399945,5.165361688408377e-07
100,8,two_opt,12,original_order,7.752965450286865,7.7529654102399945,5.165361688408377e-07
100,8,two_opt,12,exact_fixed_orientation,7.752965450286865,7.7529654102399945,5.165361688408377e-07
100,8,two_opt,12,exact_reversible,7.752965450286865,7.7529654102399945,5.165361688408377e-07
100,8,two_opt,12,greedy_pair,7.752965450286865,7.7529654102399945,5.165361688408377e-07
100,8,two_opt,12,random_mean,7.752965450286865,13.407160179689527,-72.9294457154256
100,8,two_opt,12,random_best,7.752965450286865,13.026429398916662,-68.01866953289047
100,8,two_opt,12,model_route,7.752965450286865,8.676664103753865,-11.914133493692043
100,8,two_opt,12,model_learned,7.752965450286865,7.7529654102399945,5.165361688408377e-07
100,9,raw,4,original_order,8.276874542236328,8.27687491197139,-4.467085495081653e-06
100,9,raw,4,exact_fixed_orientation,8.276874542236328,8.27687491197139,-4.467085495081653e-06
100,9,raw,4,exact_reversible,8.276874542236328,8.27687491197139,-4.467085495081653e-06
100,9,raw,4,greedy_pair,8.276874542236328,8.27687491197139,-4.467085495081653e-06
100,9,raw,4,random_mean,8.276874542236328,10.466881541535258,-26.459347524521164
100,9,raw,4,random_best,8.276874542236328,9.941453748382628,-20.11120499232005
100,9,raw,4,model_route,8.276874542236328,9.481494062580168,-14.554038655494276
100,9,raw,4,model_learned,8.276874542236328,9.481494062580168,-14.554038655494276
100,9,raw,8,original_order,8.276874542236328,8.27687491197139,-4.467085495081653e-06
100,9,raw,8,exact_fixed_orientation,8.276874542236328,8.27687491197139,-4.467085495081653e-06
100,9,raw,8,exact_reversible,8.276874542236328,8.27687491197139,-4.467085495081653e-06
100,9,raw,8,greedy_pair,8.276874542236328,8.27687491197139,-4.467085495081653e-06
100,9,raw,8,random_mean,8.276874542236328,11.658168570604175,-40.8523049505382
100,9,raw,8,random_best,8.276874542236328,9.329325349070132,-12.715558287892595
100,9,raw,8,model_route,8.276874542236328,8.27687491197139,-4.467085495081653e-06
100,9,raw,8,model_learned,8.276874542236328,8.27687491197139,-4.467085495081653e-06
100,9,raw,12,original_order,8.276874542236328,8.27687491197139,-4.467085495081653e-06
100,9,raw,12,exact_fixed_orientation,8.276874542236328,8.27687491197139,-4.467085495081653e-06
100,9,raw,12,exact_reversible,8.276874542236328,8.27687491197139,-4.467085495081653e-06
100,9,raw,12,greedy_pair,8.276874542236328,8.27687491197139,-4.467085495081653e-06
100,9,raw,12,random_mean,8.276874542236328,13.252255038823932,-60.11182688826049
100,9,raw,12,random_best,8.276874542236328,12.694918834604323,-53.378171552836946
100,9,raw,12,model_route,8.276874542236328,8.27687491197139,-4.467085495081653e-06
100,9,raw,12,model_learned,8.276874542236328,8.27687491197139,-4.467085495081653e-06
100,9,two_opt,4,original_order,8.25661563873291,8.256616075523198,-5.290185550670623e-06
100,9,two_opt,4,exact_fixed_orientation,8.25661563873291,8.256616075523198,-5.290185550670623e-06
100,9,two_opt,4,exact_reversible,8.25661563873291,8.256616075523198,-5.290185550670623e-06
100,9,two_opt,4,greedy_pair,8.25661563873291,8.256616075523198,-5.290185550670623e-06
100,9,two_opt,4,random_mean,8.25661563873291,10.53383526019752,-27.58054536027888
100,9,two_opt,4,random_best,8.25661563873291,10.095619142986834,-22.273090873055875
100,9,two_opt,4,model_route,8.25661563873291,8.256616075523198,-5.290185550670623e-06
100,9,two_opt,4,model_learned,8.25661563873291,8.256616075523198,-5.290185550670623e-06
100,9,two_opt,8,original_order,8.25661563873291,8.256616075523198,-5.290185550670623e-06
100,9,two_opt,8,exact_fixed_orientation,8.25661563873291,8.256616075523198,-5.290185550670623e-06
100,9,two_opt,8,exact_reversible,8.25661563873291,8.256616075523198,-5.290185550670623e-06
100,9,two_opt,8,greedy_pair,8.25661563873291,8.256616075523198,-5.290185550670623e-06
100,9,two_opt,8,random_mean,8.25661563873291,11.637909734155983,-40.95254331037236
100,9,two_opt,8,random_best,8.25661563873291,9.30906651262194,-12.746758719781486
100,9,two_opt,8,model_route,8.25661563873291,8.256616075523198,-5.290185550670623e-06
100,9,two_opt,8,model_learned,8.25661563873291,8.256616075523198,-5.290185550670623e-06
100,9,two_opt,12,original_order,8.25661563873291,8.256616075523198,-5.290185550670623e-06
100,9,two_opt,12,exact_fixed_orientation,8.25661563873291,8.256616075523198,-5.290185550670623e-06
100,9,two_opt,12,exact_reversible,8.25661563873291,8.256616075523198,-5.290185550670623e-06
100,9,two_opt,12,greedy_pair,8.25661563873291,8.256616075523198,-5.290185550670623e-06
100,9,two_opt,12,random_mean,8.25661563873291,13.23199620237574,-60.2593215106519
100,9,two_opt,12,random_best,8.25661563873291,12.67465999815613,-53.509144094071324
100,9,two_opt,12,model_route,8.25661563873291,8.256616075523198,-5.290185550670623e-06
100,9,two_opt,12,model_learned,8.25661563873291,8.256616075523198,-5.290185550670623e-06
100,10,raw,4,original_order,7.663749694824219,7.663749046972953,8.453450226909477e-06
100,10,raw,4,exact_fixed_orientation,7.663749694824219,7.663749046972953,8.453450226909477e-06
100,10,raw,4,exact_reversible,7.663749694824219,7.663749046972953,8.453450226909477e-06
100,10,raw,4,greedy_pair,7.663749694824219,7.663749046972953,8.453450226909477e-06
100,10,raw,4,random_mean,7.663749694824219,9.15965746238362,-19.519267031511692
100,10,raw,4,random_best,7.663749694824219,7.663749046972953,8.453450226909477e-06
100,10,raw,4,model_route,7.663749694824219,7.663749046972953,8.453450226909477e-06
100,10,raw,4,model_learned,7.663749694824219,7.663749046972953,8.453450226909477e-06
100,10,raw,8,original_order,7.663749694824219,7.663749046972953,8.453450226909477e-06
100,10,raw,8,exact_fixed_orientation,7.663749694824219,7.663749046972953,8.453450226909477e-06
100,10,raw,8,exact_reversible,7.663749694824219,7.663749046972953,8.453450226909477e-06
100,10,raw,8,greedy_pair,7.663749694824219,7.663749046972953,8.453450226909477e-06
100,10,raw,8,random_mean,7.663749694824219,11.249360448797233,-46.786637047848636
100,10,raw,8,random_best,7.663749694824219,9.84143508633133,-28.415403402042614
100,10,raw,8,model_route,7.663749694824219,8.895222705206834,-16.068805211818194
100,10,raw,8,model_learned,7.663749694824219,7.663749046972953,8.453450226909477e-06
100,10,raw,12,original_order,7.663749694824219,7.663749046972953,8.453450226909477e-06
100,10,raw,12,exact_fixed_orientation,7.663749694824219,7.663749046972953,8.453450226909477e-06
100,10,raw,12,exact_reversible,7.663749694824219,7.663749046972953,8.453450226909477e-06
100,10,raw,12,greedy_pair,7.663749694824219,7.663749046972953,8.453450226909477e-06
100,10,raw,12,random_mean,7.663749694824219,13.040618195547722,-70.15976140706708
100,10,raw,12,random_best,7.663749694824219,11.089242015383206,-44.69734081832584
100,10,raw,12,model_route,7.663749694824219,9.342710860422812,-21.9078288364832
100,10,raw,12,model_learned,7.663749694824219,7.663749046972953,8.453450226909477e-06
100,10,two_opt,4,original_order,7.659798622131348,7.659798595472239,3.480392894578493e-07
100,10,two_opt,4,exact_fixed_orientation,7.659798622131348,7.659798595472239,3.480392894578493e-07
100,10,two_opt,4,exact_reversible,7.659798622131348,7.659798595472239,3.480392894578493e-07
100,10,two_opt,4,greedy_pair,7.659798622131348,7.659798595472239,3.480392894578493e-07
100,10,two_opt,4,random_mean,7.659798622131348,9.163280984037556,-19.628223091429817
100,10,two_opt,4,random_best,7.659798622131348,7.659798595472239,3.480392894578493e-07
100,10,two_opt,4,model_route,7.659798622131348,7.659798595472239,3.480392894578493e-07
100,10,two_opt,4,model_learned,7.659798622131348,7.659798595472239,3.480392894578493e-07
100,10,two_opt,8,original_order,7.659798622131348,7.659798595472239,3.480392894578493e-07
100,10,two_opt,8,exact_fixed_orientation,7.659798622131348,7.659798595472239,3.480392894578493e-07
100,10,two_opt,8,exact_reversible,7.659798622131348,7.659798595472239,3.480392894578493e-07
100,10,two_opt,8,greedy_pair,7.659798622131348,7.659798595472239,3.480392894578493e-07
100,10,two_opt,8,random_mean,7.659798622131348,11.24540999729652,-46.81077861244702
100,10,two_opt,8,random_best,7.659798622131348,9.837484634830616,-28.430068728012134
100,10,two_opt,8,model_route,7.659798622131348,8.89127225370612,-16.077101922976055
100,10,two_opt,8,model_learned,7.659798622131348,7.659798595472239,3.480392894578493e-07
100,10,two_opt,12,original_order,7.659798622131348,7.659798595472239,3.480392894578493e-07
100,10,two_opt,12,exact_fixed_orientation,7.659798622131348,7.659798595472239,3.480392894578493e-07
100,10,two_opt,12,exact_reversible,7.659798622131348,7.659798595472239,3.480392894578493e-07
100,10,two_opt,12,greedy_pair,7.659798622131348,7.659798595472239,3.480392894578493e-07
100,10,two_opt,12,random_mean,7.659798622131348,13.036667744047008,-70.19595928253713
100,10,two_opt,12,random_best,7.659798622131348,11.085291563882492,-44.72040468340664
100,10,two_opt,12,model_route,7.659798622131348,9.338760408922099,-21.91913742927589
100,10,two_opt,12,model_learned,7.659798622131348,7.659798595472239,3.480392894578493e-07
100,11,raw,4,original_order,7.519986629486084,7.519986756145954,-1.6843097785715215e-06
100,11,raw,4,exact_fixed_orientation,7.519986629486084,7.519986756145954,-1.6843097785715215e-06
100,11,raw,4,exact_reversible,7.519986629486084,7.519986756145954,-1.6843097785715215e-06
100,11,raw,4,greedy_pair,7.519986629486084,7.519986756145954,-1.6843097785715215e-06
100,11,raw,4,random_mean,7.519986629486084,9.013013309799135,-19.854113496144397
100,11,raw,4,random_best,7.519986629486084,7.519986756145954,-1.6843097785715215e-06
100,11,raw,4,model_route,7.519986629486084,7.519986756145954,-1.6843097785715215e-06
100,11,raw,4,model_learned,7.519986629486084,7.519986756145954,-1.6843097785715215e-06
100,11,raw,8,original_order,7.519986629486084,7.519986756145954,-1.6843097785715215e-06
100,11,raw,8,exact_fixed_orientation,7.519986629486084,7.519986756145954,-1.6843097785715215e-06
100,11,raw,8,exact_reversible,7.519986629486084,7.519986756145954,-1.6843097785715215e-06
100,11,raw,8,greedy_pair,7.519986629486084,7.519986756145954,-1.6843097785715215e-06
100,11,raw,8,random_mean,7.519986629486084,11.6983577250503,-55.56354421137802
100,11,raw,8,random_best,7.519986629486084,11.137080650776625,-48.0997400594811
100,11,raw,8,model_route,7.519986629486084,7.519986756145954,-1.6843097785715215e-06
100,11,raw,8,model_learned,7.519986629486084,9.09232285991311,-20.90876364409813
100,11,raw,12,original_order,7.519986629486084,7.519986756145954,-1.6843097785715215e-06
100,11,raw,12,exact_fixed_orientation,7.519986629486084,7.519986756145954,-1.6843097785715215e-06
100,11,raw,12,exact_reversible,7.519986629486084,7.519986756145954,-1.6843097785715215e-06
100,11,raw,12,greedy_pair,7.519986629486084,7.519986756145954,-1.6843097785715215e-06
100,11,raw,12,random_mean,7.519986629486084,12.973494814243168,-72.52018458880926
100,11,raw,12,random_best,7.519986629486084,11.826049368828535,-57.261574408367366
100,11,raw,12,model_route,7.519986629486084,7.519986756145954,-1.6843097785715215e-06
100,11,raw,12,model_learned,7.519986629486084,7.519986756145954,-1.6843097785715215e-06
100,11,two_opt,4,original_order,7.519986629486084,7.519986756145954,-1.6843097785715215e-06
100,11,two_opt,4,exact_fixed_orientation,7.519986629486084,7.519986756145954,-1.6843097785715215e-06
100,11,two_opt,4,exact_reversible,7.519986629486084,7.519986756145954,-1.6843097785715215e-06
100,11,two_opt,4,greedy_pair,7.519986629486084,7.519986756145954,-1.6843097785715215e-06
100,11,two_opt,4,random_mean,7.519986629486084,9.013013309799135,-19.854113496144397
100,11,two_opt,4,random_best,7.519986629486084,7.519986756145954,-1.6843097785715215e-06
100,11,two_opt,4,model_route,7.519986629486084,7.519986756145954,-1.6843097785715215e-06
100,11,two_opt,4,model_learned,7.519986629486084,7.519986756145954,-1.6843097785715215e-06
100,11,two_opt,8,original_order,7.519986629486084,7.519986756145954,-1.6843097785715215e-06
100,11,two_opt,8,exact_fixed_orientation,7.519986629486084,7.519986756145954,-1.6843097785715215e-06
100,11,two_opt,8,exact_reversible,7.519986629486084,7.519986756145954,-1.6843097785715215e-06
100,11,two_opt,8,greedy_pair,7.519986629486084,7.519986756145954,-1.6843097785715215e-06
100,11,two_opt,8,random_mean,7.519986629486084,11.6983577250503,-55.56354421137802
100,11,two_opt,8,random_best,7.519986629486084,11.137080650776625,-48.0997400594811
100,11,two_opt,8,model_route,7.519986629486084,7.519986756145954,-1.6843097785715215e-06
100,11,two_opt,8,model_learned,7.519986629486084,9.09232285991311,-20.90876364409813
100,11,two_opt,12,original_order,7.519986629486084,7.519986756145954,-1.6843097785715215e-06
100,11,two_opt,12,exact_fixed_orientation,7.519986629486084,7.519986756145954,-1.6843097785715215e-06
100,11,two_opt,12,exact_reversible,7.519986629486084,7.519986756145954,-1.6843097785715215e-06
100,11,two_opt,12,greedy_pair,7.519986629486084,7.519986756145954,-1.6843097785715215e-06
100,11,two_opt,12,random_mean,7.519986629486084,12.973494814243168,-72.52018458880926
100,11,two_opt,12,random_best,7.519986629486084,11.826049368828535,-57.261574408367366
100,11,two_opt,12,model_route,7.519986629486084,7.519986756145954,-1.6843097785715215e-06
100,11,two_opt,12,model_learned,7.519986629486084,7.519986756145954,-1.6843097785715215e-06
100,12,raw,4,original_order,8.120290756225586,8.12029106169939,-3.761857963517861e-06
100,12,raw,4,exact_fixed_orientation,8.120290756225586,8.12029106169939,-3.761857963517861e-06
100,12,raw,4,exact_reversible,8.120290756225586,8.12029106169939,-3.761857963517861e-06
100,12,raw,4,greedy_pair,8.120290756225586,8.12029106169939,-3.761857963517861e-06
100,12,raw,4,random_mean,8.120290756225586,9.230294758453965,-13.669510557579137
100,12,raw,4,random_best,8.120290756225586,8.12029106169939,-3.761857963517861e-06
100,12,raw,4,model_route,8.120290756225586,8.12029106169939,-3.761857963517861e-06
100,12,raw,4,model_learned,8.120290756225586,8.12029106169939,-3.761857963517861e-06
100,12,raw,8,original_order,8.120290756225586,8.12029106169939,-3.761857963517861e-06
100,12,raw,8,exact_fixed_orientation,8.120290756225586,8.12029106169939,-3.761857963517861e-06
100,12,raw,8,exact_reversible,8.120290756225586,8.12029106169939,-3.761857963517861e-06
100,12,raw,8,greedy_pair,8.120290756225586,8.12029106169939,-3.761857963517861e-06
100,12,raw,8,random_mean,8.120290756225586,11.935980308800936,-46.98956807242369
100,12,raw,8,random_best,8.120290756225586,9.939576687291265,-22.404196914634934
100,12,raw,8,model_route,8.120290756225586,8.12029106169939,-3.761857963517861e-06
100,12,raw,8,model_learned,8.120290756225586,8.12029106169939,-3.761857963517861e-06
100,12,raw,12,original_order,8.120290756225586,8.12029106169939,-3.761857963517861e-06
100,12,raw,12,exact_fixed_orientation,8.120290756225586,8.12029106169939,-3.761857963517861e-06
100,12,raw,12,exact_reversible,8.120290756225586,8.12029106169939,-3.761857963517861e-06
100,12,raw,12,greedy_pair,8.120290756225586,8.12029106169939,-3.761857963517861e-06
100,12,raw,12,random_mean,8.120290756225586,13.648171388893388,-68.07491010626363
100,12,raw,12,random_best,8.120290756225586,11.367960833013058,-39.99450480634058
100,12,raw,12,model_route,8.120290756225586,8.12029106169939,-3.761857963517861e-06
100,12,raw,12,model_learned,8.120290756225586,8.12029106169939,-3.761857963517861e-06
100,12,two_opt,4,original_order,8.111969947814941,8.111970447003841,-6.15373211692382e-06
100,12,two_opt,4,exact_fixed_orientation,8.111969947814941,8.111970447003841,-6.15373211692382e-06
100,12,two_opt,4,exact_reversible,8.111969947814941,8.111970447003841,-6.15373211692382e-06
100,12,two_opt,4,greedy_pair,8.111969947814941,8.111970447003841,-6.15373211692382e-06
100,12,two_opt,4,random_mean,8.111969947814941,9.221974143758416,-13.683534370618176
100,12,two_opt,4,random_best,8.111969947814941,8.111970447003841,-6.15373211692382e-06
100,12,two_opt,4,model_route,8.111969947814941,8.111970447003841,-6.15373211692382e-06
100,12,two_opt,4,model_learned,8.111969947814941,8.111970447003841,-6.15373211692382e-06
100,12,two_opt,8,original_order,8.111969947814941,8.111970447003841,-6.15373211692382e-06
100,12,two_opt,8,exact_fixed_orientation,8.111969947814941,8.111970447003841,-6.15373211692382e-06
100,12,two_opt,8,exact_reversible,8.111969947814941,8.111970447003841,-6.15373211692382e-06
100,12,two_opt,8,greedy_pair,8.111969947814941,8.111970447003841,-6.15373211692382e-06
100,12,two_opt,8,random_mean,8.111969947814941,11.927659694105387,-47.03776975059243
100,12,two_opt,8,random_best,8.111969947814941,9.931256072595716,-22.427180284005136
100,12,two_opt,8,model_route,8.111969947814941,8.111970447003841,-6.15373211692382e-06
100,12,two_opt,8,model_learned,8.111969947814941,8.111970447003841,-6.15373211692382e-06
100,12,two_opt,12,original_order,8.111969947814941,8.111970447003841,-6.15373211692382e-06
100,12,two_opt,12,exact_fixed_orientation,8.111969947814941,8.111970447003841,-6.15373211692382e-06
100,12,two_opt,12,exact_reversible,8.111969947814941,8.111970447003841,-6.15373211692382e-06
100,12,two_opt,12,greedy_pair,8.111969947814941,8.111970447003841,-6.15373211692382e-06
100,12,two_opt,12,random_mean,8.111969947814941,13.63985077419784,-68.14473995767082
100,12,two_opt,12,random_best,8.111969947814941,11.359640218317509,-40.035531336964176
100,12,two_opt,12,model_route,8.111969947814941,8.111970447003841,-6.15373211692382e-06
100,12,two_opt,12,model_learned,8.111969947814941,8.111970447003841,-6.15373211692382e-06
100,13,raw,4,original_order,7.674308776855469,7.674309259746224,-6.2923029158593365e-06
100,13,raw,4,exact_fixed_orientation,7.674308776855469,7.674309259746224,-6.2923029158593365e-06
100,13,raw,4,exact_reversible,7.674308776855469,7.674309259746224,-6.2923029158593365e-06
100,13,raw,4,greedy_pair,7.674308776855469,7.674309259746224,-6.2923029158593365e-06
100,13,raw,4,random_mean,7.674308776855469,8.619825147558004,-12.320541148332035
100,13,raw,4,random_best,7.674308776855469,7.674309259746224,-6.2923029158593365e-06
100,13,raw,4,model_route,7.674308776855469,7.674309259746224,-6.2923029158593365e-06
100,13,raw,4,model_learned,7.674308776855469,7.674309259746224,-6.2923029158593365e-06
100,13,raw,8,original_order,7.674308776855469,7.674309259746224,-6.2923029158593365e-06
100,13,raw,8,exact_fixed_orientation,7.674308776855469,7.674309259746224,-6.2923029158593365e-06
100,13,raw,8,exact_reversible,7.674308776855469,7.674309259746224,-6.2923029158593365e-06
100,13,raw,8,greedy_pair,7.674308776855469,7.674309259746224,-6.2923029158593365e-06
100,13,raw,8,random_mean,7.674308776855469,11.646179438335821,-51.75541898260468
100,13,raw,8,random_best,7.674308776855469,10.536207377444953,-37.29193968869911
100,13,raw,8,model_route,7.674308776855469,7.674309259746224,-6.2923029158593365e-06
100,13,raw,8,model_learned,7.674308776855469,7.674309259746224,-6.2923029158593365e-06
100,13,raw,12,original_order,7.674308776855469,7.674309259746224,-6.2923029158593365e-06
100,13,raw,12,exact_fixed_orientation,7.674308776855469,7.674309259746224,-6.2923029158593365e-06
100,13,raw,12,exact_reversible,7.674308776855469,7.674309259746224,-6.2923029158593365e-06
100,13,raw,12,greedy_pair,7.674308776855469,7.674309259746224,-6.2923029158593365e-06
100,13,raw,12,random_mean,7.674308776855469,12.381703184219077,-61.33965343641611
100,13,raw,12,random_best,7.674308776855469,11.100067127961665,-44.63930825193997
100,13,raw,12,model_route,7.674308776855469,9.790704722050577,-27.577675159199124
100,13,raw,12,model_learned,7.674308776855469,7.674309259746224,-6.2923029158593365e-06
100,13,two_opt,4,original_order,7.668481826782227,7.668481929693371,-1.3420015437161562e-06
100,13,two_opt,4,exact_fixed_orientation,7.668481826782227,7.668481929693371,-1.3420015437161562e-06
100,13,two_opt,4,exact_reversible,7.668481826782227,7.668481929693371,-1.3420015437161562e-06
100,13,two_opt,4,greedy_pair,7.668481826782227,7.668481929693371,-1.3420015437161562e-06
100,13,two_opt,4,random_mean,7.668481826782227,8.613997817505151,-12.329898043452397
100,13,two_opt,4,random_best,7.668481826782227,7.668481929693371,-1.3420015437161562e-06
100,13,two_opt,4,model_route,7.668481826782227,7.668481929693371,-1.3420015437161562e-06
100,13,two_opt,4,model_learned,7.668481826782227,7.668481929693371,-1.3420015437161562e-06
100,13,two_opt,8,original_order,7.668481826782227,7.668481929693371,-1.3420015437161562e-06
100,13,two_opt,8,exact_fixed_orientation,7.668481826782227,7.668481929693371,-1.3420015437161562e-06
100,13,two_opt,8,exact_reversible,7.668481826782227,7.668481929693371,-1.3420015437161562e-06
100,13,two_opt,8,greedy_pair,7.668481826782227,7.668481929693371,-1.3420015437161562e-06
100,13,two_opt,8,random_mean,7.668481826782227,11.675777056021616,-52.256695911358655
100,13,two_opt,8,random_best,7.668481826782227,10.594269461464137,-38.15341420597199
100,13,two_opt,8,model_route,7.668481826782227,7.668481929693371,-1.3420015437161562e-06
100,13,two_opt,8,model_learned,7.668481826782227,7.668481929693371,-1.3420015437161562e-06
100,13,two_opt,12,original_order,7.668481826782227,7.668481929693371,-1.3420015437161562e-06
100,13,two_opt,12,exact_fixed_orientation,7.668481826782227,7.668481929693371,-1.3420015437161562e-06
100,13,two_opt,12,exact_reversible,7.668481826782227,7.668481929693371,-1.3420015437161562e-06
100,13,two_opt,12,greedy_pair,7.668481826782227,7.668481929693371,-1.3420015437161562e-06
100,13,two_opt,12,random_mean,7.668481826782227,12.328662700252607,-60.7705798714247
100,13,two_opt,12,random_best,7.668481826782227,11.104325812775642,-44.804748366146036
100,13,two_opt,12,model_route,7.668481826782227,9.79833415383473,-27.77410672884403
100,13,two_opt,12,model_learned,7.668481826782227,8.151389012578875,-6.297298431484724
100,14,raw,4,original_order,8.24387264251709,8.243872353807092,3.502116185563087e-06
100,14,raw,4,exact_fixed_orientation,8.24387264251709,8.243872353807092,3.502116185563087e-06
100,14,raw,4,exact_reversible,8.24387264251709,8.243872353807092,3.502116185563087e-06
100,14,raw,4,greedy_pair,8.24387264251709,8.243872353807092,3.502116185563087e-06
100,14,raw,4,random_mean,8.24387264251709,10.41038928925991,-26.2803265005477
100,14,raw,4,random_best,8.24387264251709,9.964231314137578,-20.868331501725063
100,14,raw,4,model_route,8.24387264251709,8.243872353807092,3.502116185563087e-06
100,14,raw,4,model_learned,8.24387264251709,8.243872353807092,3.502116185563087e-06
100,14,raw,8,original_order,8.24387264251709,8.243872353807092,3.502116185563087e-06
100,14,raw,8,exact_fixed_orientation,8.24387264251709,8.243872353807092,3.502116185563087e-06
100,14,raw,8,exact_reversible,8.24387264251709,8.243872353807092,3.502116185563087e-06
100,14,raw,8,greedy_pair,8.24387264251709,8.243872353807092,3.502116185563087e-06
100,14,raw,8,random_mean,8.24387264251709,12.18551992950961,-47.813054105952595
100,14,raw,8,random_best,8.24387264251709,11.506592836230993,-39.577518178612976
100,14,raw,8,model_route,8.24387264251709,8.243872353807092,3.502116185563087e-06
100,14,raw,8,model_learned,8.24387264251709,8.243872353807092,3.502116185563087e-06
100,14,raw,12,original_order,8.24387264251709,8.243872353807092,3.502116185563087e-06
100,14,raw,12,exact_fixed_orientation,8.24387264251709,8.243872353807092,3.502116185563087e-06
100,14,raw,12,exact_reversible,8.24387264251709,8.243872353807092,3.502116185563087e-06
100,14,raw,12,greedy_pair,8.24387264251709,8.243872353807092,3.502116185563087e-06
100,14,raw,12,random_mean,8.24387264251709,14.268401968292892,-73.0788742987706
100,14,raw,12,random_best,8.24387264251709,13.542153775691986,-64.26932296175283
100,14,raw,12,model_route,8.24387264251709,8.243872353807092,3.502116185563087e-06
100,14,raw,12,model_learned,8.24387264251709,8.243872353807092,3.502116185563087e-06
100,14,two_opt,4,original_order,8.241008758544922,8.24100842140615,4.090989123888886e-06
100,14,two_opt,4,exact_fixed_orientation,8.241008758544922,8.24100842140615,4.090989123888886e-06
100,14,two_opt,4,exact_reversible,8.241008758544922,8.24100842140615,4.090989123888886e-06
100,14,two_opt,4,greedy_pair,8.241008758544922,8.24100842140615,4.090989123888886e-06
100,14,two_opt,4,random_mean,8.241008758544922,10.407525356858969,-26.28945875185041
100,14,two_opt,4,random_best,8.241008758544922,9.961367381736636,-20.87558299714112
100,14,two_opt,4,model_route,8.241008758544922,8.24100842140615,4.090989123888886e-06
100,14,two_opt,4,model_learned,8.241008758544922,8.24100842140615,4.090989123888886e-06
100,14,two_opt,8,original_order,8.241008758544922,8.24100842140615,4.090989123888886e-06
100,14,two_opt,8,exact_fixed_orientation,8.241008758544922,8.24100842140615,4.090989123888886e-06
100,14,two_opt,8,exact_reversible,8.241008758544922,8.24100842140615,4.090989123888886e-06
100,14,two_opt,8,greedy_pair,8.241008758544922,8.24100842140615,4.090989123888886e-06
100,14,two_opt,8,random_mean,8.241008758544922,12.18325684638694,-47.83696029632764
100,14,two_opt,8,random_best,8.241008758544922,11.503728903830051,-39.591271419316065
100,14,two_opt,8,model_route,8.241008758544922,8.24100842140615,4.090989123888886e-06
100,14,two_opt,8,model_learned,8.241008758544922,8.24100842140615,4.090989123888886e-06
100,14,two_opt,12,original_order,8.241008758544922,8.24100842140615,4.090989123888886e-06
100,14,two_opt,12,exact_fixed_orientation,8.241008758544922,8.24100842140615,4.090989123888886e-06
100,14,two_opt,12,exact_reversible,8.241008758544922,8.24100842140615,4.090989123888886e-06
100,14,two_opt,12,greedy_pair,8.241008758544922,8.24100842140615,4.090989123888886e-06
100,14,two_opt,12,random_mean,8.241008758544922,14.268832291476429,-73.14424373935276
100,14,two_opt,12,random_best,8.241008758544922,13.545092530548573,-64.36206934623097
100,14,two_opt,12,model_route,8.241008758544922,8.24100842140615,4.090989123888886e-06
100,14,two_opt,12,model_learned,8.241008758544922,8.24100842140615,4.090989123888886e-06
100,15,raw,4,original_order,7.7764668464660645,7.776466862298548,-2.0359482115786355e-07
100,15,raw,4,exact_fixed_orientation,7.7764668464660645,7.776466862298548,-2.0359482115786355e-07
100,15,raw,4,exact_reversible,7.7764668464660645,7.776466862298548,-2.0359482115786355e-07
100,15,raw,4,greedy_pair,7.7764668464660645,7.776466862298548,-2.0359482115786355e-07
100,15,raw,4,random_mean,7.7764668464660645,8.60826671263203,-10.696372563382928
100,15,raw,4,random_best,7.7764668464660645,7.776466862298548,-2.0359482115786355e-07
100,15,raw,4,model_route,7.7764668464660645,7.776466862298548,-2.0359482115786355e-07
100,15,raw,4,model_learned,7.7764668464660645,7.776466862298548,-2.0359482115786355e-07
100,15,raw,8,original_order,7.7764668464660645,7.776466862298548,-2.0359482115786355e-07
100,15,raw,8,exact_fixed_orientation,7.7764668464660645,7.776466862298548,-2.0359482115786355e-07
100,15,raw,8,exact_reversible,7.7764668464660645,7.776466862298548,-2.0359482115786355e-07
100,15,raw,8,greedy_pair,7.7764668464660645,7.776466862298548,-2.0359482115786355e-07
100,15,raw,8,random_mean,7.7764668464660645,12.338462101761252,-58.66411244803724
100,15,raw,8,random_best,7.7764668464660645,11.069238622672856,-42.34277392570841
100,15,raw,8,model_route,7.7764668464660645,8.860913843847811,-13.94524041306191
100,15,raw,8,model_learned,7.7764668464660645,8.875326254405081,-14.130574072187837
100,15,raw,12,original_order,7.7764668464660645,7.776466862298548,-2.0359482115786355e-07
100,15,raw,12,exact_fixed_orientation,7.7764668464660645,7.776466862298548,-2.0359482115786355e-07
100,15,raw,12,exact_reversible,7.7764668464660645,7.776466862298548,-2.0359482115786355e-07
100,15,raw,12,greedy_pair,7.7764668464660645,7.776466862298548,-2.0359482115786355e-07
100,15,raw,12,random_mean,7.7764668464660645,13.269711910514161,-70.6393426796958
100,15,raw,12,random_best,7.7764668464660645,11.488451902754605,-47.73356756449639
100,15,raw,12,model_route,7.7764668464660645,7.776466862298548,-2.0359482115786355e-07
100,15,raw,12,model_learned,7.7764668464660645,8.221454643644392,-5.722236151248406
100,15,two_opt,4,original_order,7.770878791809082,7.770878297276795,6.363917136914841e-06
100,15,two_opt,4,exact_fixed_orientation,7.770878791809082,7.770878297276795,6.363917136914841e-06
100,15,two_opt,4,exact_reversible,7.770878791809082,7.770878297276795,6.363917136914841e-06
100,15,two_opt,4,greedy_pair,7.770878791809082,7.770878297276795,6.363917136914841e-06
100,15,two_opt,4,random_mean,7.770878791809082,8.602678147610277,-10.704057778869945
100,15,two_opt,4,random_best,7.770878791809082,7.770878297276795,6.363917136914841e-06
100,15,two_opt,4,model_route,7.770878791809082,7.770878297276795,6.363917136914841e-06
100,15,two_opt,4,model_learned,7.770878791809082,7.770878297276795,6.363917136914841e-06
100,15,two_opt,8,original_order,7.770878791809082,7.770878297276795,6.363917136914841e-06
100,15,two_opt,8,exact_fixed_orientation,7.770878791809082,7.770878297276795,6.363917136914841e-06
100,15,two_opt,8,exact_reversible,7.770878791809082,7.770878297276795,6.363917136914841e-06
100,15,two_opt,8,greedy_pair,7.770878791809082,7.770878297276795,6.363917136914841e-06
100,15,two_opt,8,random_mean,7.770878791809082,12.344201566651464,-58.85206676576794
100,15,two_opt,8,random_best,7.770878791809082,11.077379469759762,-42.54989386060052
100,15,two_opt,8,model_route,7.770878791809082,8.855325278826058,-13.955261895990965
100,15,two_opt,8,model_learned,7.770878791809082,8.869737689383328,-14.140728828926035
100,15,two_opt,12,original_order,7.770878791809082,7.770878297276795,6.363917136914841e-06
100,15,two_opt,12,exact_fixed_orientation,7.770878791809082,7.770878297276795,6.363917136914841e-06
100,15,two_opt,12,exact_reversible,7.770878791809082,7.770878297276795,6.363917136914841e-06
100,15,two_opt,12,greedy_pair,7.770878791809082,7.770878297276795,6.363917136914841e-06
100,15,two_opt,12,random_mean,7.770878791809082,13.271657098317519,-70.78708153711712
100,15,two_opt,12,random_best,7.770878791809082,11.498662044294178,-47.971192864497866
100,15,two_opt,12,model_route,7.770878791809082,7.770878297276795,6.363917136914841e-06
100,15,two_opt,12,model_learned,7.770878791809082,7.770878297276795,6.363917136914841e-06
100,16,raw,4,original_order,7.876712799072266,7.876712702214718,1.229669663357763e-06
100,16,raw,4,exact_fixed_orientation,7.876712799072266,7.876712702214718,1.229669663357763e-06
100,16,raw,4,exact_reversible,7.876712799072266,7.876712702214718,1.229669663357763e-06
100,16,raw,4,greedy_pair,7.876712799072266,7.876712702214718,1.229669663357763e-06
100,16,raw,4,random_mean,7.876712799072266,9.034217974636704,-14.695282221039864
100,16,raw,4,random_best,7.876712799072266,7.876712702214718,1.229669663357763e-06
100,16,raw,4,model_route,7.876712799072266,7.876712702214718,1.229669663357763e-06
100,16,raw,4,model_learned,7.876712799072266,7.876712702214718,1.229669663357763e-06
100,16,raw,8,original_order,7.876712799072266,7.876712702214718,1.229669663357763e-06
100,16,raw,8,exact_fixed_orientation,7.876712799072266,7.876712702214718,1.229669663357763e-06
100,16,raw,8,exact_reversible,7.876712799072266,7.876712702214718,1.229669663357763e-06
100,16,raw,8,greedy_pair,7.876712799072266,7.876712702214718,1.229669663357763e-06
100,16,raw,8,random_mean,7.876712799072266,11.643645194591954,-47.82366060069329
100,16,raw,8,random_best,7.876712799072266,10.996172524988651,-39.60357328610232
100,16,raw,8,model_route,7.876712799072266,8.998615935444832,-14.24329114176546
100,16,raw,8,model_learned,7.876712799072266,7.876712702214718,1.229669663357763e-06
100,16,raw,12,original_order,7.876712799072266,7.876712702214718,1.229669663357763e-06
100,16,raw,12,exact_fixed_orientation,7.876712799072266,7.876712702214718,1.229669663357763e-06
100,16,raw,12,exact_reversible,7.876712799072266,7.876712702214718,1.229669663357763e-06
100,16,raw,12,greedy_pair,7.876712799072266,7.876712702214718,1.229669663357763e-06
100,16,raw,12,random_mean,7.876712799072266,13.187693135347217,-67.42635502592515
100,16,raw,12,random_best,7.876712799072266,11.639119267463684,-47.76620100753911
100,16,raw,12,model_route,7.876712799072266,7.876712702214718,1.229669663357763e-06
100,16,raw,12,model_learned,7.876712799072266,7.876712702214718,1.229669663357763e-06
100,16,two_opt,4,original_order,7.869456768035889,7.869456633925438,1.7041894338800857e-06
100,16,two_opt,4,exact_fixed_orientation,7.869456768035889,7.869456633925438,1.7041894338800857e-06
100,16,two_opt,4,exact_reversible,7.869456768035889,7.869456633925438,1.7041894338800857e-06
100,16,two_opt,4,greedy_pair,7.869456768035889,7.869456633925438,1.7041894338800857e-06
100,16,two_opt,4,random_mean,7.869456768035889,9.1628571562469,-16.43570104437879
100,16,two_opt,4,random_best,7.869456768035889,7.869456633925438,1.7041894338800857e-06
100,16,two_opt,4,model_route,7.869456768035889,7.869456633925438,1.7041894338800857e-06
100,16,two_opt,4,model_learned,7.869456768035889,7.869456633925438,1.7041894338800857e-06
100,16,two_opt,8,original_order,7.869456768035889,7.869456633925438,1.7041894338800857e-06
100,16,two_opt,8,exact_fixed_orientation,7.869456768035889,7.869456633925438,1.7041894338800857e-06
100,16,two_opt,8,exact_reversible,7.869456768035889,7.869456633925438,1.7041894338800857e-06
100,16,two_opt,8,greedy_pair,7.869456768035889,7.869456633925438,1.7041894338800857e-06
100,16,two_opt,8,random_mean,7.869456768035889,11.85540170315653,-50.65082702164054
100,16,two_opt,8,random_best,7.869456768035889,11.309589002281427,-43.71498993702649
100,16,two_opt,8,model_route,7.869456768035889,9.315737258642912,-18.378403150793286
100,16,two_opt,8,model_learned,7.869456768035889,7.869456633925438,1.7041894338800857e-06
100,16,two_opt,12,original_order,7.869456768035889,7.869456633925438,1.7041894338800857e-06
100,16,two_opt,12,exact_fixed_orientation,7.869456768035889,7.869456633925438,1.7041894338800857e-06
100,16,two_opt,12,exact_reversible,7.869456768035889,7.869456633925438,1.7041894338800857e-06
100,16,two_opt,12,greedy_pair,7.869456768035889,7.869456633925438,1.7041894338800857e-06
100,16,two_opt,12,random_mean,7.869456768035889,13.408804123755544,-70.39046682636777
100,16,two_opt,12,random_best,7.869456768035889,12.149482427164912,-54.38781589745312
100,16,two_opt,12,model_route,7.869456768035889,10.138214994221926,-28.82992172218628
100,16,two_opt,12,model_learned,7.869456768035889,10.193349994719028,-29.530541880887064
100,17,raw,4,original_order,8.051583290100098,8.05158292176202,4.574728534613998e-06
100,17,raw,4,exact_fixed_orientation,8.051583290100098,8.05158292176202,4.574728534613998e-06
100,17,raw,4,exact_reversible,8.051583290100098,8.05158292176202,4.574728534613998e-06
100,17,raw,4,greedy_pair,8.051583290100098,8.05158292176202,4.574728534613998e-06
100,17,raw,4,random_mean,8.051583290100098,9.589417351875454,-19.099772136322745
100,17,raw,4,random_best,8.051583290100098,8.05158292176202,4.574728534613998e-06
100,17,raw,4,model_route,8.051583290100098,8.05158292176202,4.574728534613998e-06
100,17,raw,4,model_learned,8.051583290100098,8.05158292176202,4.574728534613998e-06
100,17,raw,8,original_order,8.051583290100098,8.05158292176202,4.574728534613998e-06
100,17,raw,8,exact_fixed_orientation,8.051583290100098,8.05158292176202,4.574728534613998e-06
100,17,raw,8,exact_reversible,8.051583290100098,8.05158292176202,4.574728534613998e-06
100,17,raw,8,greedy_pair,8.051583290100098,8.05158292176202,4.574728534613998e-06
100,17,raw,8,random_mean,8.051583290100098,11.92436868767254,-48.09967503328524
100,17,raw,8,random_best,8.051583290100098,11.1242789295502,-38.162626265422425
100,17,raw,8,model_route,8.051583290100098,8.05158292176202,4.574728534613998e-06
100,17,raw,8,model_learned,8.051583290100098,11.535497846547514,-43.26993127837474
100,17,raw,12,original_order,8.051583290100098,8.05158292176202,4.574728534613998e-06
100,17,raw,12,exact_fixed_orientation,8.051583290100098,8.05158292176202,4.574728534613998e-06
100,17,raw,12,exact_reversible,8.051583290100098,8.05158292176202,4.574728534613998e-06
100,17,raw,12,greedy_pair,8.051583290100098,8.05158292176202,4.574728534613998e-06
100,17,raw,12,random_mean,8.051583290100098,13.422848717542365,-66.71067334106273
100,17,raw,12,random_best,8.051583290100098,12.210040715988725,-51.647698049670545
100,17,raw,12,model_route,8.051583290100098,8.881077323574573,-10.302247441126115
100,17,raw,12,model_learned,8.051583290100098,9.27657898934558,-15.21434549092584
100,17,two_opt,4,original_order,8.051583290100098,8.05158292176202,4.574728534613998e-06
100,17,two_opt,4,exact_fixed_orientation,8.051583290100098,8.05158292176202,4.574728534613998e-06
100,17,two_opt,4,exact_reversible,8.051583290100098,8.05158292176202,4.574728534613998e-06
100,17,two_opt,4,greedy_pair,8.051583290100098,8.05158292176202,4.574728534613998e-06
100,17,two_opt,4,random_mean,8.051583290100098,9.589417351875454,-19.099772136322745
100,17,two_opt,4,random_best,8.051583290100098,8.05158292176202,4.574728534613998e-06
100,17,two_opt,4,model_route,8.051583290100098,8.05158292176202,4.574728534613998e-06
100,17,two_opt,4,model_learned,8.051583290100098,8.05158292176202,4.574728534613998e-06
100,17,two_opt,8,original_order,8.051583290100098,8.05158292176202,4.574728534613998e-06
100,17,two_opt,8,exact_fixed_orientation,8.051583290100098,8.05158292176202,4.574728534613998e-06
100,17,two_opt,8,exact_reversible,8.051583290100098,8.05158292176202,4.574728534613998e-06
100,17,two_opt,8,greedy_pair,8.051583290100098,8.05158292176202,4.574728534613998e-06
100,17,two_opt,8,random_mean,8.051583290100098,11.92436868767254,-48.09967503328524
100,17,two_opt,8,random_best,8.051583290100098,11.1242789295502,-38.162626265422425
100,17,two_opt,8,model_route,8.051583290100098,8.05158292176202,4.574728534613998e-06
100,17,two_opt,8,model_learned,8.051583290100098,11.535497846547514,-43.26993127837474
100,17,two_opt,12,original_order,8.051583290100098,8.05158292176202,4.574728534613998e-06
100,17,two_opt,12,exact_fixed_orientation,8.051583290100098,8.05158292176202,4.574728534613998e-06
100,17,two_opt,12,exact_reversible,8.051583290100098,8.05158292176202,4.574728534613998e-06
100,17,two_opt,12,greedy_pair,8.051583290100098,8.05158292176202,4.574728534613998e-06
100,17,two_opt,12,random_mean,8.051583290100098,13.422848717542365,-66.71067334106273
100,17,two_opt,12,random_best,8.051583290100098,12.210040715988725,-51.647698049670545
100,17,two_opt,12,model_route,8.051583290100098,8.881077323574573,-10.302247441126115
100,17,two_opt,12,model_learned,8.051583290100098,9.27657898934558,-15.21434549092584
100,18,raw,4,original_order,7.7156267166137695,7.715626384597272,4.303169529125864e-06
100,18,raw,4,exact_fixed_orientation,7.7156267166137695,7.715626384597272,4.303169529125864e-06
100,18,raw,4,exact_reversible,7.7156267166137695,7.715626384597272,4.303169529125864e-06
100,18,raw,4,greedy_pair,7.7156267166137695,7.715626384597272,4.303169529125864e-06
100,18,raw,4,random_mean,7.7156267166137695,9.81197106349282,-27.170111047040034
100,18,raw,4,random_best,7.7156267166137695,9.164379314985126,-18.776862224967573
100,18,raw,4,model_route,7.7156267166137695,7.715626384597272,4.303169529125864e-06
100,18,raw,4,model_learned,7.7156267166137695,7.715626384597272,4.303169529125864e-06
100,18,raw,8,original_order,7.7156267166137695,7.715626384597272,4.303169529125864e-06
100,18,raw,8,exact_fixed_orientation,7.7156267166137695,7.715626384597272,4.303169529125864e-06
100,18,raw,8,exact_reversible,7.7156267166137695,7.715626384597272,4.303169529125864e-06
100,18,raw,8,greedy_pair,7.7156267166137695,7.715626384597272,4.303169529125864e-06
100,18,raw,8,random_mean,7.7156267166137695,11.441484756302088,-48.28976538828101
100,18,raw,8,random_best,7.7156267166137695,10.410853067878634,-34.932047003535494
100,18,raw,8,model_route,7.7156267166137695,7.715626384597272,4.303169529125864e-06
100,18,raw,8,model_learned,7.7156267166137695,8.602854053024203,-11.499096171928583
100,18,raw,12,original_order,7.7156267166137695,7.715626384597272,4.303169529125864e-06
100,18,raw,12,exact_fixed_orientation,7.7156267166137695,7.715626384597272,4.303169529125864e-06
100,18,raw,12,exact_reversible,7.7156267166137695,7.715626384597272,4.303169529125864e-06
100,18,raw,12,greedy_pair,7.7156267166137695,7.715626384597272,4.303169529125864e-06
100,18,raw,12,random_mean,7.7156267166137695,13.715447466820478,-77.76193652924552
100,18,raw,12,random_best,7.7156267166137695,11.911378878634423,-54.379926817689324
100,18,raw,12,model_route,7.7156267166137695,8.207510493230075,-6.375162960607597
100,18,raw,12,model_learned,7.7156267166137695,7.715626384597272,4.303169529125864e-06
100,18,two_opt,4,original_order,7.710477828979492,7.710477999877185,-2.2164345223797784e-06
100,18,two_opt,4,exact_fixed_orientation,7.710477828979492,7.710477999877185,-2.2164345223797784e-06
100,18,two_opt,4,exact_reversible,7.710477828979492,7.710477999877185,-2.2164345223797784e-06
100,18,two_opt,4,greedy_pair,7.710477828979492,7.710477999877185,-2.2164345223797784e-06
100,18,two_opt,4,random_mean,7.710477828979492,9.806822678772733,-27.18826117253357
100,18,two_opt,4,random_best,7.710477828979492,9.15923093026504,-18.789407523363497
100,18,two_opt,4,model_route,7.710477828979492,7.710477999877185,-2.2164345223797784e-06
100,18,two_opt,4,model_learned,7.710477828979492,7.710477999877185,-2.2164345223797784e-06
100,18,two_opt,8,original_order,7.710477828979492,7.710477999877185,-2.2164345223797784e-06
100,18,two_opt,8,exact_fixed_orientation,7.710477828979492,7.710477999877185,-2.2164345223797784e-06
100,18,two_opt,8,exact_reversible,7.710477828979492,7.710477999877185,-2.2164345223797784e-06
100,18,two_opt,8,greedy_pair,7.710477828979492,7.710477999877185,-2.2164345223797784e-06
100,18,two_opt,8,random_mean,7.710477828979492,11.44998945435509,-48.49909056635645
100,18,two_opt,8,random_best,7.710477828979492,10.408961130771786,-34.99761443642524
100,18,two_opt,8,model_route,7.710477828979492,7.710477999877185,-2.2164345223797784e-06
100,18,two_opt,8,model_learned,7.710477828979492,8.597705668304116,-11.506781538104118
100,18,two_opt,12,original_order,7.710477828979492,7.710477999877185,-2.2164345223797784e-06
100,18,two_opt,12,exact_fixed_orientation,7.710477828979492,7.710477999877185,-2.2164345223797784e-06
100,18,two_opt,12,exact_reversible,7.710477828979492,7.710477999877185,-2.2164345223797784e-06
100,18,two_opt,12,greedy_pair,7.710477828979492,7.710477999877185,-2.2164345223797784e-06
100,18,two_opt,12,random_mean,7.710477828979492,13.725262736901641,-78.0079398622462
100,18,two_opt,12,random_best,7.710477828979492,11.940734177362174,-54.86373791885438
100,18,two_opt,12,model_route,7.710477828979492,8.202362108509988,-6.379426676797772
100,18,two_opt,12,model_learned,7.710477828979492,7.710477999877185,-2.2164345223797784e-06
100,19,raw,4,original_order,7.93252420425415,7.932524094590917,1.3824506593016265e-06
100,19,raw,4,exact_fixed_orientation,7.93252420425415,7.932524094590917,1.3824506593016265e-06
100,19,raw,4,exact_reversible,7.93252420425415,7.932524094590917,1.3824506593016265e-06
100,19,raw,4,greedy_pair,7.93252420425415,7.932524094590917,1.3824506593016265e-06
100,19,raw,4,random_mean,7.93252420425415,10.043996357824653,-26.61791000194033
100,19,raw,4,random_best,7.93252420425415,9.250960372621194,-16.62063845528484
100,19,raw,4,model_route,7.93252420425415,7.932524094590917,1.3824506593016265e-06
100,19,raw,4,model_learned,7.93252420425415,7.932524094590917,1.3824506593016265e-06
100,19,raw,8,original_order,7.93252420425415,7.932524094590917,1.3824506593016265e-06
100,19,raw,8,exact_fixed_orientation,7.93252420425415,7.932524094590917,1.3824506593016265e-06
100,19,raw,8,exact_reversible,7.93252420425415,7.932524094590917,1.3824506593016265e-06
100,19,raw,8,greedy_pair,7.93252420425415,7.932524094590917,1.3824506593016265e-06
100,19,raw,8,random_mean,7.93252420425415,12.020865196129307,-51.53896649546448
100,19,raw,8,random_best,7.93252420425415,10.769155251095071,-35.75950068100212
100,19,raw,8,model_route,7.93252420425415,7.932524094590917,1.3824506593016265e-06
100,19,raw,8,model_learned,7.93252420425415,7.932524094590917,1.3824506593016265e-06
100,19,raw,12,original_order,7.93252420425415,7.932524094590917,1.3824506593016265e-06
100,19,raw,12,exact_fixed_orientation,7.93252420425415,7.932524094590917,1.3824506593016265e-06
100,19,raw,12,exact_reversible,7.93252420425415,7.932524094590917,1.3824506593016265e-06
100,19,raw,12,greedy_pair,7.93252420425415,7.932524094590917,1.3824506593016265e-06
100,19,raw,12,random_mean,7.93252420425415,13.459669942734763,-69.6770106987691
100,19,raw,12,random_best,7.93252420425415,11.303253567079082,-42.49251910277483
100,19,raw,12,model_route,7.93252420425415,7.932524094590917,1.3824506593016265e-06
100,19,raw,12,model_learned,7.93252420425415,9.152857190230861,-15.38391758479925
100,19,two_opt,4,original_order,7.923534393310547,7.923533888766542,6.3676634662417486e-06
100,19,two_opt,4,exact_fixed_orientation,7.923534393310547,7.923533888766542,6.3676634662417486e-06
100,19,two_opt,4,exact_reversible,7.923534393310547,7.923533888766542,6.3676634662417486e-06
100,19,two_opt,4,greedy_pair,7.923534393310547,7.923533888766542,6.3676634662417486e-06
100,19,two_opt,4,random_mean,7.923534393310547,10.036587883485481,-26.668067371031825
100,19,two_opt,4,random_best,7.923534393310547,9.523671923438087,-20.19474455084663
100,19,two_opt,4,model_route,7.923534393310547,7.923533888766542,6.3676634662417486e-06
100,19,two_opt,4,model_learned,7.923534393310547,7.923533888766542,6.3676634662417486e-06
100,19,two_opt,8,original_order,7.923534393310547,7.923533888766542,6.3676634662417486e-06
100,19,two_opt,8,exact_fixed_orientation,7.923534393310547,7.923533888766542,6.3676634662417486e-06
100,19,two_opt,8,exact_reversible,7.923534393310547,7.923533888766542,6.3676634662417486e-06
100,19,two_opt,8,greedy_pair,7.923534393310547,7.923533888766542,6.3676634662417486e-06
100,19,two_opt,8,random_mean,7.923534393310547,12.315414527896792,-55.428296472015
100,19,two_opt,8,random_best,7.923534393310547,11.643980076769367,-46.95437034513046
100,19,two_opt,8,model_route,7.923534393310547,7.923533888766542,6.3676634662417486e-06
100,19,two_opt,8,model_learned,7.923534393310547,7.923533888766542,6.3676634662417486e-06
100,19,two_opt,12,original_order,7.923534393310547,7.923533888766542,6.3676634662417486e-06
100,19,two_opt,12,exact_fixed_orientation,7.923534393310547,7.923533888766542,6.3676634662417486e-06
100,19,two_opt,12,exact_reversible,7.923534393310547,7.923533888766542,6.3676634662417486e-06
100,19,two_opt,12,greedy_pair,7.923534393310547,7.923533888766542,6.3676634662417486e-06
100,19,two_opt,12,random_mean,7.923534393310547,13.090218565659598,-65.20681195895395
100,19,two_opt,12,random_best,7.923534393310547,10.824428195366636,-36.61110885699155
100,19,two_opt,12,model_route,7.923534393310547,11.48459772230126,-44.942864537789404
100,19,two_opt,12,model_learned,7.923534393310547,11.707629068056121,-47.75766074720772
100,20,raw,4,original_order,7.575888633728027,7.575888984836638,-4.634553484153554e-06
100,20,raw,4,exact_fixed_orientation,7.575888633728027,7.575888984836638,-4.634553484153554e-06
100,20,raw,4,exact_reversible,7.575888633728027,7.575888984836638,-4.634553484153554e-06
100,20,raw,4,greedy_pair,7.575888633728027,7.575888984836638,-4.634553484153554e-06
100,20,raw,4,random_mean,7.575888633728027,9.609166303649545,-26.83880094104498
100,20,raw,4,random_best,7.575888633728027,9.41499659884721,-24.275805176589223
100,20,raw,4,model_route,7.575888633728027,7.575888984836638,-4.634553484153554e-06
100,20,raw,4,model_learned,7.575888633728027,7.575888984836638,-4.634553484153554e-06
100,20,raw,8,original_order,7.575888633728027,7.575888984836638,-4.634553484153554e-06
100,20,raw,8,exact_fixed_orientation,7.575888633728027,7.575888984836638,-4.634553484153554e-06
100,20,raw,8,exact_reversible,7.575888633728027,7.575888984836638,-4.634553484153554e-06
100,20,raw,8,greedy_pair,7.575888633728027,7.575888984836638,-4.634553484153554e-06
100,20,raw,8,random_mean,7.575888633728027,11.7154377582483,-54.641103171592384
100,20,raw,8,random_best,7.575888633728027,10.955005531199276,-44.603571420352516
100,20,raw,8,model_route,7.575888633728027,7.575888984836638,-4.634553484153554e-06
100,20,raw,8,model_learned,7.575888633728027,7.575888984836638,-4.634553484153554e-06
100,20,raw,12,original_order,7.575888633728027,7.575888984836638,-4.634553484153554e-06
100,20,raw,12,exact_fixed_orientation,7.575888633728027,7.575888984836638,-4.634553484153554e-06
100,20,raw,12,exact_reversible,7.575888633728027,7.575888984836638,-4.634553484153554e-06
100,20,raw,12,greedy_pair,7.575888633728027,7.575888984836638,-4.634553484153554e-06
100,20,raw,12,random_mean,7.575888633728027,13.248044647974893,-74.87116414296666
100,20,raw,12,random_best,7.575888633728027,11.174098976887763,-47.495554873132924
100,20,raw,12,model_route,7.575888633728027,7.575888984836638,-4.634553484153554e-06
100,20,raw,12,model_learned,7.575888633728027,8.278487817384303,-9.274148784715338
100,20,two_opt,4,original_order,7.545805931091309,7.545806133188307,-2.678269233758715e-06
100,20,two_opt,4,exact_fixed_orientation,7.545805931091309,7.545806133188307,-2.678269233758715e-06
100,20,two_opt,4,exact_reversible,7.545805931091309,7.545806133188307,-2.678269233758715e-06
100,20,two_opt,4,greedy_pair,7.545805931091309,7.545806133188307,-2.678269233758715e-06
100,20,two_opt,4,random_mean,7.545805931091309,9.579083452001214,-26.945796638263708
100,20,two_opt,4,random_best,7.545805931091309,9.38491374719888,-24.37258303357387
100,20,two_opt,4,model_route,7.545805931091309,7.545806133188307,-2.678269233758715e-06
100,20,two_opt,4,model_learned,7.545805931091309,7.545806133188307,-2.678269233758715e-06
100,20,two_opt,8,original_order,7.545805931091309,7.545806133188307,-2.678269233758715e-06
100,20,two_opt,8,exact_fixed_orientation,7.545805931091309,7.545806133188307,-2.678269233758715e-06
100,20,two_opt,8,exact_reversible,7.545805931091309,7.545806133188307,-2.678269233758715e-06
100,20,two_opt,8,greedy_pair,7.545805931091309,7.545806133188307,-2.678269233758715e-06
100,20,two_opt,8,random_mean,7.545805931091309,11.70578757347539,-55.12971948090436
100,20,two_opt,8,random_best,7.545805931091309,10.923522726632655,-44.76283681805272
100,20,two_opt,8,model_route,7.545805931091309,7.545806133188307,-2.678269233758715e-06
100,20,two_opt,8,model_learned,7.545805931091309,7.545806133188307,-2.678269233758715e-06
100,20,two_opt,12,original_order,7.545805931091309,7.545806133188307,-2.678269233758715e-06
100,20,two_opt,12,exact_fixed_orientation,7.545805931091309,7.545806133188307,-2.678269233758715e-06
100,20,two_opt,12,exact_reversible,7.545805931091309,7.545806133188307,-2.678269233758715e-06
100,20,two_opt,12,greedy_pair,7.545805931091309,7.545806133188307,-2.678269233758715e-06
100,20,two_opt,12,random_mean,7.545805931091309,13.262570188147947,-75.76081745624558
100,20,two_opt,12,random_best,7.545805931091309,11.236971476115286,-48.9167834255465
100,20,two_opt,12,model_route,7.545805931091309,7.545806133188307,-2.678269233758715e-06
100,20,two_opt,12,model_learned,7.545805931091309,7.545806133188307,-2.678269233758715e-06
100,21,raw,4,original_order,8.356501579284668,8.356500973924994,7.244175900124474e-06
100,21,raw,4,exact_fixed_orientation,8.356501579284668,8.356500973924994,7.244175900124474e-06
100,21,raw,4,exact_reversible,8.356501579284668,8.356500973924994,7.244175900124474e-06
100,21,raw,4,greedy_pair,8.356501579284668,8.356500973924994,7.244175900124474e-06
100,21,raw,4,random_mean,8.356501579284668,9.334977824008092,-11.709161249356022
100,21,raw,4,random_best,8.356501579284668,8.356500973924994,7.244175900124474e-06
100,21,raw,4,model_route,8.356501579284668,8.356500973924994,7.244175900124474e-06
100,21,raw,4,model_learned,8.356501579284668,8.356500973924994,7.244175900124474e-06
100,21,raw,8,original_order,8.356501579284668,8.356500973924994,7.244175900124474e-06
100,21,raw,8,exact_fixed_orientation,8.356501579284668,8.356500973924994,7.244175900124474e-06
100,21,raw,8,exact_reversible,8.356501579284668,8.356500973924994,7.244175900124474e-06
100,21,raw,8,greedy_pair,8.356501579284668,8.356500973924994,7.244175900124474e-06
100,21,raw,8,random_mean,8.356501579284668,11.894257703097537,-42.335373125313374
100,21,raw,8,random_best,8.356501579284668,10.782737780362368,-29.03411407343251
100,21,raw,8,model_route,8.356501579284668,8.356500973924994,7.244175900124474e-06
100,21,raw,8,model_learned,8.356501579284668,8.356500973924994,7.244175900124474e-06
100,21,raw,12,original_order,8.356501579284668,8.356500973924994,7.244175900124474e-06
100,21,raw,12,exact_fixed_orientation,8.356501579284668,8.356500973924994,7.244175900124474e-06
100,21,raw,12,exact_reversible,8.356501579284668,8.356500973924994,7.244175900124474e-06
100,21,raw,12,greedy_pair,8.356501579284668,8.356500973924994,7.244175900124474e-06
100,21,raw,12,random_mean,8.356501579284668,13.71223267680034,-64.09058918617632
100,21,raw,12,random_best,8.356501579284668,11.9355633482337,-42.829666637308364
100,21,raw,12,model_route,8.356501579284668,8.356500973924994,7.244175900124474e-06
100,21,raw,12,model_learned,8.356501579284668,8.356500973924994,7.244175900124474e-06
100,21,two_opt,4,original_order,8.344940185546875,8.344940161332488,2.901684901461709e-07
100,21,two_opt,4,exact_fixed_orientation,8.344940185546875,8.344940161332488,2.901684901461709e-07
100,21,two_opt,4,exact_reversible,8.344940185546875,8.344940161332488,2.901684901461709e-07
100,21,two_opt,4,greedy_pair,8.344940185546875,8.344940161332488,2.901684901461709e-07
100,21,two_opt,4,random_mean,8.344940185546875,9.323417011415586,-11.725390525427567
100,21,two_opt,4,random_best,8.344940185546875,8.344940161332488,2.901684901461709e-07
100,21,two_opt,4,model_route,8.344940185546875,8.344940161332488,2.901684901461709e-07
100,21,two_opt,4,model_learned,8.344940185546875,8.344940161332488,2.901684901461709e-07
100,21,two_opt,8,original_order,8.344940185546875,8.344940161332488,2.901684901461709e-07
100,21,two_opt,8,exact_fixed_orientation,8.344940185546875,8.344940161332488,2.901684901461709e-07
100,21,two_opt,8,exact_reversible,8.344940185546875,8.344940161332488,2.901684901461709e-07
100,21,two_opt,8,greedy_pair,8.344940185546875,8.344940161332488,2.901684901461709e-07
100,21,two_opt,8,random_mean,8.344940185546875,11.88269689050503,-42.39403310625783
100,21,two_opt,8,random_best,8.344940185546875,10.771176967769861,-29.074345990222167
100,21,two_opt,8,model_route,8.344940185546875,8.344940161332488,2.901684901461709e-07
100,21,two_opt,8,model_learned,8.344940185546875,8.344940161332488,2.901684901461709e-07
100,21,two_opt,12,original_order,8.344940185546875,8.344940161332488,2.901684901461709e-07
100,21,two_opt,12,exact_fixed_orientation,8.344940185546875,8.344940161332488,2.901684901461709e-07
100,21,two_opt,12,exact_reversible,8.344940185546875,8.344940161332488,2.901684901461709e-07
100,21,two_opt,12,greedy_pair,8.344940185546875,8.344940161332488,2.901684901461709e-07
100,21,two_opt,12,random_mean,8.344940185546875,13.818861570674926,-65.59569347912976
100,21,two_opt,12,random_best,8.344940185546875,12.016248375177383,-43.99442186522891
100,21,two_opt,12,model_route,8.344940185546875,8.344940161332488,2.901684901461709e-07
100,21,two_opt,12,model_learned,8.344940185546875,8.344940161332488,2.901684901461709e-07
100,22,raw,4,original_order,7.710685729980469,7.7106859823688865,-3.273229211501452e-06
100,22,raw,4,exact_fixed_orientation,7.710685729980469,7.7106859823688865,-3.273229211501452e-06
100,22,raw,4,exact_reversible,7.710685729980469,7.7106859823688865,-3.273229211501452e-06
100,22,raw,4,greedy_pair,7.710685729980469,7.7106859823688865,-3.273229211501452e-06
100,22,raw,4,random_mean,7.710685729980469,9.538382263097446,-23.703424015980577
100,22,raw,4,random_best,7.710685729980469,8.96907206485048,-16.320031433484427
100,22,raw,4,model_route,7.710685729980469,7.7106859823688865,-3.273229211501452e-06
100,22,raw,4,model_learned,7.710685729980469,7.7106859823688865,-3.273229211501452e-06
100,22,raw,8,original_order,7.710685729980469,7.7106859823688865,-3.273229211501452e-06
100,22,raw,8,exact_fixed_orientation,7.710685729980469,7.7106859823688865,-3.273229211501452e-06
100,22,raw,8,exact_reversible,7.710685729980469,7.7106859823688865,-3.273229211501452e-06
100,22,raw,8,greedy_pair,7.710685729980469,7.7106859823688865,-3.273229211501452e-06
100,22,raw,8,random_mean,7.710685729980469,11.656038306362461,-51.16733731011478
100,22,raw,8,random_best,7.710685729980469,11.094101036898792,-43.87956435266223
100,22,raw,8,model_route,7.710685729980469,7.7106859823688865,-3.273229211501452e-06
100,22,raw,8,model_learned,7.710685729980469,7.7106859823688865,-3.273229211501452e-06
100,22,raw,12,original_order,7.710685729980469,7.7106859823688865,-3.273229211501452e-06
100,22,raw,12,exact_fixed_orientation,7.710685729980469,7.7106859823688865,-3.273229211501452e-06
100,22,raw,12,exact_reversible,7.710685729980469,7.7106859823688865,-3.273229211501452e-06
100,22,raw,12,greedy_pair,7.710685729980469,7.7106859823688865,-3.273229211501452e-06
100,22,raw,12,random_mean,7.710685729980469,12.66177981859073,-64.21081421279509
100,22,raw,12,random_best,7.710685729980469,11.535523920319974,-49.60438441250275
100,22,raw,12,model_route,7.710685729980469,7.7106859823688865,-3.273229211501452e-06
100,22,raw,12,model_learned,7.710685729980469,7.7106859823688865,-3.273229211501452e-06
100,22,two_opt,4,original_order,7.706092834472656,7.70609278883785,5.921912327867944e-07
100,22,two_opt,4,exact_fixed_orientation,7.706092834472656,7.70609278883785,5.921912327867944e-07
100,22,two_opt,4,exact_reversible,7.706092834472656,7.70609278883785,5.921912327867944e-07
100,22,two_opt,4,greedy_pair,7.706092834472656,7.70609278883785,5.921912327867944e-07
100,22,two_opt,4,random_mean,7.706092834472656,9.538511880848091,-23.778834303400018
100,22,two_opt,4,random_best,7.706092834472656,8.964478871319443,-16.32975444076519
100,22,two_opt,4,model_route,7.706092834472656,7.70609278883785,5.921912327867944e-07
100,22,two_opt,4,model_learned,7.706092834472656,7.70609278883785,5.921912327867944e-07
100,22,two_opt,8,original_order,7.706092834472656,7.70609278883785,5.921912327867944e-07
100,22,two_opt,8,exact_fixed_orientation,7.706092834472656,7.70609278883785,5.921912327867944e-07
100,22,two_opt,8,exact_reversible,7.706092834472656,7.70609278883785,5.921912327867944e-07
100,22,two_opt,8,greedy_pair,7.706092834472656,7.70609278883785,5.921912327867944e-07
100,22,two_opt,8,random_mean,7.706092834472656,11.651445112831425,-51.19782960191599
100,22,two_opt,8,random_best,7.706092834472656,11.089507843367755,-43.90571307108621
100,22,two_opt,8,model_route,7.706092834472656,7.70609278883785,5.921912327867944e-07
100,22,two_opt,8,model_learned,7.706092834472656,7.70609278883785,5.921912327867944e-07
100,22,two_opt,12,original_order,7.706092834472656,7.70609278883785,5.921912327867944e-07
100,22,two_opt,12,exact_fixed_orientation,7.706092834472656,7.70609278883785,5.921912327867944e-07
100,22,two_opt,12,exact_reversible,7.706092834472656,7.70609278883785,5.921912327867944e-07
100,22,two_opt,12,greedy_pair,7.706092834472656,7.70609278883785,5.921912327867944e-07
100,22,two_opt,12,random_mean,7.706092834472656,12.607943584676832,-63.6100661579899
100,22,two_opt,12,random_best,7.706092834472656,11.478559329174459,-48.95433491050021
100,22,two_opt,12,model_route,7.706092834472656,7.70609278883785,5.921912327867944e-07
100,22,two_opt,12,model_learned,7.706092834472656,7.70609278883785,5.921912327867944e-07
100,23,raw,4,original_order,7.712456703186035,7.712456852663308,-1.93812787518191e-06
100,23,raw,4,exact_fixed_orientation,7.712456703186035,7.712456852663308,-1.93812787518191e-06
100,23,raw,4,exact_reversible,7.712456703186035,7.712456852663308,-1.93812787518191e-06
100,23,raw,4,greedy_pair,7.712456703186035,7.712456852663308,-1.93812787518191e-06
100,23,raw,4,random_mean,7.712456703186035,9.03100471990183,-17.09634254635231
100,23,raw,4,random_best,7.712456703186035,7.712456852663308,-1.93812787518191e-06
100,23,raw,4,model_route,7.712456703186035,7.712456852663308,-1.93812787518191e-06
100,23,raw,4,model_learned,7.712456703186035,7.712456852663308,-1.93812787518191e-06
100,23,raw,8,original_order,7.712456703186035,7.712456852663308,-1.93812787518191e-06
100,23,raw,8,exact_fixed_orientation,7.712456703186035,7.712456852663308,-1.93812787518191e-06
100,23,raw,8,exact_reversible,7.712456703186035,7.712456852663308,-1.93812787518191e-06
100,23,raw,8,greedy_pair,7.712456703186035,7.712456852663308,-1.93812787518191e-06
100,23,raw,8,random_mean,7.712456703186035,11.32143862429075,-46.79419360129224
100,23,raw,8,random_best,7.712456703186035,10.296917414758354,-33.51021355497104
100,23,raw,8,model_route,7.712456703186035,7.712456852663308,-1.93812787518191e-06
100,23,raw,8,model_learned,7.712456703186035,7.712456852663308,-1.93812787518191e-06
100,23,raw,12,original_order,7.712456703186035,7.712456852663308,-1.93812787518191e-06
100,23,raw,12,exact_fixed_orientation,7.712456703186035,7.712456852663308,-1.93812787518191e-06
100,23,raw,12,exact_reversible,7.712456703186035,7.712456852663308,-1.93812787518191e-06
100,23,raw,12,greedy_pair,7.712456703186035,7.712456852663308,-1.93812787518191e-06
100,23,raw,12,random_mean,7.712456703186035,12.352788575226441,-60.166715362220096
100,23,raw,12,random_best,7.712456703186035,11.209115978796035,-45.33781400893338
100,23,raw,12,model_route,7.712456703186035,9.279387452173978,-20.31688227618367
100,23,raw,12,model_learned,7.712456703186035,8.2639857144095,-7.151145639438432
100,23,two_opt,4,original_order,7.708709716796875,7.708709441591054,3.570063355728843e-06
100,23,two_opt,4,exact_fixed_orientation,7.708709716796875,7.708709441591054,3.570063355728843e-06
100,23,two_opt,4,exact_reversible,7.708709716796875,7.708709441591054,3.570063355728843e-06
100,23,two_opt,4,greedy_pair,7.708709716796875,7.708709441591054,3.570063355728843e-06
100,23,two_opt,4,random_mean,7.708709716796875,9.027257308829576,-17.10464708717277
100,23,two_opt,4,random_best,7.708709716796875,7.708709441591054,3.570063355728843e-06
100,23,two_opt,4,model_route,7.708709716796875,7.708709441591054,3.570063355728843e-06
100,23,two_opt,4,model_learned,7.708709716796875,7.708709441591054,3.570063355728843e-06
100,23,two_opt,8,original_order,7.708709716796875,7.708709441591054,3.570063355728843e-06
100,23,two_opt,8,exact_fixed_orientation,7.708709716796875,7.708709441591054,3.570063355728843e-06
100,23,two_opt,8,exact_reversible,7.708709716796875,7.708709441591054,3.570063355728843e-06
100,23,two_opt,8,greedy_pair,7.708709716796875,7.708709441591054,3.570063355728843e-06
100,23,two_opt,8,random_mean,7.708709716796875,11.317691213218495,-46.8169334299596
100,23,two_opt,8,random_best,7.708709716796875,10.2931700036861,-33.5264964155781
100,23,two_opt,8,model_route,7.708709716796875,7.708709441591054,3.570063355728843e-06
100,23,two_opt,8,model_learned,7.708709716796875,7.708709441591054,3.570063355728843e-06
100,23,two_opt,12,original_order,7.708709716796875,7.708709441591054,3.570063355728843e-06
100,23,two_opt,12,exact_fixed_orientation,7.708709716796875,7.708709441591054,3.570063355728843e-06
100,23,two_opt,12,exact_reversible,7.708709716796875,7.708709441591054,3.570063355728843e-06
100,23,two_opt,12,greedy_pair,7.708709716796875,7.708709441591054,3.570063355728843e-06
100,23,two_opt,12,random_mean,7.708709716796875,12.349041164154187,-60.19595519657813
100,23,two_opt,12,random_best,7.708709716796875,11.20536856772378,-45.35984593255431
100,23,two_opt,12,model_route,7.708709716796875,9.275640041101724,-20.326752230539824
100,23,two_opt,12,model_learned,7.708709716796875,8.260238303337246,-7.154616100520937
100,24,raw,4,original_order,7.838550567626953,7.83855159394443,-1.309320477519054e-05
100,24,raw,4,exact_fixed_orientation,7.838550567626953,7.83855159394443,-1.309320477519054e-05
100,24,raw,4,exact_reversible,7.838550567626953,7.83855159394443,-1.309320477519054e-05
100,24,raw,4,greedy_pair,7.838550567626953,7.83855159394443,-1.309320477519054e-05
100,24,raw,4,random_mean,7.838550567626953,8.785149238770828,-12.076195247796282
100,24,raw,4,random_best,7.838550567626953,7.83855159394443,-1.309320477519054e-05
100,24,raw,4,model_route,7.838550567626953,7.83855159394443,-1.309320477519054e-05
100,24,raw,4,model_learned,7.838550567626953,7.83855159394443,-1.309320477519054e-05
100,24,raw,8,original_order,7.838550567626953,7.83855159394443,-1.309320477519054e-05
100,24,raw,8,exact_fixed_orientation,7.838550567626953,7.83855159394443,-1.309320477519054e-05
100,24,raw,8,exact_reversible,7.838550567626953,7.83855159394443,-1.309320477519054e-05
100,24,raw,8,greedy_pair,7.838550567626953,7.83855159394443,-1.309320477519054e-05
100,24,raw,8,random_mean,7.838550567626953,12.427390195429325,-58.54194073524488
100,24,raw,8,random_best,7.838550567626953,10.83210907690227,-38.19020472533086
100,24,raw,8,model_route,7.838550567626953,7.83855159394443,-1.309320477519054e-05
100,24,raw,8,model_learned,7.838550567626953,10.933219013735652,-39.480110760395085
100,24,raw,12,original_order,7.838550567626953,7.83855159394443,-1.309320477519054e-05
100,24,raw,12,exact_fixed_orientation,7.838550567626953,7.83855159394443,-1.309320477519054e-05
100,24,raw,12,exact_reversible,7.838550567626953,7.83855159394443,-1.309320477519054e-05
100,24,raw,12,greedy_pair,7.838550567626953,8.226601852104068,-4.95054897112941
100,24,raw,12,random_mean,7.838550567626953,13.509162938222289,-72.3426138757699
100,24,raw,12,random_best,7.838550567626953,12.377453545108438,-57.90487588645606
100,24,raw,12,model_route,7.838550567626953,7.83855159394443,-1.309320477519054e-05
100,24,raw,12,model_learned,7.838550567626953,7.83855159394443,-1.309320477519054e-05
100,24,two_opt,4,original_order,7.8302388191223145,7.830238973721862,-1.9743912153562948e-06
100,24,two_opt,4,exact_fixed_orientation,7.8302388191223145,7.830238973721862,-1.9743912153562948e-06
100,24,two_opt,4,exact_reversible,7.8302388191223145,7.830238973721862,-1.9743912153562948e-06
100,24,two_opt,4,greedy_pair,7.8302388191223145,7.830238973721862,-1.9743912153562948e-06
100,24,two_opt,4,random_mean,7.8302388191223145,8.77683661854826,-12.089002919224475
100,24,two_opt,4,random_best,7.8302388191223145,7.830238973721862,-1.9743912153562948e-06
100,24,two_opt,4,model_route,7.8302388191223145,7.830238973721862,-1.9743912153562948e-06
100,24,two_opt,4,model_learned,7.8302388191223145,7.830238973721862,-1.9743912153562948e-06
100,24,two_opt,8,original_order,7.8302388191223145,7.830238973721862,-1.9743912153562948e-06
100,24,two_opt,8,exact_fixed_orientation,7.8302388191223145,7.830238973721862,-1.9743912153562948e-06
100,24,two_opt,8,exact_reversible,7.8302388191223145,7.830238973721862,-1.9743912153562948e-06
100,24,two_opt,8,greedy_pair,7.8302388191223145,7.830238973721862,-1.9743912153562948e-06
100,24,two_opt,8,random_mean,7.8302388191223145,12.419077575206757,-58.604071498789885
100,24,two_opt,8,random_best,7.8302388191223145,10.823796456679702,-38.23073225106221
100,24,two_opt,8,model_route,7.8302388191223145,7.830238973721862,-1.9743912153562948e-06
100,24,two_opt,8,model_learned,7.8302388191223145,10.924906393513083,-39.52200751314566
100,24,two_opt,12,original_order,7.8302388191223145,7.830238973721862,-1.9743912153562948e-06
100,24,two_opt,12,exact_fixed_orientation,7.8302388191223145,7.830238973721862,-1.9743912153562948e-06
100,24,two_opt,12,exact_reversible,7.8302388191223145,7.830238973721862,-1.9743912153562948e-06
100,24,two_opt,12,greedy_pair,7.8302388191223145,8.2182892318815,-4.955792814537438
100,24,two_opt,12,random_mean,7.8302388191223145,13.528148137032986,-72.76801448246691
100,24,two_opt,12,random_best,7.8302388191223145,12.479178147390485,-59.3716160599718
100,24,two_opt,12,model_route,7.8302388191223145,7.830238973721862,-1.9743912153562948e-06
100,24,two_opt,12,model_learned,7.8302388191223145,7.830238973721862,-1.9743912153562948e-06
100,25,raw,4,original_order,8.026467323303223,8.026466542389244,9.72923637959446e-06
100,25,raw,4,exact_fixed_orientation,8.026467323303223,8.026466542389244,9.72923637959446e-06
100,25,raw,4,exact_reversible,8.026467323303223,8.026466542389244,9.72923637959446e-06
100,25,raw,4,greedy_pair,8.026467323303223,8.026466542389244,9.72923637959446e-06
100,25,raw,4,random_mean,8.026467323303223,9.099786410108209,-13.372247634881928
100,25,raw,4,random_best,8.026467323303223,8.026466542389244,9.72923637959446e-06
100,25,raw,4,model_route,8.026467323303223,8.026466542389244,9.72923637959446e-06
100,25,raw,4,model_learned,8.026467323303223,8.026466542389244,9.72923637959446e-06
100,25,raw,8,original_order,8.026467323303223,8.026466542389244,9.72923637959446e-06
100,25,raw,8,exact_fixed_orientation,8.026467323303223,8.026466542389244,9.72923637959446e-06
100,25,raw,8,exact_reversible,8.026467323303223,8.026466542389244,9.72923637959446e-06
100,25,raw,8,greedy_pair,8.026467323303223,8.026466542389244,9.72923637959446e-06
100,25,raw,8,random_mean,8.026467323303223,11.44397138338536,-42.57793525378352
100,25,raw,8,random_best,8.026467323303223,9.701423553284258,-20.86791314926479
100,25,raw,8,model_route,8.026467323303223,8.026466542389244,9.72923637959446e-06
100,25,raw,8,model_learned,8.026467323303223,8.026466542389244,9.72923637959446e-06
100,25,raw,12,original_order,8.026467323303223,8.026466542389244,9.72923637959446e-06
100,25,raw,12,exact_fixed_orientation,8.026467323303223,8.026466542389244,9.72923637959446e-06
100,25,raw,12,exact_reversible,8.026467323303223,8.026466542389244,9.72923637959446e-06
100,25,raw,12,greedy_pair,8.026467323303223,8.026466542389244,9.72923637959446e-06
100,25,raw,12,random_mean,8.026467323303223,12.807584149297327,-59.56688831353115
100,25,raw,12,random_best,8.026467323303223,11.662858187686652,-45.30499805095954
100,25,raw,12,model_route,8.026467323303223,8.026466542389244,9.72923637959446e-06
100,25,raw,12,model_learned,8.026467323303223,8.026466542389244,9.72923637959446e-06
100,25,two_opt,4,original_order,8.024994850158691,8.024994799401611,6.324873880204406e-07
100,25,two_opt,4,exact_fixed_orientation,8.024994850158691,8.024994799401611,6.324873880204406e-07
100,25,two_opt,4,exact_reversible,8.024994850158691,8.024994799401611,6.324873880204406e-07
100,25,two_opt,4,greedy_pair,8.024994850158691,8.024994799401611,6.324873880204406e-07
100,25,two_opt,4,random_mean,8.024994850158691,9.098314667120576,-13.374710351878418
100,25,two_opt,4,random_best,8.024994850158691,8.024994799401611,6.324873880204406e-07
100,25,two_opt,4,model_route,8.024994850158691,8.024994799401611,6.324873880204406e-07
100,25,two_opt,4,model_learned,8.024994850158691,8.024994799401611,6.324873880204406e-07
100,25,two_opt,8,original_order,8.024994850158691,8.024994799401611,6.324873880204406e-07
100,25,two_opt,8,exact_fixed_orientation,8.024994850158691,8.024994799401611,6.324873880204406e-07
100,25,two_opt,8,exact_reversible,8.024994850158691,8.024994799401611,6.324873880204406e-07
100,25,two_opt,8,greedy_pair,8.024994850158691,8.024994799401611,6.324873880204406e-07
100,25,two_opt,8,random_mean,8.024994850158691,11.442499640397727,-42.58575680171877
100,25,two_opt,8,random_best,8.024994850158691,9.699951810296625,-20.871751214953264
100,25,two_opt,8,model_route,8.024994850158691,8.024994799401611,6.324873880204406e-07
100,25,two_opt,8,model_learned,8.024994850158691,8.024994799401611,6.324873880204406e-07
100,25,two_opt,12,original_order,8.024994850158691,8.024994799401611,6.324873880204406e-07
100,25,two_opt,12,exact_fixed_orientation,8.024994850158691,8.024994799401611,6.324873880204406e-07
100,25,two_opt,12,exact_reversible,8.024994850158691,8.024994799401611,6.324873880204406e-07
100,25,two_opt,12,greedy_pair,8.024994850158691,8.024994799401611,6.324873880204406e-07
100,25,two_opt,12,random_mean,8.024994850158691,12.806112406309694,-59.57782709426235
100,25,two_opt,12,random_best,8.024994850158691,11.66138644469902,-45.31331997637879
100,25,two_opt,12,model_route,8.024994850158691,8.024994799401611,6.324873880204406e-07
100,25,two_opt,12,model_learned,8.024994850158691,8.024994799401611,6.324873880204406e-07
100,26,raw,4,original_order,7.766927719116211,7.766927362768911,4.588008450692725e-06
100,26,raw,4,exact_fixed_orientation,7.766927719116211,7.766927362768911,4.588008450692725e-06
100,26,raw,4,exact_reversible,7.766927719116211,7.766927362768911,4.588008450692725e-06
100,26,raw,4,greedy_pair,7.766927719116211,7.766927362768911,4.588008450692725e-06
100,26,raw,4,random_mean,7.766927719116211,9.177419870276935,-18.16023274800377
100,26,raw,4,random_best,7.766927719116211,7.766927362768911,4.588008450692725e-06
100,26,raw,4,model_route,7.766927719116211,7.766927362768911,4.588008450692725e-06
100,26,raw,4,model_learned,7.766927719116211,7.766927362768911,4.588008450692725e-06
100,26,raw,8,original_order,7.766927719116211,7.766927362768911,4.588008450692725e-06
100,26,raw,8,exact_fixed_orientation,7.766927719116211,7.766927362768911,4.588008450692725e-06
100,26,raw,8,exact_reversible,7.766927719116211,7.766927362768911,4.588008450692725e-06
100,26,raw,8,greedy_pair,7.766927719116211,7.766927362768911,4.588008450692725e-06
100,26,raw,8,random_mean,7.766927719116211,11.477858601487242,-47.77862002291548
100,26,raw,8,random_best,7.766927719116211,10.063084115623496,-29.563251771429673
100,26,raw,8,model_route,7.766927719116211,7.766927362768911,4.588008450692725e-06
100,26,raw,8,model_learned,7.766927719116211,7.766927362768911,4.588008450692725e-06
100,26,raw,12,original_order,7.766927719116211,7.766927362768911,4.588008450692725e-06
100,26,raw,12,exact_fixed_orientation,7.766927719116211,7.766927362768911,4.588008450692725e-06
100,26,raw,12,exact_reversible,7.766927719116211,7.766927362768911,4.588008450692725e-06
100,26,raw,12,greedy_pair,7.766927719116211,7.766927362768911,4.588008450692725e-06
100,26,raw,12,random_mean,7.766927719116211,13.61671052861493,-75.31656043484281
100,26,raw,12,random_best,7.766927719116211,12.553455063491128,-61.62703603632313
100,26,raw,12,model_route,7.766927719116211,9.783607372432016,-25.964959714409193
100,26,raw,12,model_learned,7.766927719116211,9.08486385026481,-16.968564390072185
100,26,two_opt,4,original_order,7.730808734893799,7.73080921114888,-6.160482013277138e-06
100,26,two_opt,4,exact_fixed_orientation,7.730808734893799,7.73080921114888,-6.160482013277138e-06
100,26,two_opt,4,exact_reversible,7.730808734893799,7.73080921114888,-6.160482013277138e-06
100,26,two_opt,4,greedy_pair,7.730808734893799,7.73080921114888,-6.160482013277138e-06
100,26,two_opt,4,random_mean,7.730808734893799,9.141301718656905,-18.245089642390212
100,26,two_opt,4,random_best,7.730808734893799,7.73080921114888,-6.160482013277138e-06
100,26,two_opt,4,model_route,7.730808734893799,7.73080921114888,-6.160482013277138e-06
100,26,two_opt,4,model_learned,7.730808734893799,7.73080921114888,-6.160482013277138e-06
100,26,two_opt,8,original_order,7.730808734893799,7.73080921114888,-6.160482013277138e-06
100,26,two_opt,8,exact_fixed_orientation,7.730808734893799,7.73080921114888,-6.160482013277138e-06
100,26,two_opt,8,exact_reversible,7.730808734893799,7.73080921114888,-6.160482013277138e-06
100,26,two_opt,8,greedy_pair,7.730808734893799,7.73080921114888,-6.160482013277138e-06
100,26,two_opt,8,random_mean,7.730808734893799,11.445363858132623,-48.04872621505689
100,26,two_opt,8,random_best,7.730808734893799,10.025144930346869,-29.677828984402993
100,26,two_opt,8,model_route,7.730808734893799,7.73080921114888,-6.160482013277138e-06
100,26,two_opt,8,model_learned,7.730808734893799,7.73080921114888,-6.160482013277138e-06
100,26,two_opt,12,original_order,7.730808734893799,7.73080921114888,-6.160482013277138e-06
100,26,two_opt,12,exact_fixed_orientation,7.730808734893799,7.73080921114888,-6.160482013277138e-06
100,26,two_opt,12,exact_reversible,7.730808734893799,7.73080921114888,-6.160482013277138e-06
100,26,two_opt,12,greedy_pair,7.730808734893799,7.73080921114888,-6.160482013277138e-06
100,26,two_opt,12,random_mean,7.730808734893799,13.593319924897514,-75.83309057359898
100,26,two_opt,12,random_best,7.730808734893799,12.508597615524195,-61.80192842005463
100,26,two_opt,12,model_route,7.730808734893799,9.747489220811985,-26.086280945170618
100,26,two_opt,12,model_learned,7.730808734893799,9.024270302965306,-16.731258170097203
100,27,raw,4,original_order,7.68520450592041,7.685204200912267,3.968770680748986e-06
100,27,raw,4,exact_fixed_orientation,7.68520450592041,7.685204200912267,3.968770680748986e-06
100,27,raw,4,exact_reversible,7.68520450592041,7.685204200912267,3.968770680748986e-06
100,27,raw,4,greedy_pair,7.68520450592041,7.685204200912267,3.968770680748986e-06
100,27,raw,4,random_mean,7.68520450592041,9.02272463683039,-17.403832648559984
100,27,raw,4,random_best,7.68520450592041,7.685204200912267,3.968770680748986e-06
100,27,raw,4,model_route,7.68520450592041,7.685204200912267,3.968770680748986e-06
100,27,raw,4,model_learned,7.68520450592041,7.685204200912267,3.968770680748986e-06
100,27,raw,8,original_order,7.68520450592041,7.685204200912267,3.968770680748986e-06
100,27,raw,8,exact_fixed_orientation,7.68520450592041,7.685204200912267,3.968770680748986e-06
100,27,raw,8,exact_reversible,7.68520450592041,7.685204200912267,3.968770680748986e-06
100,27,raw,8,greedy_pair,7.68520450592041,7.685204200912267,3.968770680748986e-06
100,27,raw,8,random_mean,7.68520450592041,10.668224224355072,-38.81509875419253
100,27,raw,8,random_best,7.68520450592041,10.136142902541906,-31.891648358002435
100,27,raw,8,model_route,7.68520450592041,7.685204200912267,3.968770680748986e-06
100,27,raw,8,model_learned,7.68520450592041,7.685204200912267,3.968770680748986e-06
100,27,raw,12,original_order,7.68520450592041,7.685204200912267,3.968770680748986e-06
100,27,raw,12,exact_fixed_orientation,7.68520450592041,7.685204200912267,3.968770680748986e-06
100,27,raw,12,exact_reversible,7.68520450592041,7.685204200912267,3.968770680748986e-06
100,27,raw,12,greedy_pair,7.68520450592041,7.685204200912267,3.968770680748986e-06
100,27,raw,12,random_mean,7.68520450592041,13.457245263736695,-75.10588369339695
100,27,raw,12,random_best,7.68520450592041,11.809492652770132,-53.665301211861255
100,27,raw,12,model_route,7.68520450592041,7.685204200912267,3.968770680748986e-06
100,27,raw,12,model_learned,7.68520450592041,9.73206760501489,-26.633814331390262
100,27,two_opt,4,original_order,7.643451690673828,7.643451266456395,5.550076718022044e-06
100,27,two_opt,4,exact_fixed_orientation,7.643451690673828,7.643451266456395,5.550076718022044e-06
100,27,two_opt,4,exact_reversible,7.643451690673828,7.643451266456395,5.550076718022044e-06
100,27,two_opt,4,greedy_pair,7.643451690673828,7.643451266456395,5.550076718022044e-06
100,27,two_opt,4,random_mean,7.643451690673828,8.980971702374518,-17.498900573057423
100,27,two_opt,4,random_best,7.643451690673828,7.643451266456395,5.550076718022044e-06
100,27,two_opt,4,model_route,7.643451690673828,7.643451266456395,5.550076718022044e-06
100,27,two_opt,4,model_learned,7.643451690673828,7.643451266456395,5.550076718022044e-06
100,27,two_opt,8,original_order,7.643451690673828,7.643451266456395,5.550076718022044e-06
100,27,two_opt,8,exact_fixed_orientation,7.643451690673828,7.643451266456395,5.550076718022044e-06
100,27,two_opt,8,exact_reversible,7.643451690673828,7.643451266456395,5.550076718022044e-06
100,27,two_opt,8,greedy_pair,7.643451690673828,7.643451266456395,5.550076718022044e-06
100,27,two_opt,8,random_mean,7.643451690673828,10.660466263536364,-39.471886458623814
100,27,two_opt,8,random_best,7.643451690673828,10.124347493518144,-32.45779398162986
100,27,two_opt,8,model_route,7.643451690673828,7.643451266456395,5.550076718022044e-06
100,27,two_opt,8,model_learned,7.643451690673828,7.643451266456395,5.550076718022044e-06
100,27,two_opt,12,original_order,7.643451690673828,7.643451266456395,5.550076718022044e-06
100,27,two_opt,12,exact_fixed_orientation,7.643451690673828,7.643451266456395,5.550076718022044e-06
100,27,two_opt,12,exact_reversible,7.643451690673828,7.643451266456395,5.550076718022044e-06
100,27,two_opt,12,greedy_pair,7.643451690673828,7.643451266456395,5.550076718022044e-06
100,27,two_opt,12,random_mean,7.643451690673828,13.434822504874319,-75.76905105931189
100,27,two_opt,12,random_best,7.643451690673828,11.806872218381613,-54.47042378494772
100,27,two_opt,12,model_route,7.643451690673828,7.643451266456395,5.550076718022044e-06
100,27,two_opt,12,model_learned,7.643451690673828,7.643451266456395,5.550076718022044e-06
100,28,raw,4,original_order,8.208041191101074,8.208041320554912,-1.5771587259077318e-06
100,28,raw,4,exact_fixed_orientation,8.208041191101074,8.208041320554912,-1.5771587259077318e-06
100,28,raw,4,exact_reversible,8.208041191101074,8.208041320554912,-1.5771587259077318e-06
100,28,raw,4,greedy_pair,8.208041191101074,8.208041320554912,-1.5771587259077318e-06
100,28,raw,4,random_mean,8.208041191101074,9.639513850677758,-17.439881528965113
100,28,raw,4,random_best,8.208041191101074,8.208041320554912,-1.5771587259077318e-06
100,28,raw,4,model_route,8.208041191101074,8.208041320554912,-1.5771587259077318e-06
100,28,raw,4,model_learned,8.208041191101074,8.208041320554912,-1.5771587259077318e-06
100,28,raw,8,original_order,8.208041191101074,8.208041320554912,-1.5771587259077318e-06
100,28,raw,8,exact_fixed_orientation,8.208041191101074,8.208041320554912,-1.5771587259077318e-06
100,28,raw,8,exact_reversible,8.208041191101074,8.208041320554912,-1.5771587259077318e-06
100,28,raw,8,greedy_pair,8.208041191101074,8.208041320554912,-1.5771587259077318e-06
100,28,raw,8,random_mean,8.208041191101074,11.568359247874469,-40.9393420249469
100,28,raw,8,random_best,8.208041191101074,10.199474553577602,-24.261980612811534
100,28,raw,8,model_route,8.208041191101074,8.208041320554912,-1.5771587259077318e-06
100,28,raw,8,model_learned,8.208041191101074,10.173005028627813,-23.93949776539982
100,28,raw,12,original_order,8.208041191101074,8.208041320554912,-1.5771587259077318e-06
100,28,raw,12,exact_fixed_orientation,8.208041191101074,8.208041320554912,-1.5771587259077318e-06
100,28,raw,12,exact_reversible,8.208041191101074,8.208041320554912,-1.5771587259077318e-06
100,28,raw,12,greedy_pair,8.208041191101074,8.208041320554912,-1.5771587259077318e-06
100,28,raw,12,random_mean,8.208041191101074,12.944080969318748,-57.700000133434436
100,28,raw,12,random_best,8.208041191101074,12.364189456216991,-50.6350805064416
100,28,raw,12,model_route,8.208041191101074,8.208041320554912,-1.5771587259077318e-06
100,28,raw,12,model_learned,8.208041191101074,8.208041320554912,-1.5771587259077318e-06
100,28,two_opt,4,original_order,8.198811531066895,8.198812230490148,-8.530788284204038e-06
100,28,two_opt,4,exact_fixed_orientation,8.198811531066895,8.198812230490148,-8.530788284204038e-06
100,28,two_opt,4,exact_reversible,8.198811531066895,8.198812230490148,-8.530788284204038e-06
100,28,two_opt,4,greedy_pair,8.198811531066895,8.198812230490148,-8.530788284204038e-06
100,28,two_opt,4,random_mean,8.198811531066895,9.6134800654836,-17.254556090919404
100,28,two_opt,4,random_best,8.198811531066895,8.198812230490148,-8.530788284204038e-06
100,28,two_opt,4,model_route,8.198811531066895,8.198812230490148,-8.530788284204038e-06
100,28,two_opt,4,model_learned,8.198811531066895,9.600982437841594,-17.102123904929403
100,28,two_opt,8,original_order,8.198811531066895,8.198812230490148,-8.530788284204038e-06
100,28,two_opt,8,exact_fixed_orientation,8.198811531066895,8.198812230490148,-8.530788284204038e-06
100,28,two_opt,8,exact_reversible,8.198811531066895,8.198812230490148,-8.530788284204038e-06
100,28,two_opt,8,greedy_pair,8.198811531066895,8.198812230490148,-8.530788284204038e-06
100,28,two_opt,8,random_mean,8.198811531066895,11.558399911504239,-40.97652894821657
100,28,two_opt,8,random_best,8.198811531066895,10.165840580128133,-23.991636368366102
100,28,two_opt,8,model_route,8.198811531066895,8.198812230490148,-8.530788284204038e-06
100,28,two_opt,8,model_learned,8.198811531066895,10.163775938563049,-23.966454162905457
100,28,two_opt,12,original_order,8.198811531066895,8.198812230490148,-8.530788284204038e-06
100,28,two_opt,12,exact_fixed_orientation,8.198811531066895,8.198812230490148,-8.530788284204038e-06
100,28,two_opt,12,exact_reversible,8.198811531066895,8.198812230490148,-8.530788284204038e-06
100,28,two_opt,12,greedy_pair,8.198811531066895,8.198812230490148,-8.530788284204038e-06
100,28,two_opt,12,random_mean,8.198811531066895,12.912448881193995,-57.491714893874686
100,28,two_opt,12,random_best,8.198811531066895,12.354960366152227,-50.69208896114851
100,28,two_opt,12,model_route,8.198811531066895,8.198812230490148,-8.530788284204038e-06
100,28,two_opt,12,model_learned,8.198811531066895,8.198812230490148,-8.530788284204038e-06
100,29,raw,4,original_order,7.710553169250488,7.710553308017552,-1.7997030896707412e-06
100,29,raw,4,exact_fixed_orientation,7.710553169250488,7.710553308017552,-1.7997030896707412e-06
100,29,raw,4,exact_reversible,7.710553169250488,7.710553308017552,-1.7997030896707412e-06
100,29,raw,4,greedy_pair,7.710553169250488,7.710553308017552,-1.7997030896707412e-06
100,29,raw,4,random_mean,7.710553169250488,9.35172073286958,-21.284692908467726
100,29,raw,4,random_best,7.710553169250488,8.903062425553799,-15.465936491547849
100,29,raw,4,model_route,7.710553169250488,7.710553308017552,-1.7997030896707412e-06
100,29,raw,4,model_learned,7.710553169250488,7.710553308017552,-1.7997030896707412e-06
100,29,raw,8,original_order,7.710553169250488,7.710553308017552,-1.7997030896707412e-06
100,29,raw,8,exact_fixed_orientation,7.710553169250488,7.710553308017552,-1.7997030896707412e-06
100,29,raw,8,exact_reversible,7.710553169250488,7.710553308017552,-1.7997030896707412e-06
100,29,raw,8,greedy_pair,7.710553169250488,7.710553308017552,-1.7997030896707412e-06
100,29,raw,8,random_mean,7.710553169250488,11.380707112140954,-47.59910038007333
100,29,raw,8,random_best,7.710553169250488,10.532959022559226,-36.60445355029037
100,29,raw,8,model_route,7.710553169250488,7.710553308017552,-1.7997030896707412e-06
100,29,raw,8,model_learned,7.710553169250488,7.710553308017552,-1.7997030896707412e-06
100,29,raw,12,original_order,7.710553169250488,7.710553308017552,-1.7997030896707412e-06
100,29,raw,12,exact_fixed_orientation,7.710553169250488,7.710553308017552,-1.7997030896707412e-06
100,29,raw,12,exact_reversible,7.710553169250488,7.710553308017552,-1.7997030896707412e-06
100,29,raw,12,greedy_pair,7.710553169250488,7.710553308017552,-1.7997030896707412e-06
100,29,raw,12,random_mean,7.710553169250488,13.073460679501295,-69.55282445412556
100,29,raw,12,random_best,7.710553169250488,12.32917604688555,-59.900019833259506
100,29,raw,12,model_route,7.710553169250488,7.710553308017552,-1.7997030896707412e-06
100,29,raw,12,model_learned,7.710553169250488,7.710553308017552,-1.7997030896707412e-06
100,29,two_opt,4,original_order,7.634886741638184,7.634886451996863,3.7936557608091873e-06
100,29,two_opt,4,exact_fixed_orientation,7.634886741638184,7.634886451996863,3.7936557608091873e-06
100,29,two_opt,4,exact_reversible,7.634886741638184,7.634886451996863,3.7936557608091873e-06
100,29,two_opt,4,greedy_pair,7.634886741638184,7.634886451996863,3.7936557608091873e-06
100,29,two_opt,4,random_mean,7.634886741638184,9.276053876848891,-21.495631706758886
100,29,two_opt,4,random_best,7.634886741638184,8.82739556953311,-15.619207831746497
100,29,two_opt,4,model_route,7.634886741638184,7.634886451996863,3.7936557608091873e-06
100,29,two_opt,4,model_learned,7.634886741638184,7.634886451996863,3.7936557608091873e-06
100,29,two_opt,8,original_order,7.634886741638184,7.634886451996863,3.7936557608091873e-06
100,29,two_opt,8,exact_fixed_orientation,7.634886741638184,7.634886451996863,3.7936557608091873e-06
100,29,two_opt,8,exact_reversible,7.634886741638184,7.634886451996863,3.7936557608091873e-06
100,29,two_opt,8,greedy_pair,7.634886741638184,7.634886451996863,3.7936557608091873e-06
100,29,two_opt,8,random_mean,7.634886741638184,11.271446460392326,-47.63082730384894
100,29,two_opt,8,random_best,7.634886741638184,10.402504132129252,-36.249619465831564
100,29,two_opt,8,model_route,7.634886741638184,7.634886451996863,3.7936557608091873e-06
100,29,two_opt,8,model_learned,7.634886741638184,7.634886451996863,3.7936557608091873e-06
100,29,two_opt,12,original_order,7.634886741638184,7.634886451996863,3.7936557608091873e-06
100,29,two_opt,12,exact_fixed_orientation,7.634886741638184,7.634886451996863,3.7936557608091873e-06
100,29,two_opt,12,exact_reversible,7.634886741638184,7.634886451996863,3.7936557608091873e-06
100,29,two_opt,12,greedy_pair,7.634886741638184,7.634886451996863,3.7936557608091873e-06
100,29,two_opt,12,random_mean,7.634886741638184,13.054133511148393,-70.9800544905978
100,29,two_opt,12,random_best,7.634886741638184,12.35088471416384,-61.76906262153361
100,29,two_opt,12,model_route,7.634886741638184,7.634886451996863,3.7936557608091873e-06
100,29,two_opt,12,model_learned,7.634886741638184,7.634886451996863,3.7936557608091873e-06
100,30,raw,4,original_order,7.726775169372559,7.726775501854718,-4.302987363416769e-06
100,30,raw,4,exact_fixed_orientation,7.726775169372559,7.726775501854718,-4.302987363416769e-06
100,30,raw,4,exact_reversible,7.726775169372559,7.726775501854718,-4.302987363416769e-06
100,30,raw,4,greedy_pair,7.726775169372559,7.726775501854718,-4.302987363416769e-06
100,30,raw,4,random_mean,7.726775169372559,8.858977811411023,-14.65297769406177
100,30,raw,4,random_best,7.726775169372559,8.628101882524788,-11.664979158768777
100,30,raw,4,model_route,7.726775169372559,7.726775501854718,-4.302987363416769e-06
100,30,raw,4,model_learned,7.726775169372559,7.726775501854718,-4.302987363416769e-06
100,30,raw,8,original_order,7.726775169372559,7.726775501854718,-4.302987363416769e-06
100,30,raw,8,exact_fixed_orientation,7.726775169372559,7.726775501854718,-4.302987363416769e-06
100,30,raw,8,exact_reversible,7.726775169372559,7.726775501854718,-4.302987363416769e-06
100,30,raw,8,greedy_pair,7.726775169372559,7.726775501854718,-4.302987363416769e-06
100,30,raw,8,random_mean,7.726775169372559,10.59332901565358,-37.09896798399786
100,30,raw,8,random_best,7.726775169372559,9.091798198409379,-17.666141425306474
100,30,raw,8,model_route,7.726775169372559,7.726775501854718,-4.302987363416769e-06
100,30,raw,8,model_learned,7.726775169372559,7.726775501854718,-4.302987363416769e-06
100,30,raw,12,original_order,7.726775169372559,7.726775501854718,-4.302987363416769e-06
100,30,raw,12,exact_fixed_orientation,7.726775169372559,7.726775501854718,-4.302987363416769e-06
100,30,raw,12,exact_reversible,7.726775169372559,7.726775501854718,-4.302987363416769e-06
100,30,raw,12,greedy_pair,7.726775169372559,7.726775501854718,-4.302987363416769e-06
100,30,raw,12,random_mean,7.726775169372559,12.858272307319567,-66.41188627161392
100,30,raw,12,random_best,7.726775169372559,12.221797249279916,-58.17461983007808
100,30,raw,12,model_route,7.726775169372559,7.726775501854718,-4.302987363416769e-06
100,30,raw,12,model_learned,7.726775169372559,7.726775501854718,-4.302987363416769e-06
100,30,two_opt,4,original_order,7.726775169372559,7.726775501854718,-4.302987363416769e-06
100,30,two_opt,4,exact_fixed_orientation,7.726775169372559,7.726775501854718,-4.302987363416769e-06
100,30,two_opt,4,exact_reversible,7.726775169372559,7.726775501854718,-4.302987363416769e-06
100,30,two_opt,4,greedy_pair,7.726775169372559,7.726775501854718,-4.302987363416769e-06
100,30,two_opt,4,random_mean,7.726775169372559,8.858977811411023,-14.65297769406177
100,30,two_opt,4,random_best,7.726775169372559,8.628101882524788,-11.664979158768777
100,30,two_opt,4,model_route,7.726775169372559,7.726775501854718,-4.302987363416769e-06
100,30,two_opt,4,model_learned,7.726775169372559,7.726775501854718,-4.302987363416769e-06
100,30,two_opt,8,original_order,7.726775169372559,7.726775501854718,-4.302987363416769e-06
100,30,two_opt,8,exact_fixed_orientation,7.726775169372559,7.726775501854718,-4.302987363416769e-06
100,30,two_opt,8,exact_reversible,7.726775169372559,7.726775501854718,-4.302987363416769e-06
100,30,two_opt,8,greedy_pair,7.726775169372559,7.726775501854718,-4.302987363416769e-06
100,30,two_opt,8,random_mean,7.726775169372559,10.59332901565358,-37.09896798399786
100,30,two_opt,8,random_best,7.726775169372559,9.091798198409379,-17.666141425306474
100,30,two_opt,8,model_route,7.726775169372559,7.726775501854718,-4.302987363416769e-06
100,30,two_opt,8,model_learned,7.726775169372559,7.726775501854718,-4.302987363416769e-06
100,30,two_opt,12,original_order,7.726775169372559,7.726775501854718,-4.302987363416769e-06
100,30,two_opt,12,exact_fixed_orientation,7.726775169372559,7.726775501854718,-4.302987363416769e-06
100,30,two_opt,12,exact_reversible,7.726775169372559,7.726775501854718,-4.302987363416769e-06
100,30,two_opt,12,greedy_pair,7.726775169372559,7.726775501854718,-4.302987363416769e-06
100,30,two_opt,12,random_mean,7.726775169372559,12.858272307319567,-66.41188627161392
100,30,two_opt,12,random_best,7.726775169372559,12.221797249279916,-58.17461983007808
100,30,two_opt,12,model_route,7.726775169372559,7.726775501854718,-4.302987363416769e-06
100,30,two_opt,12,model_learned,7.726775169372559,7.726775501854718,-4.302987363416769e-06
100,31,raw,4,original_order,7.690843105316162,7.690842906013131,2.5914328018204875e-06
100,31,raw,4,exact_fixed_orientation,7.690843105316162,7.690842906013131,2.5914328018204875e-06
100,31,raw,4,exact_reversible,7.690843105316162,7.690842906013131,2.5914328018204875e-06
100,31,raw,4,greedy_pair,7.690843105316162,7.690842906013131,2.5914328018204875e-06
100,31,raw,4,random_mean,7.690843105316162,9.045255163684487,-17.610709772926082
100,31,raw,4,random_best,7.690843105316162,7.690842906013131,2.5914328018204875e-06
100,31,raw,4,model_route,7.690843105316162,7.690842906013131,2.5914328018204875e-06
100,31,raw,4,model_learned,7.690843105316162,7.690842906013131,2.5914328018204875e-06
100,31,raw,8,original_order,7.690843105316162,7.690842906013131,2.5914328018204875e-06
100,31,raw,8,exact_fixed_orientation,7.690843105316162,7.690842906013131,2.5914328018204875e-06
100,31,raw,8,exact_reversible,7.690843105316162,7.690842906013131,2.5914328018204875e-06
100,31,raw,8,greedy_pair,7.690843105316162,7.690842906013131,2.5914328018204875e-06
100,31,raw,8,random_mean,7.690843105316162,10.934545941650867,-42.17616705888268
100,31,raw,8,random_best,7.690843105316162,9.9660381693393,-29.58316835836175
100,31,raw,8,model_route,7.690843105316162,7.690842906013131,2.5914328018204875e-06
100,31,raw,8,model_learned,7.690843105316162,7.690842906013131,2.5914328018204875e-06
100,31,raw,12,original_order,7.690843105316162,7.690842906013131,2.5914328018204875e-06
100,31,raw,12,exact_fixed_orientation,7.690843105316162,7.690842906013131,2.5914328018204875e-06
100,31,raw,12,exact_reversible,7.690843105316162,7.690842906013131,2.5914328018204875e-06
100,31,raw,12,greedy_pair,7.690843105316162,7.690842906013131,2.5914328018204875e-06
100,31,raw,12,random_mean,7.690843105316162,12.842918258393183,-66.98973158762969
100,31,raw,12,random_best,7.690843105316162,12.140905398875475,-57.86182649446176
100,31,raw,12,model_route,7.690843105316162,7.690842906013131,2.5914328018204875e-06
100,31,raw,12,model_learned,7.690843105316162,7.690842906013131,2.5914328018204875e-06
100,31,two_opt,4,original_order,7.676248550415039,7.676248641684651,-1.1889871948893855e-06
100,31,two_opt,4,exact_fixed_orientation,7.676248550415039,7.676248641684651,-1.1889871948893855e-06
100,31,two_opt,4,exact_reversible,7.676248550415039,7.676248641684651,-1.1889871948893855e-06
100,31,two_opt,4,greedy_pair,7.676248550415039,7.676248641684651,-1.1889871948893855e-06
100,31,two_opt,4,random_mean,7.676248550415039,9.030660899356008,-17.644196120613344
100,31,two_opt,4,random_best,7.676248550415039,7.676248641684651,-1.1889871948893855e-06
100,31,two_opt,4,model_route,7.676248550415039,7.676248641684651,-1.1889871948893855e-06
100,31,two_opt,4,model_learned,7.676248550415039,7.676248641684651,-1.1889871948893855e-06
100,31,two_opt,8,original_order,7.676248550415039,7.676248641684651,-1.1889871948893855e-06
100,31,two_opt,8,exact_fixed_orientation,7.676248550415039,7.676248641684651,-1.1889871948893855e-06
100,31,two_opt,8,exact_reversible,7.676248550415039,7.676248641684651,-1.1889871948893855e-06
100,31,two_opt,8,greedy_pair,7.676248550415039,7.676248641684651,-1.1889871948893855e-06
100,31,two_opt,8,random_mean,7.676248550415039,10.919951677322388,-42.25635876175438
100,31,two_opt,8,random_best,7.676248550415039,9.95144390501082,-29.639417479163896
100,31,two_opt,8,model_route,7.676248550415039,7.676248641684651,-1.1889871948893855e-06
100,31,two_opt,8,model_learned,7.676248550415039,7.676248641684651,-1.1889871948893855e-06
100,31,two_opt,12,original_order,7.676248550415039,7.676248641684651,-1.1889871948893855e-06
100,31,two_opt,12,exact_fixed_orientation,7.676248550415039,7.676248641684651,-1.1889871948893855e-06
100,31,two_opt,12,exact_reversible,7.676248550415039,7.676248641684651,-1.1889871948893855e-06
100,31,two_opt,12,greedy_pair,7.676248550415039,7.676248641684651,-1.1889871948893855e-06
100,31,two_opt,12,random_mean,7.676248550415039,12.828323994064704,-67.11710036240427
100,31,two_opt,12,random_best,7.676248550415039,12.126311134546995,-57.97184073581555
100,31,two_opt,12,model_route,7.676248550415039,7.676248641684651,-1.1889871948893855e-06
100,31,two_opt,12,model_learned,7.676248550415039,7.676248641684651,-1.1889871948893855e-06
100,32,raw,4,original_order,7.6209869384765625,7.620986722409725,2.835155591461791e-06
100,32,raw,4,exact_fixed_orientation,7.6209869384765625,7.620986722409725,2.835155591461791e-06
100,32,raw,4,exact_reversible,7.6209869384765625,7.620986722409725,2.835155591461791e-06
100,32,raw,4,greedy_pair,7.6209869384765625,7.620986722409725,2.835155591461791e-06
100,32,raw,4,random_mean,7.6209869384765625,9.593098325654864,-25.877375241539614
100,32,raw,4,random_best,7.6209869384765625,8.96548656374216,-17.642067046166126
100,32,raw,4,model_route,7.6209869384765625,7.620986722409725,2.835155591461791e-06
100,32,raw,4,model_learned,7.6209869384765625,7.620986722409725,2.835155591461791e-06
100,32,raw,8,original_order,7.6209869384765625,7.620986722409725,2.835155591461791e-06
100,32,raw,8,exact_fixed_orientation,7.6209869384765625,7.620986722409725,2.835155591461791e-06
100,32,raw,8,exact_reversible,7.6209869384765625,7.620986722409725,2.835155591461791e-06
100,32,raw,8,greedy_pair,7.6209869384765625,7.620986722409725,2.835155591461791e-06
100,32,raw,8,random_mean,7.6209869384765625,10.606566932983696,-39.17576579791321
100,32,raw,8,random_best,7.6209869384765625,9.02321793884039,-18.3995985255439
100,32,raw,8,model_route,7.6209869384765625,8.525548033416271,-11.86934319979993
100,32,raw,8,model_learned,7.6209869384765625,7.620986722409725,2.835155591461791e-06
100,32,raw,12,original_order,7.6209869384765625,7.620986722409725,2.835155591461791e-06
100,32,raw,12,exact_fixed_orientation,7.6209869384765625,7.620986722409725,2.835155591461791e-06
100,32,raw,12,exact_reversible,7.6209869384765625,7.620986722409725,2.835155591461791e-06
100,32,raw,12,greedy_pair,7.6209869384765625,7.620986722409725,2.835155591461791e-06
100,32,raw,12,random_mean,7.6209869384765625,13.361847245832905,-75.3296174590209
100,32,raw,12,random_best,7.6209869384765625,10.796032903715968,-41.6618738605803
100,32,raw,12,model_route,7.6209869384765625,7.620986722409725,2.835155591461791e-06
100,32,raw,12,model_learned,7.6209869384765625,8.746638845652342,-14.770421682428411
100,32,two_opt,4,original_order,7.6209869384765625,7.620986722409725,2.835155591461791e-06
100,32,two_opt,4,exact_fixed_orientation,7.6209869384765625,7.620986722409725,2.835155591461791e-06
100,32,two_opt,4,exact_reversible,7.6209869384765625,7.620986722409725,2.835155591461791e-06
100,32,two_opt,4,greedy_pair,7.6209869384765625,7.620986722409725,2.835155591461791e-06
100,32,two_opt,4,random_mean,7.6209869384765625,9.593098325654864,-25.877375241539614
100,32,two_opt,4,random_best,7.6209869384765625,8.96548656374216,-17.642067046166126
100,32,two_opt,4,model_route,7.6209869384765625,7.620986722409725,2.835155591461791e-06
100,32,two_opt,4,model_learned,7.6209869384765625,7.620986722409725,2.835155591461791e-06
100,32,two_opt,8,original_order,7.6209869384765625,7.620986722409725,2.835155591461791e-06
100,32,two_opt,8,exact_fixed_orientation,7.6209869384765625,7.620986722409725,2.835155591461791e-06
100,32,two_opt,8,exact_reversible,7.6209869384765625,7.620986722409725,2.835155591461791e-06
100,32,two_opt,8,greedy_pair,7.6209869384765625,7.620986722409725,2.835155591461791e-06
100,32,two_opt,8,random_mean,7.6209869384765625,10.606566932983696,-39.17576579791321
100,32,two_opt,8,random_best,7.6209869384765625,9.02321793884039,-18.3995985255439
100,32,two_opt,8,model_route,7.6209869384765625,8.525548033416271,-11.86934319979993
100,32,two_opt,8,model_learned,7.6209869384765625,7.620986722409725,2.835155591461791e-06
100,32,two_opt,12,original_order,7.6209869384765625,7.620986722409725,2.835155591461791e-06
100,32,two_opt,12,exact_fixed_orientation,7.6209869384765625,7.620986722409725,2.835155591461791e-06
100,32,two_opt,12,exact_reversible,7.6209869384765625,7.620986722409725,2.835155591461791e-06
100,32,two_opt,12,greedy_pair,7.6209869384765625,7.620986722409725,2.835155591461791e-06
100,32,two_opt,12,random_mean,7.6209869384765625,13.361847245832905,-75.3296174590209
100,32,two_opt,12,random_best,7.6209869384765625,10.796032903715968,-41.6618738605803
100,32,two_opt,12,model_route,7.6209869384765625,7.620986722409725,2.835155591461791e-06
100,32,two_opt,12,model_learned,7.6209869384765625,8.746638845652342,-14.770421682428411
100,33,raw,4,original_order,7.758317947387695,7.758318684995174,-9.507311818070293e-06
100,33,raw,4,exact_fixed_orientation,7.758317947387695,7.758318684995174,-9.507311818070293e-06
100,33,raw,4,exact_reversible,7.758317947387695,7.758318684995174,-9.507311818070293e-06
100,33,raw,4,greedy_pair,7.758317947387695,7.758318684995174,-9.507311818070293e-06
100,33,raw,4,random_mean,7.758317947387695,9.41667961794883,-21.37527337506865
100,33,raw,4,random_best,7.758317947387695,7.758318684995174,-9.507311818070293e-06
100,33,raw,4,model_route,7.758317947387695,7.758318684995174,-9.507311818070293e-06
100,33,raw,4,model_learned,7.758317947387695,7.758318684995174,-9.507311818070293e-06
100,33,raw,8,original_order,7.758317947387695,7.758318684995174,-9.507311818070293e-06
100,33,raw,8,exact_fixed_orientation,7.758317947387695,7.758318684995174,-9.507311818070293e-06
100,33,raw,8,exact_reversible,7.758317947387695,7.758318684995174,-9.507311818070293e-06
100,33,raw,8,greedy_pair,7.758317947387695,7.758318684995174,-9.507311818070293e-06
100,33,raw,8,random_mean,7.758317947387695,11.290580208413303,-45.52871234434207
100,33,raw,8,random_best,7.758317947387695,10.414214853197336,-34.23289589084072
100,33,raw,8,model_route,7.758317947387695,7.758318684995174,-9.507311818070293e-06
100,33,raw,8,model_learned,7.758317947387695,7.758318684995174,-9.507311818070293e-06
100,33,raw,12,original_order,7.758317947387695,7.758318684995174,-9.507311818070293e-06
100,33,raw,12,exact_fixed_orientation,7.758317947387695,7.758318684995174,-9.507311818070293e-06
100,33,raw,12,exact_reversible,7.758317947387695,7.758318684995174,-9.507311818070293e-06
100,33,raw,12,greedy_pair,7.758317947387695,7.758318684995174,-9.507311818070293e-06
100,33,raw,12,random_mean,7.758317947387695,13.267972633708268,-71.0160981244102
100,33,raw,12,random_best,7.758317947387695,12.319946646690369,-58.79661970851066
100,33,raw,12,model_route,7.758317947387695,7.758318684995174,-9.507311818070293e-06
100,33,raw,12,model_learned,7.758317947387695,7.758318684995174,-9.507311818070293e-06
100,33,two_opt,4,original_order,7.74650764465332,7.746508505195379,-1.110877441060363e-05
100,33,two_opt,4,exact_fixed_orientation,7.74650764465332,7.746508505195379,-1.110877441060363e-05
100,33,two_opt,4,exact_reversible,7.74650764465332,7.746508505195379,-1.110877441060363e-05
100,33,two_opt,4,greedy_pair,7.74650764465332,7.746508505195379,-1.110877441060363e-05
100,33,two_opt,4,random_mean,7.74650764465332,9.404869438149035,-21.40786364085401
100,33,two_opt,4,random_best,7.74650764465332,7.746508505195379,-1.110877441060363e-05
100,33,two_opt,4,model_route,7.74650764465332,7.746508505195379,-1.110877441060363e-05
100,33,two_opt,4,model_learned,7.74650764465332,7.746508505195379,-1.110877441060363e-05
100,33,two_opt,8,original_order,7.74650764465332,7.746508505195379,-1.110877441060363e-05
100,33,two_opt,8,exact_fixed_orientation,7.74650764465332,7.746508505195379,-1.110877441060363e-05
100,33,two_opt,8,exact_reversible,7.74650764465332,7.746508505195379,-1.110877441060363e-05
100,33,two_opt,8,greedy_pair,7.74650764465332,7.746508505195379,-1.110877441060363e-05
100,33,two_opt,8,random_mean,7.74650764465332,11.254940855316818,-45.290515050159875
100,33,two_opt,8,random_best,7.74650764465332,10.363470260053873,-33.78248283543351
100,33,two_opt,8,model_route,7.74650764465332,7.746508505195379,-1.110877441060363e-05
100,33,two_opt,8,model_learned,7.74650764465332,7.746508505195379,-1.110877441060363e-05
100,33,two_opt,12,original_order,7.74650764465332,7.746508505195379,-1.110877441060363e-05
100,33,two_opt,12,exact_fixed_orientation,7.74650764465332,7.746508505195379,-1.110877441060363e-05
100,33,two_opt,12,exact_reversible,7.74650764465332,7.746508505195379,-1.110877441060363e-05
100,33,two_opt,12,greedy_pair,7.74650764465332,7.746508505195379,-1.110877441060363e-05
100,33,two_opt,12,random_mean,7.74650764465332,13.250901780091226,-71.05646038104754
100,33,two_opt,12,random_best,7.74650764465332,12.30909714475274,-58.89866388047191
100,33,two_opt,12,model_route,7.74650764465332,7.746508505195379,-1.110877441060363e-05
100,33,two_opt,12,model_learned,7.74650764465332,8.909455705434084,-15.012546480651011
100,34,raw,4,original_order,7.3474907875061035,7.347490901593119,-1.5527343781688456e-06
100,34,raw,4,exact_fixed_orientation,7.3474907875061035,7.347490901593119,-1.5527343781688456e-06
100,34,raw,4,exact_reversible,7.3474907875061035,7.347490901593119,-1.5527343781688456e-06
100,34,raw,4,greedy_pair,7.3474907875061035,7.347490901593119,-1.5527343781688456e-06
100,34,raw,4,random_mean,7.3474907875061035,8.966484977863729,-22.034654240201462
100,34,raw,4,random_best,7.3474907875061035,7.347490901593119,-1.5527343781688456e-06
100,34,raw,4,model_route,7.3474907875061035,7.347490901593119,-1.5527343781688456e-06
100,34,raw,4,model_learned,7.3474907875061035,7.347490901593119,-1.5527343781688456e-06
100,34,raw,8,original_order,7.3474907875061035,7.347490901593119,-1.5527343781688456e-06
100,34,raw,8,exact_fixed_orientation,7.3474907875061035,7.347490901593119,-1.5527343781688456e-06
100,34,raw,8,exact_reversible,7.3474907875061035,7.347490901593119,-1.5527343781688456e-06
100,34,raw,8,greedy_pair,7.3474907875061035,7.347490901593119,-1.5527343781688456e-06
100,34,raw,8,random_mean,7.3474907875061035,11.041168928612024,-50.27128645587093
100,34,raw,8,random_best,7.3474907875061035,9.678401614073664,-31.7239026761505
100,34,raw,8,model_route,7.3474907875061035,7.347490901593119,-1.5527343781688456e-06
100,34,raw,8,model_learned,7.3474907875061035,7.347490901593119,-1.5527343781688456e-06
100,34,raw,12,original_order,7.3474907875061035,7.347490901593119,-1.5527343781688456e-06
100,34,raw,12,exact_fixed_orientation,7.3474907875061035,7.347490901593119,-1.5527343781688456e-06
100,34,raw,12,exact_reversible,7.3474907875061035,7.347490901593119,-1.5527343781688456e-06
100,34,raw,12,greedy_pair,7.3474907875061035,7.347490901593119,-1.5527343781688456e-06
100,34,raw,12,random_mean,7.3474907875061035,12.618063610047102,-71.73296265309023
100,34,raw,12,random_best,7.3474907875061035,11.474038979504257,-56.16268616511996
100,34,raw,12,model_route,7.3474907875061035,7.347490901593119,-1.5527343781688456e-06
100,34,raw,12,model_learned,7.3474907875061035,7.894137898925692,-7.439915574295427
100,34,two_opt,4,original_order,7.337338447570801,7.337338639888912,-2.6210881920237408e-06
100,34,two_opt,4,exact_fixed_orientation,7.337338447570801,7.337338639888912,-2.6210881920237408e-06
100,34,two_opt,4,exact_reversible,7.337338447570801,7.337338639888912,-2.6210881920237408e-06
100,34,two_opt,4,greedy_pair,7.337338447570801,7.337338639888912,-2.6210881920237408e-06
100,34,two_opt,4,random_mean,7.337338447570801,8.956332716159523,-22.065143650620723
100,34,two_opt,4,random_best,7.337338447570801,7.337338639888912,-2.6210881920237408e-06
100,34,two_opt,4,model_route,7.337338447570801,7.337338639888912,-2.6210881920237408e-06
100,34,two_opt,4,model_learned,7.337338447570801,7.337338639888912,-2.6210881920237408e-06
100,34,two_opt,8,original_order,7.337338447570801,7.337338639888912,-2.6210881920237408e-06
100,34,two_opt,8,exact_fixed_orientation,7.337338447570801,7.337338639888912,-2.6210881920237408e-06
100,34,two_opt,8,exact_reversible,7.337338447570801,7.337338639888912,-2.6210881920237408e-06
100,34,two_opt,8,greedy_pair,7.337338447570801,7.337338639888912,-2.6210881920237408e-06
100,34,two_opt,8,random_mean,7.337338447570801,11.031016666907817,-50.34084560403365
100,34,two_opt,8,random_best,7.337338447570801,9.668249352369457,-31.767798656887088
100,34,two_opt,8,model_route,7.337338447570801,7.337338639888912,-2.6210881920237408e-06
100,34,two_opt,8,model_learned,7.337338447570801,7.337338639888912,-2.6210881920237408e-06
100,34,two_opt,12,original_order,7.337338447570801,7.337338639888912,-2.6210881920237408e-06
100,34,two_opt,12,exact_fixed_orientation,7.337338447570801,7.337338639888912,-2.6210881920237408e-06
100,34,two_opt,12,exact_reversible,7.337338447570801,7.337338639888912,-2.6210881920237408e-06
100,34,two_opt,12,greedy_pair,7.337338447570801,7.337338639888912,-2.6210881920237408e-06
100,34,two_opt,12,random_mean,7.337338447570801,12.60707406513393,-71.82080607591162
100,34,two_opt,12,random_best,7.337338447570801,11.424575606826693,-55.704628980404586
100,34,two_opt,12,model_route,7.337338447570801,7.337338639888912,-2.6210881920237408e-06
100,34,two_opt,12,model_learned,7.337338447570801,7.337338639888912,-2.6210881920237408e-06
100,35,raw,4,original_order,7.8336687088012695,7.833667776547372,1.1900604070002216e-05
100,35,raw,4,exact_fixed_orientation,7.8336687088012695,7.833667776547372,1.1900604070002216e-05
100,35,raw,4,exact_reversible,7.8336687088012695,7.833667776547372,1.1900604070002216e-05
100,35,raw,4,greedy_pair,7.8336687088012695,7.833667776547372,1.1900604070002216e-05
100,35,raw,4,random_mean,7.8336687088012695,9.150796064175665,-16.813671912045237
100,35,raw,4,random_best,7.8336687088012695,7.833667776547372,1.1900604070002216e-05
100,35,raw,4,model_route,7.8336687088012695,7.833667776547372,1.1900604070002216e-05
100,35,raw,4,model_learned,7.8336687088012695,7.833667776547372,1.1900604070002216e-05
100,35,raw,8,original_order,7.8336687088012695,7.833667776547372,1.1900604070002216e-05
100,35,raw,8,exact_fixed_orientation,7.8336687088012695,7.833667776547372,1.1900604070002216e-05
100,35,raw,8,exact_reversible,7.8336687088012695,7.833667776547372,1.1900604070002216e-05
100,35,raw,8,greedy_pair,7.8336687088012695,7.833667776547372,1.1900604070002216e-05
100,35,raw,8,random_mean,7.8336687088012695,11.148697732947767,-42.317707671528176
100,35,raw,8,random_best,7.8336687088012695,10.100883760489523,-28.941931755947202
100,35,raw,8,model_route,7.8336687088012695,7.833667776547372,1.1900604070002216e-05
100,35,raw,8,model_learned,7.8336687088012695,7.833667776547372,1.1900604070002216e-05
100,35,raw,12,original_order,7.8336687088012695,7.833667776547372,1.1900604070002216e-05
100,35,raw,12,exact_fixed_orientation,7.8336687088012695,7.833667776547372,1.1900604070002216e-05
100,35,raw,12,exact_reversible,7.8336687088012695,7.833667776547372,1.1900604070002216e-05
100,35,raw,12,greedy_pair,7.8336687088012695,7.833667776547372,1.1900604070002216e-05
100,35,raw,12,random_mean,7.8336687088012695,13.498873753007501,-72.31867027822189
100,35,raw,12,random_best,7.8336687088012695,12.66989660076797,-61.736436294952206
100,35,raw,12,model_route,7.8336687088012695,7.833667776547372,1.1900604070002216e-05
100,35,raw,12,model_learned,7.8336687088012695,8.709867808036506,-11.185041540636139
100,35,two_opt,4,original_order,7.820817470550537,7.8208175068721175,-4.64421788985274e-07
100,35,two_opt,4,exact_fixed_orientation,7.820817470550537,7.8208175068721175,-4.64421788985274e-07
100,35,two_opt,4,exact_reversible,7.820817470550537,7.8208175068721175,-4.64421788985274e-07
100,35,two_opt,4,greedy_pair,7.820817470550537,7.8208175068721175,-4.64421788985274e-07
100,35,two_opt,4,random_mean,7.820817470550537,9.13794579450041,-16.84131267491601
100,35,two_opt,4,random_best,7.820817470550537,7.8208175068721175,-4.64421788985274e-07
100,35,two_opt,4,model_route,7.820817470550537,7.8208175068721175,-4.64421788985274e-07
100,35,two_opt,4,model_learned,7.820817470550537,7.8208175068721175,-4.64421788985274e-07
100,35,two_opt,8,original_order,7.820817470550537,7.8208175068721175,-4.64421788985274e-07
100,35,two_opt,8,exact_fixed_orientation,7.820817470550537,7.8208175068721175,-4.64421788985274e-07
100,35,two_opt,8,exact_reversible,7.820817470550537,7.8208175068721175,-4.64421788985274e-07
100,35,two_opt,8,greedy_pair,7.820817470550537,7.8208175068721175,-4.64421788985274e-07
100,35,two_opt,8,random_mean,7.820817470550537,11.135847463272512,-42.38725689743808
100,35,two_opt,8,random_best,7.820817470550537,10.088033490814269,-28.98950178547171
100,35,two_opt,8,model_route,7.820817470550537,7.8208175068721175,-4.64421788985274e-07
100,35,two_opt,8,model_learned,7.820817470550537,7.8208175068721175,-4.64421788985274e-07
100,35,two_opt,12,original_order,7.820817470550537,7.8208175068721175,-4.64421788985274e-07
100,35,two_opt,12,exact_fixed_orientation,7.820817470550537,7.8208175068721175,-4.64421788985274e-07
100,35,two_opt,12,exact_reversible,7.820817470550537,7.8208175068721175,-4.64421788985274e-07
100,35,two_opt,12,greedy_pair,7.820817470550537,7.8208175068721175,-4.64421788985274e-07
100,35,two_opt,12,random_mean,7.820817470550537,13.486023483332247,-72.43751735818115
100,35,two_opt,12,random_best,7.820817470550537,12.657046331092715,-61.83789455198393
100,35,two_opt,12,model_route,7.820817470550537,7.8208175068721175,-4.64421788985274e-07
100,35,two_opt,12,model_learned,7.820817470550537,8.697017538361251,-11.20343328699417
100,36,raw,4,original_order,7.449422359466553,7.449422022327781,4.525703547770722e-06
100,36,raw,4,exact_fixed_orientation,7.449422359466553,7.449422022327781,4.525703547770722e-06
100,36,raw,4,exact_reversible,7.449422359466553,7.449422022327781,4.525703547770722e-06
100,36,raw,4,greedy_pair,7.449422359466553,7.449422022327781,4.525703547770722e-06
100,36,raw,4,random_mean,7.449422359466553,8.600380104617216,-15.450295198902941
100,36,raw,4,random_best,7.449422359466553,7.449422022327781,4.525703547770722e-06
100,36,raw,4,model_route,7.449422359466553,7.449422022327781,4.525703547770722e-06
100,36,raw,4,model_learned,7.449422359466553,7.449422022327781,4.525703547770722e-06
100,36,raw,8,original_order,7.449422359466553,7.449422022327781,4.525703547770722e-06
100,36,raw,8,exact_fixed_orientation,7.449422359466553,7.449422022327781,4.525703547770722e-06
100,36,raw,8,exact_reversible,7.449422359466553,7.449422022327781,4.525703547770722e-06
100,36,raw,8,greedy_pair,7.449422359466553,7.449422022327781,4.525703547770722e-06
100,36,raw,8,random_mean,7.449422359466553,11.367521146312356,-52.59600809003364
100,36,raw,8,random_best,7.449422359466553,10.469755811616778,-40.544532265807916
100,36,raw,8,model_route,7.449422359466553,8.815654730424285,-18.340111555381952
100,36,raw,8,model_learned,7.449422359466553,7.449422022327781,4.525703547770722e-06
100,36,raw,12,original_order,7.449422359466553,7.449422022327781,4.525703547770722e-06
100,36,raw,12,exact_fixed_orientation,7.449422359466553,7.449422022327781,4.525703547770722e-06
100,36,raw,12,exact_reversible,7.449422359466553,7.449422022327781,4.525703547770722e-06
100,36,raw,12,greedy_pair,7.449422359466553,7.449422022327781,4.525703547770722e-06
100,36,raw,12,random_mean,7.449422359466553,13.563709262292832,-82.07732905701589
100,36,raw,12,random_best,7.449422359466553,11.634870121255517,-56.18486319909348
100,36,raw,12,model_route,7.449422359466553,7.449422022327781,4.525703547770722e-06
100,36,raw,12,model_learned,7.449422359466553,7.449422022327781,4.525703547770722e-06
100,36,two_opt,4,original_order,7.428232669830322,7.428232172504067,6.6950818175708215e-06
100,36,two_opt,4,exact_fixed_orientation,7.428232669830322,7.428232172504067,6.6950818175708215e-06
100,36,two_opt,4,exact_reversible,7.428232669830322,7.428232172504067,6.6950818175708215e-06
100,36,two_opt,4,greedy_pair,7.428232669830322,7.428232172504067,6.6950818175708215e-06
100,36,two_opt,4,random_mean,7.428232669830322,8.579190254793502,-15.494366373818371
100,36,two_opt,4,random_best,7.428232669830322,7.428232172504067,6.6950818175708215e-06
100,36,two_opt,4,model_route,7.428232669830322,7.428232172504067,6.6950818175708215e-06
100,36,two_opt,4,model_learned,7.428232669830322,7.428232172504067,6.6950818175708215e-06
100,36,two_opt,8,original_order,7.428232669830322,7.428232172504067,6.6950818175708215e-06
100,36,two_opt,8,exact_fixed_orientation,7.428232669830322,7.428232172504067,6.6950818175708215e-06
100,36,two_opt,8,exact_reversible,7.428232669830322,7.428232172504067,6.6950818175708215e-06
100,36,two_opt,8,greedy_pair,7.428232669830322,7.428232172504067,6.6950818175708215e-06
100,36,two_opt,8,random_mean,7.428232669830322,11.346331296488643,-52.74604069110047
100,36,two_opt,8,random_best,7.428232669830322,10.448565961793065,-40.66018696788794
100,36,two_opt,8,model_route,7.428232669830322,8.794464880600572,-18.392426186637707
100,36,two_opt,8,model_learned,7.428232669830322,7.428232172504067,6.6950818175708215e-06
100,36,two_opt,12,original_order,7.428232669830322,7.428232172504067,6.6950818175708215e-06
100,36,two_opt,12,exact_fixed_orientation,7.428232669830322,7.428232172504067,6.6950818175708215e-06
100,36,two_opt,12,exact_reversible,7.428232669830322,7.428232172504067,6.6950818175708215e-06
100,36,two_opt,12,greedy_pair,7.428232669830322,7.428232172504067,6.6950818175708215e-06
100,36,two_opt,12,random_mean,7.428232669830322,13.542519412469119,-82.31145972947103
100,36,two_opt,12,random_best,7.428232669830322,11.613680271431804,-56.34513332627055
100,36,two_opt,12,model_route,7.428232669830322,7.428232172504067,6.6950818175708215e-06
100,36,two_opt,12,model_learned,7.428232669830322,7.428232172504067,6.6950818175708215e-06
100,37,raw,4,original_order,7.946717262268066,7.946716777514666,6.100045894284195e-06
100,37,raw,4,exact_fixed_orientation,7.946717262268066,7.946716777514666,6.100045894284195e-06
100,37,raw,4,exact_reversible,7.946717262268066,7.946716777514666,6.100045894284195e-06
100,37,raw,4,greedy_pair,7.946717262268066,7.946716777514666,6.100045894284195e-06
100,37,raw,4,random_mean,7.946717262268066,9.230177647899836,-16.15082484091624
100,37,raw,4,random_best,7.946717262268066,8.96935911430046,-12.868733318196876
100,37,raw,4,model_route,7.946717262268066,7.946716777514666,6.100045894284195e-06
100,37,raw,4,model_learned,7.946717262268066,7.946716777514666,6.100045894284195e-06
100,37,raw,8,original_order,7.946717262268066,7.946716777514666,6.100045894284195e-06
100,37,raw,8,exact_fixed_orientation,7.946717262268066,7.946716777514666,6.100045894284195e-06
100,37,raw,8,exact_reversible,7.946717262268066,7.946716777514666,6.100045894284195e-06
100,37,raw,8,greedy_pair,7.946717262268066,7.946716777514666,6.100045894284195e-06
100,37,raw,8,random_mean,7.946717262268066,10.584144459222443,-33.18888932260352
100,37,raw,8,random_best,7.946717262268066,9.939457173924893,-25.076265404817995
100,37,raw,8,model_route,7.946717262268066,7.946716777514666,6.100045894284195e-06
100,37,raw,8,model_learned,7.946717262268066,7.946716777514666,6.100045894284195e-06
100,37,raw,12,original_order,7.946717262268066,7.946716777514666,6.100045894284195e-06
100,37,raw,12,exact_fixed_orientation,7.946717262268066,7.946716777514666,6.100045894284195e-06
100,37,raw,12,exact_reversible,7.946717262268066,7.946716777514666,6.100045894284195e-06
100,37,raw,12,greedy_pair,7.946717262268066,7.946716777514666,6.100045894284195e-06
100,37,raw,12,random_mean,7.946717262268066,12.844477973878384,-61.63250245312555
100,37,raw,12,random_best,7.946717262268066,12.017283841501921,-51.22324659216676
100,37,raw,12,model_route,7.946717262268066,9.119804333429784,-14.761907746883992
100,37,raw,12,model_learned,7.946717262268066,10.313119388651103,-29.778360652378908
100,37,two_opt,4,original_order,7.916368007659912,7.916368379723281,-4.699925119687128e-06
100,37,two_opt,4,exact_fixed_orientation,7.916368007659912,7.916368379723281,-4.699925119687128e-06
100,37,two_opt,4,exact_reversible,7.916368007659912,7.916368379723281,-4.699925119687128e-06
100,37,two_opt,4,greedy_pair,7.916368007659912,7.916368379723281,-4.699925119687128e-06
100,37,two_opt,4,random_mean,7.916368007659912,9.19982925010845,-16.212753641653038
100,37,two_opt,4,random_best,7.916368007659912,8.939010716509074,-12.918079450824523
100,37,two_opt,4,model_route,7.916368007659912,7.916368379723281,-4.699925119687128e-06
100,37,two_opt,4,model_learned,7.916368007659912,7.916368379723281,-4.699925119687128e-06
100,37,two_opt,8,original_order,7.916368007659912,7.916368379723281,-4.699925119687128e-06
100,37,two_opt,8,exact_fixed_orientation,7.916368007659912,7.916368379723281,-4.699925119687128e-06
100,37,two_opt,8,exact_reversible,7.916368007659912,7.916368379723281,-4.699925119687128e-06
100,37,two_opt,8,greedy_pair,7.916368007659912,7.916368379723281,-4.699925119687128e-06
100,37,two_opt,8,random_mean,7.916368007659912,10.553796061431058,-33.31613754210465
100,37,two_opt,8,random_best,7.916368007659912,9.909108776133507,-25.172411976621234
100,37,two_opt,8,model_route,7.916368007659912,7.916368379723281,-4.699925119687128e-06
100,37,two_opt,8,model_learned,7.916368007659912,7.916368379723281,-4.699925119687128e-06
100,37,two_opt,12,original_order,7.916368007659912,7.916368379723281,-4.699925119687128e-06
100,37,two_opt,12,exact_fixed_orientation,7.916368007659912,7.916368379723281,-4.699925119687128e-06
100,37,two_opt,12,exact_reversible,7.916368007659912,7.916368379723281,-4.699925119687128e-06
100,37,two_opt,12,greedy_pair,7.916368007659912,7.916368379723281,-4.699925119687128e-06
100,37,two_opt,12,random_mean,7.916368007659912,12.906128667294979,-63.03093356457094
100,37,two_opt,12,random_best,7.916368007659912,12.093216843437403,-52.762186292198066
100,37,two_opt,12,model_route,7.916368007659912,9.170714500825852,-15.84497451296136
100,37,two_opt,12,model_learned,7.916368007659912,10.317756384145468,-30.33447123936081
100,38,raw,4,original_order,7.969367027282715,7.969367143698037,-1.4607850463956923e-06
100,38,raw,4,exact_fixed_orientation,7.969367027282715,7.969367143698037,-1.4607850463956923e-06
100,38,raw,4,exact_reversible,7.969367027282715,7.969367143698037,-1.4607850463956923e-06
100,38,raw,4,greedy_pair,7.969367027282715,7.969367143698037,-1.4607850463956923e-06
100,38,raw,4,random_mean,7.969367027282715,9.280175275402144,-16.448084818178717
100,38,raw,4,random_best,7.969367027282715,7.969367143698037,-1.4607850463956923e-06
100,38,raw,4,model_route,7.969367027282715,7.969367143698037,-1.4607850463956923e-06
100,38,raw,4,model_learned,7.969367027282715,7.969367143698037,-1.4607850463956923e-06
100,38,raw,8,original_order,7.969367027282715,7.969367143698037,-1.4607850463956923e-06
100,38,raw,8,exact_fixed_orientation,7.969367027282715,7.969367143698037,-1.4607850463956923e-06
100,38,raw,8,exact_reversible,7.969367027282715,7.969367143698037,-1.4607850463956923e-06
100,38,raw,8,greedy_pair,7.969367027282715,7.969367143698037,-1.4607850463956923e-06
100,38,raw,8,random_mean,7.969367027282715,11.506288081407547,-44.38145516471216
100,38,raw,8,random_best,7.969367027282715,10.49667435605079,-31.71277367595154
100,38,raw,8,model_route,7.969367027282715,7.969367143698037,-1.4607850463956923e-06
100,38,raw,8,model_learned,7.969367027282715,7.969367143698037,-1.4607850463956923e-06
100,38,raw,12,original_order,7.969367027282715,7.969367143698037,-1.4607850463956923e-06
100,38,raw,12,exact_fixed_orientation,7.969367027282715,7.969367143698037,-1.4607850463956923e-06
100,38,raw,12,exact_reversible,7.969367027282715,7.969367143698037,-1.4607850463956923e-06
100,38,raw,12,greedy_pair,7.969367027282715,7.969367143698037,-1.4607850463956923e-06
100,38,raw,12,random_mean,7.969367027282715,13.111670496407896,-64.52587076891768
100,38,raw,12,random_best,7.969367027282715,11.570493725128472,-45.18711066409021
100,38,raw,12,model_route,7.969367027282715,7.969367143698037,-1.4607850463956923e-06
100,38,raw,12,model_learned,7.969367027282715,7.969367143698037,-1.4607850463956923e-06
100,38,two_opt,4,original_order,7.96291446685791,7.962914274074137,2.4210202652280237e-06
100,38,two_opt,4,exact_fixed_orientation,7.96291446685791,7.962914274074137,2.4210202652280237e-06
100,38,two_opt,4,exact_reversible,7.96291446685791,7.962914274074137,2.4210202652280237e-06
100,38,two_opt,4,greedy_pair,7.96291446685791,7.962914274074137,2.4210202652280237e-06
100,38,two_opt,4,random_mean,7.96291446685791,9.273722405778244,-16.461409253810135
100,38,two_opt,4,random_best,7.96291446685791,7.962914274074137,2.4210202652280237e-06
100,38,two_opt,4,model_route,7.96291446685791,7.962914274074137,2.4210202652280237e-06
100,38,two_opt,4,model_learned,7.96291446685791,7.962914274074137,2.4210202652280237e-06
100,38,two_opt,8,original_order,7.96291446685791,7.962914274074137,2.4210202652280237e-06
100,38,two_opt,8,exact_fixed_orientation,7.96291446685791,7.962914274074137,2.4210202652280237e-06
100,38,two_opt,8,exact_reversible,7.96291446685791,7.962914274074137,2.4210202652280237e-06
100,38,two_opt,8,greedy_pair,7.96291446685791,7.962914274074137,2.4210202652280237e-06
100,38,two_opt,8,random_mean,7.96291446685791,11.499835211783648,-44.41741474992099
100,38,two_opt,8,random_best,7.96291446685791,10.49022148642689,-31.738467493124173
100,38,two_opt,8,model_route,7.96291446685791,7.962914274074137,2.4210202652280237e-06
100,38,two_opt,8,model_learned,7.96291446685791,7.962914274074137,2.4210202652280237e-06
100,38,two_opt,12,original_order,7.96291446685791,7.962914274074137,2.4210202652280237e-06
100,38,two_opt,12,exact_fixed_orientation,7.96291446685791,7.962914274074137,2.4210202652280237e-06
100,38,two_opt,12,exact_reversible,7.96291446685791,7.962914274074137,2.4210202652280237e-06
100,38,two_opt,12,greedy_pair,7.96291446685791,7.962914274074137,2.4210202652280237e-06
100,38,two_opt,12,random_mean,7.96291446685791,13.059450346510857,-64.00339851526738
100,38,two_opt,12,random_best,7.96291446685791,11.492332645691931,-44.32319590425911
100,38,two_opt,12,model_route,7.96291446685791,7.962914274074137,2.4210202652280237e-06
100,38,two_opt,12,model_learned,7.96291446685791,7.962914274074137,2.4210202652280237e-06
100,39,raw,4,original_order,7.60223913192749,7.602239165455103,-4.4102286318973705e-07
100,39,raw,4,exact_fixed_orientation,7.60223913192749,7.602239165455103,-4.4102286318973705e-07
100,39,raw,4,exact_reversible,7.60223913192749,7.602239165455103,-4.4102286318973705e-07
100,39,raw,4,greedy_pair,7.60223913192749,7.602239165455103,-4.4102286318973705e-07
100,39,raw,4,random_mean,7.60223913192749,9.254569484852254,-21.73478529484021
100,39,raw,4,random_best,7.60223913192749,7.602239165455103,-4.4102286318973705e-07
100,39,raw,4,model_route,7.60223913192749,7.602239165455103,-4.4102286318973705e-07
100,39,raw,4,model_learned,7.60223913192749,7.602239165455103,-4.4102286318973705e-07
100,39,raw,8,original_order,7.60223913192749,7.602239165455103,-4.4102286318973705e-07
100,39,raw,8,exact_fixed_orientation,7.60223913192749,7.602239165455103,-4.4102286318973705e-07
100,39,raw,8,exact_reversible,7.60223913192749,7.602239165455103,-4.4102286318973705e-07
100,39,raw,8,greedy_pair,7.60223913192749,7.602239165455103,-4.4102286318973705e-07
100,39,raw,8,random_mean,7.60223913192749,11.477908808737993,-50.98063359430074
100,39,raw,8,random_best,7.60223913192749,10.188797369599342,-34.02363688888658
100,39,raw,8,model_route,7.60223913192749,7.602239165455103,-4.4102286318973705e-07
100,39,raw,8,model_learned,7.60223913192749,7.602239165455103,-4.4102286318973705e-07
100,39,raw,12,original_order,7.60223913192749,7.602239165455103,-4.4102286318973705e-07
100,39,raw,12,exact_fixed_orientation,7.60223913192749,7.602239165455103,-4.4102286318973705e-07
100,39,raw,12,exact_reversible,7.60223913192749,7.602239165455103,-4.4102286318973705e-07
100,39,raw,12,greedy_pair,7.60223913192749,7.602239165455103,-4.4102286318973705e-07
100,39,raw,12,random_mean,7.60223913192749,12.919631665572524,-69.94508382817536
100,39,raw,12,random_best,7.60223913192749,11.797118491493165,-55.179523910899334
100,39,raw,12,model_route,7.60223913192749,7.602239165455103,-4.4102286318973705e-07
100,39,raw,12,model_learned,7.60223913192749,8.718337681144476,-14.681181818257372
100,39,two_opt,4,original_order,7.60223913192749,7.602239165455103,-4.4102286318973705e-07
100,39,two_opt,4,exact_fixed_orientation,7.60223913192749,7.602239165455103,-4.4102286318973705e-07
100,39,two_opt,4,exact_reversible,7.60223913192749,7.602239165455103,-4.4102286318973705e-07
100,39,two_opt,4,greedy_pair,7.60223913192749,7.602239165455103,-4.4102286318973705e-07
100,39,two_opt,4,random_mean,7.60223913192749,9.254569484852254,-21.73478529484021
100,39,two_opt,4,random_best,7.60223913192749,7.602239165455103,-4.4102286318973705e-07
100,39,two_opt,4,model_route,7.60223913192749,7.602239165455103,-4.4102286318973705e-07
100,39,two_opt,4,model_learned,7.60223913192749,7.602239165455103,-4.4102286318973705e-07
100,39,two_opt,8,original_order,7.60223913192749,7.602239165455103,-4.4102286318973705e-07
100,39,two_opt,8,exact_fixed_orientation,7.60223913192749,7.602239165455103,-4.4102286318973705e-07
100,39,two_opt,8,exact_reversible,7.60223913192749,7.602239165455103,-4.4102286318973705e-07
100,39,two_opt,8,greedy_pair,7.60223913192749,7.602239165455103,-4.4102286318973705e-07
100,39,two_opt,8,random_mean,7.60223913192749,11.477908808737993,-50.98063359430074
100,39,two_opt,8,random_best,7.60223913192749,10.188797369599342,-34.02363688888658
100,39,two_opt,8,model_route,7.60223913192749,7.602239165455103,-4.4102286318973705e-07
100,39,two_opt,8,model_learned,7.60223913192749,7.602239165455103,-4.4102286318973705e-07
100,39,two_opt,12,original_order,7.60223913192749,7.602239165455103,-4.4102286318973705e-07
100,39,two_opt,12,exact_fixed_orientation,7.60223913192749,7.602239165455103,-4.4102286318973705e-07
100,39,two_opt,12,exact_reversible,7.60223913192749,7.602239165455103,-4.4102286318973705e-07
100,39,two_opt,12,greedy_pair,7.60223913192749,7.602239165455103,-4.4102286318973705e-07
100,39,two_opt,12,random_mean,7.60223913192749,12.919631665572524,-69.94508382817536
100,39,two_opt,12,random_best,7.60223913192749,11.797118491493165,-55.179523910899334
100,39,two_opt,12,model_route,7.60223913192749,7.602239165455103,-4.4102286318973705e-07
100,39,two_opt,12,model_learned,7.60223913192749,8.718337681144476,-14.681181818257372
100,40,raw,4,original_order,7.9711995124816895,7.971199949155562,-5.478145058206954e-06
100,40,raw,4,exact_fixed_orientation,7.9711995124816895,7.971199949155562,-5.478145058206954e-06
100,40,raw,4,exact_reversible,7.9711995124816895,7.971199949155562,-5.478145058206954e-06
100,40,raw,4,greedy_pair,7.9711995124816895,7.971199949155562,-5.478145058206954e-06
100,40,raw,4,random_mean,7.9711995124816895,9.208379666204564,-15.52062712500971
100,40,raw,4,random_best,7.9711995124816895,7.971199949155562,-5.478145058206954e-06
100,40,raw,4,model_route,7.9711995124816895,7.971199949155562,-5.478145058206954e-06
100,40,raw,4,model_learned,7.9711995124816895,7.971199949155562,-5.478145058206954e-06
100,40,raw,8,original_order,7.9711995124816895,7.971199949155562,-5.478145058206954e-06
100,40,raw,8,exact_fixed_orientation,7.9711995124816895,7.971199949155562,-5.478145058206954e-06
100,40,raw,8,exact_reversible,7.9711995124816895,7.971199949155562,-5.478145058206954e-06
100,40,raw,8,greedy_pair,7.9711995124816895,9.157361422549002,-14.88059492438952
100,40,raw,8,random_mean,7.9711995124816895,11.36291352182161,-42.54960629236555
100,40,raw,8,random_best,7.9711995124816895,10.320769929210655,-29.47574468622815
100,40,raw,8,model_route,7.9711995124816895,9.22346334240865,-15.709854306947216
100,40,raw,8,model_learned,7.9711995124816895,7.971199949155562,-5.478145058206954e-06
100,40,raw,12,original_order,7.9711995124816895,7.971199949155562,-5.478145058206954e-06
100,40,raw,12,exact_fixed_orientation,7.9711995124816895,7.971199949155562,-5.478145058206954e-06
100,40,raw,12,exact_reversible,7.9711995124816895,7.971199949155562,-5.478145058206954e-06
100,40,raw,12,greedy_pair,7.9711995124816895,7.971199949155562,-5.478145058206954e-06
100,40,raw,12,random_mean,7.9711995124816895,13.035542434663512,-63.533009232196854
100,40,raw,12,random_best,7.9711995124816895,12.116748274187557,-52.006586401639645
100,40,raw,12,model_route,7.9711995124816895,9.24784769571852,-16.015760002466283
100,40,raw,12,model_learned,7.9711995124816895,7.971199949155562,-5.478145058206954e-06
100,40,two_opt,4,original_order,7.908422470092773,7.908422767068259,-3.755179836479157e-06
100,40,two_opt,4,exact_fixed_orientation,7.908422470092773,7.908422767068259,-3.755179836479157e-06
100,40,two_opt,4,exact_reversible,7.908422470092773,7.908422767068259,-3.755179836479157e-06
100,40,two_opt,4,greedy_pair,7.908422470092773,7.908422767068259,-3.755179836479157e-06
100,40,two_opt,4,random_mean,7.908422470092773,9.145602484117262,-15.643828066888481
100,40,two_opt,4,random_best,7.908422470092773,7.908422767068259,-3.755179836479157e-06
100,40,two_opt,4,model_route,7.908422470092773,7.908422767068259,-3.755179836479157e-06
100,40,two_opt,4,model_learned,7.908422470092773,7.908422767068259,-3.755179836479157e-06
100,40,two_opt,8,original_order,7.908422470092773,7.908422767068259,-3.755179836479157e-06
100,40,two_opt,8,exact_fixed_orientation,7.908422470092773,7.908422767068259,-3.755179836479157e-06
100,40,two_opt,8,exact_reversible,7.908422470092773,7.908422767068259,-3.755179836479157e-06
100,40,two_opt,8,greedy_pair,7.908422470092773,9.0945842404617,-14.998715291888185
100,40,two_opt,8,random_mean,7.908422470092773,11.402926396462135,-44.18711746349544
100,40,two_opt,8,random_best,7.908422470092773,10.336171737755649,-30.698274868899304
100,40,two_opt,8,model_route,7.908422470092773,9.290226115728728,-17.472557275000323
100,40,two_opt,8,model_learned,7.908422470092773,7.908422767068259,-3.755179836479157e-06
100,40,two_opt,12,original_order,7.908422470092773,7.908422767068259,-3.755179836479157e-06
100,40,two_opt,12,exact_fixed_orientation,7.908422470092773,7.908422767068259,-3.755179836479157e-06
100,40,two_opt,12,exact_reversible,7.908422470092773,7.908422767068259,-3.755179836479157e-06
100,40,two_opt,12,greedy_pair,7.908422470092773,7.908422767068259,-3.755179836479157e-06
100,40,two_opt,12,random_mean,7.908422470092773,13.043975986656733,-64.93777407548784
100,40,two_opt,12,random_best,7.908422470092773,11.987207447062247,-51.575203428928916
100,40,two_opt,12,model_route,7.908422470092773,7.908422767068259,-3.755179836479157e-06
100,40,two_opt,12,model_learned,7.908422470092773,7.908422767068259,-3.755179836479157e-06
100,41,raw,4,original_order,7.57034969329834,7.570350277703255,-7.719655488154766e-06
100,41,raw,4,exact_fixed_orientation,7.57034969329834,7.570350277703255,-7.719655488154766e-06
100,41,raw,4,exact_reversible,7.57034969329834,7.570350277703255,-7.719655488154766e-06
100,41,raw,4,greedy_pair,7.57034969329834,7.570350277703255,-7.719655488154766e-06
100,41,raw,4,random_mean,7.57034969329834,9.154410806950182,-20.924543486467126
100,41,raw,4,random_best,7.57034969329834,8.888898018281907,-17.417271042985153
100,41,raw,4,model_route,7.57034969329834,7.570350277703255,-7.719655488154766e-06
100,41,raw,4,model_learned,7.57034969329834,7.570350277703255,-7.719655488154766e-06
100,41,raw,8,original_order,7.57034969329834,7.570350277703255,-7.719655488154766e-06
100,41,raw,8,exact_fixed_orientation,7.57034969329834,7.570350277703255,-7.719655488154766e-06
100,41,raw,8,exact_reversible,7.57034969329834,7.570350277703255,-7.719655488154766e-06
100,41,raw,8,greedy_pair,7.57034969329834,7.570350277703255,-7.719655488154766e-06
100,41,raw,8,random_mean,7.57034969329834,10.604263548739254,-40.07627095650139
100,41,raw,8,random_best,7.57034969329834,9.735007354523987,-28.59389260633379
100,41,raw,8,model_route,7.57034969329834,7.570350277703255,-7.719655488154766e-06
100,41,raw,8,model_learned,7.57034969329834,8.659033502917737,-14.38089194985478
100,41,raw,12,original_order,7.57034969329834,7.570350277703255,-7.719655488154766e-06
100,41,raw,12,exact_fixed_orientation,7.57034969329834,7.570350277703255,-7.719655488154766e-06
100,41,raw,12,exact_reversible,7.57034969329834,7.570350277703255,-7.719655488154766e-06
100,41,raw,12,greedy_pair,7.57034969329834,7.570350277703255,-7.719655488154766e-06
100,41,raw,12,random_mean,7.57034969329834,12.463772712741047,-64.63932602445848
100,41,raw,12,random_best,7.57034969329834,11.271820988040417,-48.89432383841937
100,41,raw,12,model_route,7.57034969329834,7.570350277703255,-7.719655488154766e-06
100,41,raw,12,model_learned,7.57034969329834,7.570350277703255,-7.719655488154766e-06
100,41,two_opt,4,original_order,7.57034969329834,7.570350277703255,-7.719655488154766e-06
100,41,two_opt,4,exact_fixed_orientation,7.57034969329834,7.570350277703255,-7.719655488154766e-06
100,41,two_opt,4,exact_reversible,7.57034969329834,7.570350277703255,-7.719655488154766e-06
100,41,two_opt,4,greedy_pair,7.57034969329834,7.570350277703255,-7.719655488154766e-06
100,41,two_opt,4,random_mean,7.57034969329834,9.154410806950182,-20.924543486467126
100,41,two_opt,4,random_best,7.57034969329834,8.888898018281907,-17.417271042985153
100,41,two_opt,4,model_route,7.57034969329834,7.570350277703255,-7.719655488154766e-06
100,41,two_opt,4,model_learned,7.57034969329834,7.570350277703255,-7.719655488154766e-06
100,41,two_opt,8,original_order,7.57034969329834,7.570350277703255,-7.719655488154766e-06
100,41,two_opt,8,exact_fixed_orientation,7.57034969329834,7.570350277703255,-7.719655488154766e-06
100,41,two_opt,8,exact_reversible,7.57034969329834,7.570350277703255,-7.719655488154766e-06
100,41,two_opt,8,greedy_pair,7.57034969329834,7.570350277703255,-7.719655488154766e-06
100,41,two_opt,8,random_mean,7.57034969329834,10.604263548739254,-40.07627095650139
100,41,two_opt,8,random_best,7.57034969329834,9.735007354523987,-28.59389260633379
100,41,two_opt,8,model_route,7.57034969329834,7.570350277703255,-7.719655488154766e-06
100,41,two_opt,8,model_learned,7.57034969329834,8.659033502917737,-14.38089194985478
100,41,two_opt,12,original_order,7.57034969329834,7.570350277703255,-7.719655488154766e-06
100,41,two_opt,12,exact_fixed_orientation,7.57034969329834,7.570350277703255,-7.719655488154766e-06
100,41,two_opt,12,exact_reversible,7.57034969329834,7.570350277703255,-7.719655488154766e-06
100,41,two_opt,12,greedy_pair,7.57034969329834,7.570350277703255,-7.719655488154766e-06
100,41,two_opt,12,random_mean,7.57034969329834,12.463772712741047,-64.63932602445848
100,41,two_opt,12,random_best,7.57034969329834,11.271820988040417,-48.89432383841937
100,41,two_opt,12,model_route,7.57034969329834,7.570350277703255,-7.719655488154766e-06
100,41,two_opt,12,model_learned,7.57034969329834,7.570350277703255,-7.719655488154766e-06
100,42,raw,4,original_order,7.7944488525390625,7.794449389912188,-6.894305623393505e-06
100,42,raw,4,exact_fixed_orientation,7.7944488525390625,7.794449389912188,-6.894305623393505e-06
100,42,raw,4,exact_reversible,7.7944488525390625,7.794449389912188,-6.894305623393505e-06
100,42,raw,4,greedy_pair,7.7944488525390625,7.794449389912188,-6.894305623393505e-06
100,42,raw,4,random_mean,7.7944488525390625,9.14503940101713,-17.327595241555898
100,42,raw,4,random_best,7.7944488525390625,7.794449389912188,-6.894305623393505e-06
100,42,raw,4,model_route,7.7944488525390625,7.794449389912188,-6.894305623393505e-06
100,42,raw,4,model_learned,7.7944488525390625,7.794449389912188,-6.894305623393505e-06
100,42,raw,8,original_order,7.7944488525390625,7.794449389912188,-6.894305623393505e-06
100,42,raw,8,exact_fixed_orientation,7.7944488525390625,7.794449389912188,-6.894305623393505e-06
100,42,raw,8,exact_reversible,7.7944488525390625,7.794449389912188,-6.894305623393505e-06
100,42,raw,8,greedy_pair,7.7944488525390625,7.794449389912188,-6.894305623393505e-06
100,42,raw,8,random_mean,7.7944488525390625,11.892099262215197,-52.57139391377639
100,42,raw,8,random_best,7.7944488525390625,10.43958540726453,-33.936158986581944
100,42,raw,8,model_route,7.7944488525390625,7.794449389912188,-6.894305623393505e-06
100,42,raw,8,model_learned,7.7944488525390625,7.794449389912188,-6.894305623393505e-06
100,42,raw,12,original_order,7.7944488525390625,7.794449389912188,-6.894305623393505e-06
100,42,raw,12,exact_fixed_orientation,7.7944488525390625,7.794449389912188,-6.894305623393505e-06
100,42,raw,12,exact_reversible,7.7944488525390625,7.794449389912188,-6.894305623393505e-06
100,42,raw,12,greedy_pair,7.7944488525390625,7.794449389912188,-6.894305623393505e-06
100,42,raw,12,random_mean,7.7944488525390625,13.49660420883447,-73.1566203611422
100,42,raw,12,random_best,7.7944488525390625,12.547934715636075,-60.98552897102598
100,42,raw,12,model_route,7.7944488525390625,7.794449389912188,-6.894305623393505e-06
100,42,raw,12,model_learned,7.7944488525390625,7.794449389912188,-6.894305623393505e-06
100,42,two_opt,4,original_order,7.765407085418701,7.7654071459546685,-7.795594832842183e-07
100,42,two_opt,4,exact_fixed_orientation,7.765407085418701,7.7654071459546685,-7.795594832842183e-07
100,42,two_opt,4,exact_reversible,7.765407085418701,7.7654071459546685,-7.795594832842183e-07
100,42,two_opt,4,greedy_pair,7.765407085418701,7.7654071459546685,-7.795594832842183e-07
100,42,two_opt,4,random_mean,7.765407085418701,9.058643113821745,-16.65380854059004
100,42,two_opt,4,random_best,7.765407085418701,7.7654071459546685,-7.795594832842183e-07
100,42,two_opt,4,model_route,7.765407085418701,7.7654071459546685,-7.795594832842183e-07
100,42,two_opt,4,model_learned,7.765407085418701,7.7654071459546685,-7.795594832842183e-07
100,42,two_opt,8,original_order,7.765407085418701,7.7654071459546685,-7.795594832842183e-07
100,42,two_opt,8,exact_fixed_orientation,7.765407085418701,7.7654071459546685,-7.795594832842183e-07
100,42,two_opt,8,exact_reversible,7.765407085418701,7.7654071459546685,-7.795594832842183e-07
100,42,two_opt,8,greedy_pair,7.765407085418701,7.7654071459546685,-7.795594832842183e-07
100,42,two_opt,8,random_mean,7.765407085418701,11.862815261818469,-52.76488574686024
100,42,two_opt,8,random_best,7.765407085418701,10.407615025527775,-34.025362882396905
100,42,two_opt,8,model_route,7.765407085418701,7.7654071459546685,-7.795594832842183e-07
100,42,two_opt,8,model_learned,7.765407085418701,7.7654071459546685,-7.795594832842183e-07
100,42,two_opt,12,original_order,7.765407085418701,7.7654071459546685,-7.795594832842183e-07
100,42,two_opt,12,exact_fixed_orientation,7.765407085418701,7.7654071459546685,-7.795594832842183e-07
100,42,two_opt,12,exact_reversible,7.765407085418701,7.7654071459546685,-7.795594832842183e-07
100,42,two_opt,12,greedy_pair,7.765407085418701,7.7654071459546685,-7.795594832842183e-07
100,42,two_opt,12,random_mean,7.765407085418701,13.448806227184832,-73.18868256679023
100,42,two_opt,12,random_best,7.765407085418701,12.559153799898922,-61.73207227579297
100,42,two_opt,12,model_route,7.765407085418701,7.7654071459546685,-7.795594832842183e-07
100,42,two_opt,12,model_learned,7.765407085418701,8.742921468801796,-12.58806360864968
100,43,raw,4,original_order,7.499762058258057,7.4997624615207314,-5.3770062526779226e-06
100,43,raw,4,exact_fixed_orientation,7.499762058258057,7.4997624615207314,-5.3770062526779226e-06
100,43,raw,4,exact_reversible,7.499762058258057,7.4997624615207314,-5.3770062526779226e-06
100,43,raw,4,greedy_pair,7.499762058258057,7.4997624615207314,-5.3770062526779226e-06
100,43,raw,4,random_mean,7.499762058258057,9.003597581759095,-20.05177646729674
100,43,raw,4,random_best,7.499762058258057,7.4997624615207314,-5.3770062526779226e-06
100,43,raw,4,model_route,7.499762058258057,7.4997624615207314,-5.3770062526779226e-06
100,43,raw,4,model_learned,7.499762058258057,7.4997624615207314,-5.3770062526779226e-06
100,43,raw,8,original_order,7.499762058258057,7.4997624615207314,-5.3770062526779226e-06
100,43,raw,8,exact_fixed_orientation,7.499762058258057,7.4997624615207314,-5.3770062526779226e-06
100,43,raw,8,exact_reversible,7.499762058258057,7.4997624615207314,-5.3770062526779226e-06
100,43,raw,8,greedy_pair,7.499762058258057,7.4997624615207314,-5.3770062526779226e-06
100,43,raw,8,random_mean,7.499762058258057,11.061381900683045,-47.48977120551787
100,43,raw,8,random_best,7.499762058258057,10.494248216040432,-39.92774883417961
100,43,raw,8,model_route,7.499762058258057,7.4997624615207314,-5.3770062526779226e-06
100,43,raw,8,model_learned,7.499762058258057,7.4997624615207314,-5.3770062526779226e-06
100,43,raw,12,original_order,7.499762058258057,7.4997624615207314,-5.3770062526779226e-06
100,43,raw,12,exact_fixed_orientation,7.499762058258057,7.4997624615207314,-5.3770062526779226e-06
100,43,raw,12,exact_reversible,7.499762058258057,7.4997624615207314,-5.3770062526779226e-06
100,43,raw,12,greedy_pair,7.499762058258057,7.4997624615207314,-5.3770062526779226e-06
100,43,raw,12,random_mean,7.499762058258057,12.514937159605324,-66.87112287549193
100,43,raw,12,random_best,7.499762058258057,11.77320003695786,-56.9809808031747
100,43,raw,12,model_route,7.499762058258057,7.4997624615207314,-5.3770062526779226e-06
100,43,raw,12,model_learned,7.499762058258057,7.4997624615207314,-5.3770062526779226e-06
100,43,two_opt,4,original_order,7.486317157745361,7.486316726543009,5.759872884905011e-06
100,43,two_opt,4,exact_fixed_orientation,7.486317157745361,7.486316726543009,5.759872884905011e-06
100,43,two_opt,4,exact_reversible,7.486317157745361,7.486316726543009,5.759872884905011e-06
100,43,two_opt,4,greedy_pair,7.486317157745361,7.486316726543009,5.759872884905011e-06
100,43,two_opt,4,random_mean,7.486317157745361,8.990151846781373,-20.087776904831514
100,43,two_opt,4,random_best,7.486317157745361,7.486316726543009,5.759872884905011e-06
100,43,two_opt,4,model_route,7.486317157745361,7.486316726543009,5.759872884905011e-06
100,43,two_opt,4,model_learned,7.486317157745361,7.486316726543009,5.759872884905011e-06
100,43,two_opt,8,original_order,7.486317157745361,7.486316726543009,5.759872884905011e-06
100,43,two_opt,8,exact_fixed_orientation,7.486317157745361,7.486316726543009,5.759872884905011e-06
100,43,two_opt,8,exact_reversible,7.486317157745361,7.486316726543009,5.759872884905011e-06
100,43,two_opt,8,greedy_pair,7.486317157745361,7.486316726543009,5.759872884905011e-06
100,43,two_opt,8,random_mean,7.486317157745361,11.052733028307557,-47.63912342228747
100,43,two_opt,8,random_best,7.486317157745361,10.499067534692585,-40.243424282796056
100,43,two_opt,8,model_route,7.486317157745361,7.486316726543009,5.759872884905011e-06
100,43,two_opt,8,model_learned,7.486317157745361,7.486316726543009,5.759872884905011e-06
100,43,two_opt,12,original_order,7.486317157745361,7.486316726543009,5.759872884905011e-06
100,43,two_opt,12,exact_fixed_orientation,7.486317157745361,7.486316726543009,5.759872884905011e-06
100,43,two_opt,12,exact_reversible,7.486317157745361,7.486316726543009,5.759872884905011e-06
100,43,two_opt,12,greedy_pair,7.486317157745361,7.486316726543009,5.759872884905011e-06
100,43,two_opt,12,random_mean,7.486317157745361,12.521302319131792,-67.25583561707938
100,43,two_opt,12,random_best,7.486317157745361,11.790236102417111,-57.49047033385308
100,43,two_opt,12,model_route,7.486317157745361,7.486316726543009,5.759872884905011e-06
100,43,two_opt,12,model_learned,7.486317157745361,7.486316726543009,5.759872884905011e-06
100,44,raw,4,original_order,7.977739334106445,7.9777390609961,3.4234052225595697e-06
100,44,raw,4,exact_fixed_orientation,7.977739334106445,7.9777390609961,3.4234052225595697e-06
100,44,raw,4,exact_reversible,7.977739334106445,7.9777390609961,3.4234052225595697e-06
100,44,raw,4,greedy_pair,7.977739334106445,7.9777390609961,3.4234052225595697e-06
100,44,raw,4,random_mean,7.977739334106445,9.049047473119572,-13.428718263995767
100,44,raw,4,random_best,7.977739334106445,7.9777390609961,3.4234052225595697e-06
100,44,raw,4,model_route,7.977739334106445,7.9777390609961,3.4234052225595697e-06
100,44,raw,4,model_learned,7.977739334106445,7.9777390609961,3.4234052225595697e-06
100,44,raw,8,original_order,7.977739334106445,7.9777390609961,3.4234052225595697e-06
100,44,raw,8,exact_fixed_orientation,7.977739334106445,7.9777390609961,3.4234052225595697e-06
100,44,raw,8,exact_reversible,7.977739334106445,7.9777390609961,3.4234052225595697e-06
100,44,raw,8,greedy_pair,7.977739334106445,7.9777390609961,3.4234052225595697e-06
100,44,raw,8,random_mean,7.977739334106445,11.636521036038175,-45.86238718391938
100,44,raw,8,random_best,7.977739334106445,10.571987109957263,-32.51858286168721
100,44,raw,8,model_route,7.977739334106445,7.9777390609961,3.4234052225595697e-06
100,44,raw,8,model_learned,7.977739334106445,11.46400189655833,-43.699880585812174
100,44,raw,12,original_order,7.977739334106445,7.9777390609961,3.4234052225595697e-06
100,44,raw,12,exact_fixed_orientation,7.977739334106445,7.9777390609961,3.4234052225595697e-06
100,44,raw,12,exact_reversible,7.977739334106445,7.9777390609961,3.4234052225595697e-06
100,44,raw,12,greedy_pair,7.977739334106445,7.9777390609961,3.4234052225595697e-06
100,44,raw,12,random_mean,7.977739334106445,14.117334462935105,-76.95908416787512
100,44,raw,12,random_best,7.977739334106445,12.188749326160178,-52.784502171571525
100,44,raw,12,model_route,7.977739334106445,7.9777390609961,3.4234052225595697e-06
100,44,raw,12,model_learned,7.977739334106445,7.9777390609961,3.4234052225595697e-06
100,44,two_opt,4,original_order,7.977739334106445,7.9777390609961,3.4234052225595697e-06
100,44,two_opt,4,exact_fixed_orientation,7.977739334106445,7.9777390609961,3.4234052225595697e-06
100,44,two_opt,4,exact_reversible,7.977739334106445,7.9777390609961,3.4234052225595697e-06
100,44,two_opt,4,greedy_pair,7.977739334106445,7.9777390609961,3.4234052225595697e-06
100,44,two_opt,4,random_mean,7.977739334106445,9.049047473119572,-13.428718263995767
100,44,two_opt,4,random_best,7.977739334106445,7.9777390609961,3.4234052225595697e-06
100,44,two_opt,4,model_route,7.977739334106445,7.9777390609961,3.4234052225595697e-06
100,44,two_opt,4,model_learned,7.977739334106445,7.9777390609961,3.4234052225595697e-06
100,44,two_opt,8,original_order,7.977739334106445,7.9777390609961,3.4234052225595697e-06
100,44,two_opt,8,exact_fixed_orientation,7.977739334106445,7.9777390609961,3.4234052225595697e-06
100,44,two_opt,8,exact_reversible,7.977739334106445,7.9777390609961,3.4234052225595697e-06
100,44,two_opt,8,greedy_pair,7.977739334106445,7.9777390609961,3.4234052225595697e-06
100,44,two_opt,8,random_mean,7.977739334106445,11.636521036038175,-45.86238718391938
100,44,two_opt,8,random_best,7.977739334106445,10.571987109957263,-32.51858286168721
100,44,two_opt,8,model_route,7.977739334106445,7.9777390609961,3.4234052225595697e-06
100,44,two_opt,8,model_learned,7.977739334106445,11.46400189655833,-43.699880585812174
100,44,two_opt,12,original_order,7.977739334106445,7.9777390609961,3.4234052225595697e-06
100,44,two_opt,12,exact_fixed_orientation,7.977739334106445,7.9777390609961,3.4234052225595697e-06
100,44,two_opt,12,exact_reversible,7.977739334106445,7.9777390609961,3.4234052225595697e-06
100,44,two_opt,12,greedy_pair,7.977739334106445,7.9777390609961,3.4234052225595697e-06
100,44,two_opt,12,random_mean,7.977739334106445,14.117334462935105,-76.95908416787512
100,44,two_opt,12,random_best,7.977739334106445,12.188749326160178,-52.784502171571525
100,44,two_opt,12,model_route,7.977739334106445,7.9777390609961,3.4234052225595697e-06
100,44,two_opt,12,model_learned,7.977739334106445,7.9777390609961,3.4234052225595697e-06
100,45,raw,4,original_order,7.6711015701293945,7.671100805979222,9.961413826764265e-06
100,45,raw,4,exact_fixed_orientation,7.6711015701293945,7.671100805979222,9.961413826764265e-06
100,45,raw,4,exact_reversible,7.6711015701293945,7.671100805979222,9.961413826764265e-06
100,45,raw,4,greedy_pair,7.6711015701293945,7.671100805979222,9.961413826764265e-06
100,45,raw,4,random_mean,7.6711015701293945,8.627673113252968,-12.469806772581135
100,45,raw,4,random_best,7.6711015701293945,7.671100805979222,9.961413826764265e-06
100,45,raw,4,model_route,7.6711015701293945,7.671100805979222,9.961413826764265e-06
100,45,raw,4,model_learned,7.6711015701293945,7.671100805979222,9.961413826764265e-06
100,45,raw,8,original_order,7.6711015701293945,7.671100805979222,9.961413826764265e-06
100,45,raw,8,exact_fixed_orientation,7.6711015701293945,7.671100805979222,9.961413826764265e-06
100,45,raw,8,exact_reversible,7.6711015701293945,7.671100805979222,9.961413826764265e-06
100,45,raw,8,greedy_pair,7.6711015701293945,7.671100805979222,9.961413826764265e-06
100,45,raw,8,random_mean,7.6711015701293945,12.095407856628299,-57.67497987155808
100,45,raw,8,random_best,7.6711015701293945,11.044796235393733,-43.97927252588094
100,45,raw,8,model_route,7.6711015701293945,7.671100805979222,9.961413826764265e-06
100,45,raw,8,model_learned,7.6711015701293945,7.671100805979222,9.961413826764265e-06
100,45,raw,12,original_order,7.6711015701293945,7.671100805979222,9.961413826764265e-06
100,45,raw,12,exact_fixed_orientation,7.6711015701293945,7.671100805979222,9.961413826764265e-06
100,45,raw,12,exact_reversible,7.6711015701293945,7.671100805979222,9.961413826764265e-06
100,45,raw,12,greedy_pair,7.6711015701293945,7.671100805979222,9.961413826764265e-06
100,45,raw,12,random_mean,7.6711015701293945,13.938528559170663,-81.701786004843
100,45,raw,12,random_best,7.6711015701293945,12.939493640791625,-68.6784293298487
100,45,raw,12,model_route,7.6711015701293945,7.671100805979222,9.961413826764265e-06
100,45,raw,12,model_learned,7.6711015701293945,7.671100805979222,9.961413826764265e-06
100,45,two_opt,4,original_order,7.601651191711426,7.601650876458734,4.1471607096505556e-06
100,45,two_opt,4,exact_fixed_orientation,7.601651191711426,7.601650876458734,4.1471607096505556e-06
100,45,two_opt,4,exact_reversible,7.601651191711426,7.601650876458734,4.1471607096505556e-06
100,45,two_opt,4,greedy_pair,7.601651191711426,7.601650876458734,4.1471607096505556e-06
100,45,two_opt,4,random_mean,7.601651191711426,8.558904805686325,-12.592706371724276
100,45,two_opt,4,random_best,7.601651191711426,7.601650876458734,4.1471607096505556e-06
100,45,two_opt,4,model_route,7.601651191711426,7.601650876458734,4.1471607096505556e-06
100,45,two_opt,4,model_learned,7.601651191711426,7.601650876458734,4.1471607096505556e-06
100,45,two_opt,8,original_order,7.601651191711426,7.601650876458734,4.1471607096505556e-06
100,45,two_opt,8,exact_fixed_orientation,7.601651191711426,7.601650876458734,4.1471607096505556e-06
100,45,two_opt,8,exact_reversible,7.601651191711426,7.601650876458734,4.1471607096505556e-06
100,45,two_opt,8,greedy_pair,7.601651191711426,7.601650876458734,4.1471607096505556e-06
100,45,two_opt,8,random_mean,7.601651191711426,12.040747225284576,-58.396470998477085
100,45,two_opt,8,random_best,7.601651191711426,11.001015396323055,-44.71876068607538
100,45,two_opt,8,model_route,7.601651191711426,7.601650876458734,4.1471607096505556e-06
100,45,two_opt,8,model_learned,7.601651191711426,7.601650876458734,4.1471607096505556e-06
100,45,two_opt,12,original_order,7.601651191711426,7.601650876458734,4.1471607096505556e-06
100,45,two_opt,12,exact_fixed_orientation,7.601651191711426,7.601650876458734,4.1471607096505556e-06
100,45,two_opt,12,exact_reversible,7.601651191711426,7.601650876458734,4.1471607096505556e-06
100,45,two_opt,12,greedy_pair,7.601651191711426,7.601650876458734,4.1471607096505556e-06
100,45,two_opt,12,random_mean,7.601651191711426,13.91045714262873,-82.99257347924889
100,45,two_opt,12,random_best,7.601651191711426,12.924376429524273,-70.0206455620663
100,45,two_opt,12,model_route,7.601651191711426,9.425374710466713,-23.991149722099998
100,45,two_opt,12,model_learned,7.601651191711426,7.601650876458734,4.1471607096505556e-06
100,46,raw,4,original_order,8.038000106811523,8.03800021391362,-1.3324470596861535e-06
100,46,raw,4,exact_fixed_orientation,8.038000106811523,8.03800021391362,-1.3324470596861535e-06
100,46,raw,4,exact_reversible,8.038000106811523,8.03800021391362,-1.3324470596861535e-06
100,46,raw,4,greedy_pair,8.038000106811523,8.03800021391362,-1.3324470596861535e-06
100,46,raw,4,random_mean,8.038000106811523,9.387850482016802,-16.793361001095217
100,46,raw,4,random_best,8.038000106811523,8.03800021391362,-1.3324470596861535e-06
100,46,raw,4,model_route,8.038000106811523,8.03800021391362,-1.3324470596861535e-06
100,46,raw,4,model_learned,8.038000106811523,8.03800021391362,-1.3324470596861535e-06
100,46,raw,8,original_order,8.038000106811523,8.03800021391362,-1.3324470596861535e-06
100,46,raw,8,exact_fixed_orientation,8.038000106811523,8.03800021391362,-1.3324470596861535e-06
100,46,raw,8,exact_reversible,8.038000106811523,8.03800021391362,-1.3324470596861535e-06
100,46,raw,8,greedy_pair,8.038000106811523,8.03800021391362,-1.3324470596861535e-06
100,46,raw,8,random_mean,8.038000106811523,11.418162369169295,-42.05227939090683
100,46,raw,8,random_best,8.038000106811523,10.050690132193267,-25.039686472212907
100,46,raw,8,model_route,8.038000106811523,8.03800021391362,-1.3324470596861535e-06
100,46,raw,8,model_learned,8.038000106811523,8.03800021391362,-1.3324470596861535e-06
100,46,raw,12,original_order,8.038000106811523,8.03800021391362,-1.3324470596861535e-06
100,46,raw,12,exact_fixed_orientation,8.038000106811523,8.03800021391362,-1.3324470596861535e-06
100,46,raw,12,exact_reversible,8.038000106811523,8.03800021391362,-1.3324470596861535e-06
100,46,raw,12,greedy_pair,8.038000106811523,8.03800021391362,-1.3324470596861535e-06
100,46,raw,12,random_mean,8.038000106811523,12.84657778404653,-59.823060628727106
100,46,raw,12,random_best,8.038000106811523,12.236421120353043,-52.232159215620236
100,46,raw,12,model_route,8.038000106811523,8.03800021391362,-1.3324470596861535e-06
100,46,raw,12,model_learned,8.038000106811523,8.03800021391362,-1.3324470596861535e-06
100,46,two_opt,4,original_order,8.026278495788574,8.02627823036164,3.306973884655038e-06
100,46,two_opt,4,exact_fixed_orientation,8.026278495788574,8.02627823036164,3.306973884655038e-06
100,46,two_opt,4,exact_reversible,8.026278495788574,8.02627823036164,3.306973884655038e-06
100,46,two_opt,4,greedy_pair,8.026278495788574,8.02627823036164,3.306973884655038e-06
100,46,two_opt,4,random_mean,8.026278495788574,9.783479294739664,-21.89309528535673
100,46,two_opt,4,random_best,8.026278495788574,8.02627823036164,3.306973884655038e-06
100,46,two_opt,4,model_route,8.026278495788574,8.02627823036164,3.306973884655038e-06
100,46,two_opt,4,model_learned,8.026278495788574,8.02627823036164,3.306973884655038e-06
100,46,two_opt,8,original_order,8.026278495788574,8.02627823036164,3.306973884655038e-06
100,46,two_opt,8,exact_fixed_orientation,8.026278495788574,8.02627823036164,3.306973884655038e-06
100,46,two_opt,8,exact_reversible,8.026278495788574,8.02627823036164,3.306973884655038e-06
100,46,two_opt,8,greedy_pair,8.026278495788574,8.02627823036164,3.306973884655038e-06
100,46,two_opt,8,random_mean,8.026278495788574,10.657276868703775,-32.77980416821691
100,46,two_opt,8,random_best,8.026278495788574,9.710991410538554,-20.98996335143313
100,46,two_opt,8,model_route,8.026278495788574,8.02627823036164,3.306973884655038e-06
100,46,two_opt,8,model_learned,8.026278495788574,8.02627823036164,3.306973884655038e-06
100,46,two_opt,12,original_order,8.026278495788574,8.02627823036164,3.306973884655038e-06
100,46,two_opt,12,exact_fixed_orientation,8.026278495788574,8.02627823036164,3.306973884655038e-06
100,46,two_opt,12,exact_reversible,8.026278495788574,8.02627823036164,3.306973884655038e-06
100,46,two_opt,12,greedy_pair,8.026278495788574,8.02627823036164,3.306973884655038e-06
100,46,two_opt,12,random_mean,8.026278495788574,13.070984605816193,-62.85236816383333
100,46,two_opt,12,random_best,8.026278495788574,11.12787508033216,-38.64302224463066
100,46,two_opt,12,model_route,8.026278495788574,8.994277893565595,-12.0603764033971
100,46,two_opt,12,model_learned,8.026278495788574,8.02627823036164,3.306973884655038e-06
100,47,raw,4,original_order,8.07889175415039,8.078892200253904,-5.5218404555505554e-06
100,47,raw,4,exact_fixed_orientation,8.07889175415039,8.078892200253904,-5.5218404555505554e-06
100,47,raw,4,exact_reversible,8.07889175415039,8.078892200253904,-5.5218404555505554e-06
100,47,raw,4,greedy_pair,8.07889175415039,8.078892200253904,-5.5218404555505554e-06
100,47,raw,4,random_mean,8.07889175415039,10.040490325540304,-24.280540339981364
100,47,raw,4,random_best,8.07889175415039,9.374122335575521,-16.032280427073776
100,47,raw,4,model_route,8.07889175415039,8.078892200253904,-5.5218404555505554e-06
100,47,raw,4,model_learned,8.07889175415039,8.078892200253904,-5.5218404555505554e-06
100,47,raw,8,original_order,8.07889175415039,8.078892200253904,-5.5218404555505554e-06
100,47,raw,8,exact_fixed_orientation,8.07889175415039,8.078892200253904,-5.5218404555505554e-06
100,47,raw,8,exact_reversible,8.07889175415039,8.078892200253904,-5.5218404555505554e-06
100,47,raw,8,greedy_pair,8.07889175415039,8.078892200253904,-5.5218404555505554e-06
100,47,raw,8,random_mean,8.07889175415039,12.206976304762065,-51.09716377238181
100,47,raw,8,random_best,8.07889175415039,10.582966811023653,-30.995279217435197
100,47,raw,8,model_route,8.07889175415039,8.078892200253904,-5.5218404555505554e-06
100,47,raw,8,model_learned,8.07889175415039,8.078892200253904,-5.5218404555505554e-06
100,47,raw,12,original_order,8.07889175415039,8.078892200253904,-5.5218404555505554e-06
100,47,raw,12,exact_fixed_orientation,8.07889175415039,8.078892200253904,-5.5218404555505554e-06
100,47,raw,12,exact_reversible,8.07889175415039,8.078892200253904,-5.5218404555505554e-06
100,47,raw,12,greedy_pair,8.07889175415039,8.078892200253904,-5.5218404555505554e-06
100,47,raw,12,random_mean,8.07889175415039,13.273100510705262,-64.29358029071793
100,47,raw,12,random_best,8.07889175415039,11.018792885355651,-36.389906198395806
100,47,raw,12,model_route,8.07889175415039,8.078892200253904,-5.5218404555505554e-06
100,47,raw,12,model_learned,8.07889175415039,8.078892200253904,-5.5218404555505554e-06
100,47,two_opt,4,original_order,8.06643295288086,8.06643274333328,2.5977725286075117e-06
100,47,two_opt,4,exact_fixed_orientation,8.06643295288086,8.06643274333328,2.5977725286075117e-06
100,47,two_opt,4,exact_reversible,8.06643295288086,8.06643274333328,2.5977725286075117e-06
100,47,two_opt,4,greedy_pair,8.06643295288086,8.06643274333328,2.5977725286075117e-06
100,47,two_opt,4,random_mean,8.06643295288086,10.02803086861968,-24.318034095086016
100,47,two_opt,4,random_best,8.06643295288086,9.361662878654897,-16.057034544760672
100,47,two_opt,4,model_route,8.06643295288086,8.06643274333328,2.5977725286075117e-06
100,47,two_opt,4,model_learned,8.06643295288086,8.06643274333328,2.5977725286075117e-06
100,47,two_opt,8,original_order,8.06643295288086,8.06643274333328,2.5977725286075117e-06
100,47,two_opt,8,exact_fixed_orientation,8.06643295288086,8.06643274333328,2.5977725286075117e-06
100,47,two_opt,8,exact_reversible,8.06643295288086,8.06643274333328,2.5977725286075117e-06
100,47,two_opt,8,greedy_pair,8.06643295288086,8.06643274333328,2.5977725286075117e-06
100,47,two_opt,8,random_mean,8.06643295288086,12.191869939677417,-51.1432625907241
100,47,two_opt,8,random_best,8.06643295288086,10.568914121948183,-31.023392665448025
100,47,two_opt,8,model_route,8.06643295288086,10.610777742229402,-31.542378201257485
100,47,two_opt,8,model_learned,8.06643295288086,8.06643274333328,2.5977725286075117e-06
100,47,two_opt,12,original_order,8.06643295288086,8.06643274333328,2.5977725286075117e-06
100,47,two_opt,12,exact_fixed_orientation,8.06643295288086,8.06643274333328,2.5977725286075117e-06
100,47,two_opt,12,exact_reversible,8.06643295288086,8.06643274333328,2.5977725286075117e-06
100,47,two_opt,12,greedy_pair,8.06643295288086,8.06643274333328,2.5977725286075117e-06
100,47,two_opt,12,random_mean,8.06643295288086,13.260641053784639,-64.39287515615823
100,47,two_opt,12,random_best,8.06643295288086,11.006333428435028,-36.44610316266507
100,47,two_opt,12,model_route,8.06643295288086,8.06643274333328,2.5977725286075117e-06
100,47,two_opt,12,model_learned,8.06643295288086,8.06643274333328,2.5977725286075117e-06
